#2026 09 21 12:03:53.817#Z#DEBUG#6a48e96a-b5b4-11f1-b631-eeee0a9b49e1.backend-db-deployer#flowable-async-job-executor-thread-86049#
[PollStageAppStatusExecution] 5fd8dc3c-33ed-4c50-a49f-c9bca4b4cad1 [2026-09-21T12:03:24.713145] Updated app with guid 5fd8dc3c-33ed-4c50-a49f-c9bca4b4cad1 ({"lifecycle"=>{"data"=>{"buildpacks"=>["nodejs_buildpack"]}, "type"=>"buildpack"}}) (STDOUT, API)#
#2026 09 21 12:03:53.817#Z#DEBUG#6a48e96a-b5b4-11f1-b631-eeee0a9b49e1.backend-db-deployer#flowable-async-job-executor-thread-86049#
[PollStageAppStatusExecution] 5fd8dc3c-33ed-4c50-a49f-c9bca4b4cad1 [2026-09-21T12:03:24.793827] Updating process: "web" (STDOUT, API)#
#2026 09 21 12:03:53.817#Z#DEBUG#6a48e96a-b5b4-11f1-b631-eeee0a9b49e1.backend-db-deployer#flowable-async-job-executor-thread-86049#
[PollStageAppStatusExecution] 5fd8dc3c-33ed-4c50-a49f-c9bca4b4cad1 [2026-09-21T12:03:32.977049] Uploading app package for app with guid 5fd8dc3c-33ed-4c50-a49f-c9bca4b4cad1 (STDOUT, API)#
#2026 09 21 12:03:53.817#Z#DEBUG#6a48e96a-b5b4-11f1-b631-eeee0a9b49e1.backend-db-deployer#flowable-async-job-executor-thread-86049#
[PollStageAppStatusExecution] 5fd8dc3c-33ed-4c50-a49f-c9bca4b4cad1 [2026-09-21T12:03:33.154313] Updated app with guid 5fd8dc3c-33ed-4c50-a49f-c9bca4b4cad1 ({"environment_variables"=>"[PRIVATE DATA HIDDEN]"}) (STDOUT, API)#
#2026 09 21 12:03:53.817#Z#DEBUG#6a48e96a-b5b4-11f1-b631-eeee0a9b49e1.backend-db-deployer#flowable-async-job-executor-thread-86049#
[PollStageAppStatusExecution] 5fd8dc3c-33ed-4c50-a49f-c9bca4b4cad1 [2026-09-21T12:03:43.173335] Creating build for app with guid 5fd8dc3c-33ed-4c50-a49f-c9bca4b4cad1 (STDOUT, API)#
#2026 09 21 12:03:53.817#Z#DEBUG#6a48e96a-b5b4-11f1-b631-eeee0a9b49e1.backend-db-deployer#flowable-async-job-executor-thread-86049#
[PollStageAppStatusExecution] 5fd8dc3c-33ed-4c50-a49f-c9bca4b4cad1 [2026-09-21T12:03:44.014418] Downloading nodejs_buildpack... (STDOUT, STG)#
#2026 09 21 12:03:53.817#Z#DEBUG#6a48e96a-b5b4-11f1-b631-eeee0a9b49e1.backend-db-deployer#flowable-async-job-executor-thread-86049#
[PollStageAppStatusExecution] 5fd8dc3c-33ed-4c50-a49f-c9bca4b4cad1 [2026-09-21T12:03:44.055806] Downloaded nodejs_buildpack (STDOUT, STG)#
#2026 09 21 12:03:53.817#Z#DEBUG#6a48e96a-b5b4-11f1-b631-eeee0a9b49e1.backend-db-deployer#flowable-async-job-executor-thread-86049#
[PollStageAppStatusExecution] 5fd8dc3c-33ed-4c50-a49f-c9bca4b4cad1 [2026-09-21T12:03:44.055917] Cell 684caff8-89cd-492b-be01-b3d0835f1763 creating container for instance d1e3b986-133b-4ce5-a980-4b5e23ec5c43 (STDOUT, STG)#
#2026 09 21 12:03:53.817#Z#DEBUG#6a48e96a-b5b4-11f1-b631-eeee0a9b49e1.backend-db-deployer#flowable-async-job-executor-thread-86049#
[PollStageAppStatusExecution] 5fd8dc3c-33ed-4c50-a49f-c9bca4b4cad1 [2026-09-21T12:03:44.749255] Security group rules were updated (STDOUT, STG)#
#2026 09 21 12:03:53.817#Z#DEBUG#6a48e96a-b5b4-11f1-b631-eeee0a9b49e1.backend-db-deployer#flowable-async-job-executor-thread-86049#
[PollStageAppStatusExecution] 5fd8dc3c-33ed-4c50-a49f-c9bca4b4cad1 [2026-09-21T12:03:44.789522] Cell 684caff8-89cd-492b-be01-b3d0835f1763 successfully created container for instance d1e3b986-133b-4ce5-a980-4b5e23ec5c43 (STDOUT, STG)#
#2026 09 21 12:03:53.817#Z#DEBUG#6a48e96a-b5b4-11f1-b631-eeee0a9b49e1.backend-db-deployer#flowable-async-job-executor-thread-86049#
[PollStageAppStatusExecution] 5fd8dc3c-33ed-4c50-a49f-c9bca4b4cad1 [2026-09-21T12:03:46.955226] Downloading app package... (STDOUT, STG)#
#2026 09 21 12:03:53.817#Z#DEBUG#6a48e96a-b5b4-11f1-b631-eeee0a9b49e1.backend-db-deployer#flowable-async-job-executor-thread-86049#
[PollStageAppStatusExecution] 5fd8dc3c-33ed-4c50-a49f-c9bca4b4cad1 [2026-09-21T12:03:46.955337] Downloading build artifacts cache... (STDOUT, STG)#
#2026 09 21 12:03:53.817#Z#DEBUG#6a48e96a-b5b4-11f1-b631-eeee0a9b49e1.backend-db-deployer#flowable-async-job-executor-thread-86049#
[PollStageAppStatusExecution] 5fd8dc3c-33ed-4c50-a49f-c9bca4b4cad1 [2026-09-21T12:03:47.020525] Downloaded build artifacts cache (222B) (STDOUT, STG)#
#2026 09 21 12:03:53.817#Z#DEBUG#6a48e96a-b5b4-11f1-b631-eeee0a9b49e1.backend-db-deployer#flowable-async-job-executor-thread-86049#
[PollStageAppStatusExecution] 5fd8dc3c-33ed-4c50-a49f-c9bca4b4cad1 [2026-09-21T12:03:47.319866] Downloaded app package (2.3M) (STDOUT, STG)#
#2026 09 21 12:03:53.817#Z#DEBUG#6a48e96a-b5b4-11f1-b631-eeee0a9b49e1.backend-db-deployer#flowable-async-job-executor-thread-86049#
[PollStageAppStatusExecution] 5fd8dc3c-33ed-4c50-a49f-c9bca4b4cad1 [2026-09-21T12:03:47.445661] -----> Nodejs Buildpack version 1.9.4 (STDOUT, STG)#
#2026 09 21 12:03:53.817#Z#DEBUG#6a48e96a-b5b4-11f1-b631-eeee0a9b49e1.backend-db-deployer#flowable-async-job-executor-thread-86049#
[PollStageAppStatusExecution] 5fd8dc3c-33ed-4c50-a49f-c9bca4b4cad1 [2026-09-21T12:03:47.535780] -----> Bootstrapping python (STDOUT, STG)#
#2026 09 21 12:03:53.817#Z#DEBUG#6a48e96a-b5b4-11f1-b631-eeee0a9b49e1.backend-db-deployer#flowable-async-job-executor-thread-86049#
[PollStageAppStatusExecution] 5fd8dc3c-33ed-4c50-a49f-c9bca4b4cad1 [2026-09-21T12:03:47.535820] -----> Installing python 3.13.15 (STDOUT, STG)#
#2026 09 21 12:03:53.817#Z#DEBUG#6a48e96a-b5b4-11f1-b631-eeee0a9b49e1.backend-db-deployer#flowable-async-job-executor-thread-86049#
[PollStageAppStatusExecution] 5fd8dc3c-33ed-4c50-a49f-c9bca4b4cad1 [2026-09-21T12:03:47.535961] Copy [/tmp/buildpacks/5be6efbe8830cdb7/dependencies/6832464ec708e1392d482a6034aa2c94/python_3.13.15_linux_x64_cflinuxfs4_0c9cd9fd.tgz] (STDOUT, STG)#
#2026 09 21 12:03:53.817#Z#DEBUG#6a48e96a-b5b4-11f1-b631-eeee0a9b49e1.backend-db-deployer#flowable-async-job-executor-thread-86049#
[PollStageAppStatusExecution] 5fd8dc3c-33ed-4c50-a49f-c9bca4b4cad1 [2026-09-21T12:03:51.984086] -----> Installing binaries (STDOUT, STG)#
#2026 09 21 12:03:53.817#Z#DEBUG#6a48e96a-b5b4-11f1-b631-eeee0a9b49e1.backend-db-deployer#flowable-async-job-executor-thread-86049#
[PollStageAppStatusExecution] 5fd8dc3c-33ed-4c50-a49f-c9bca4b4cad1 [2026-09-21T12:03:51.984181] engines.node (package.json): ^24 (STDOUT, STG)#
#2026 09 21 12:03:53.817#Z#DEBUG#6a48e96a-b5b4-11f1-b631-eeee0a9b49e1.backend-db-deployer#flowable-async-job-executor-thread-86049#
[PollStageAppStatusExecution] 5fd8dc3c-33ed-4c50-a49f-c9bca4b4cad1 [2026-09-21T12:03:51.984188] engines.npm (package.json): unspecified (use default) (STDOUT, STG)#
#2026 09 21 12:03:53.817#Z#DEBUG#6a48e96a-b5b4-11f1-b631-eeee0a9b49e1.backend-db-deployer#flowable-async-job-executor-thread-86049#
[PollStageAppStatusExecution] 5fd8dc3c-33ed-4c50-a49f-c9bca4b4cad1 [2026-09-21T12:03:51.984431] -----> Installing node 24.19.0 (STDOUT, STG)#
#2026 09 21 12:03:53.817#Z#DEBUG#6a48e96a-b5b4-11f1-b631-eeee0a9b49e1.backend-db-deployer#flowable-async-job-executor-thread-86049#
[PollStageAppStatusExecution] 5fd8dc3c-33ed-4c50-a49f-c9bca4b4cad1 [2026-09-21T12:03:51.984703] Copy [/tmp/buildpacks/5be6efbe8830cdb7/dependencies/cf9035c55d85610a9158faa009b7a7b5/node_24.19.0_linux_x64_cflinuxfs4_9ab26efa.tgz] (STDOUT, STG)#
#2026 09 21 12:04:03.658#Z#DEBUG#6a48e96a-b5b4-11f1-b631-eeee0a9b49e1.backend-db-deployer#flowable-async-job-executor-thread-139337#
[PollStageAppStatusExecution] 5fd8dc3c-33ed-4c50-a49f-c9bca4b4cad1 [2026-09-21T12:03:54.695146] Using default npm version: 11.17.0 (STDOUT, STG)#
#2026 09 21 12:04:03.658#Z#DEBUG#6a48e96a-b5b4-11f1-b631-eeee0a9b49e1.backend-db-deployer#flowable-async-job-executor-thread-139337#
[PollStageAppStatusExecution] 5fd8dc3c-33ed-4c50-a49f-c9bca4b4cad1 [2026-09-21T12:03:54.695184] -----> Installing yarn 1.22.22 (STDOUT, STG)#
#2026 09 21 12:04:03.658#Z#DEBUG#6a48e96a-b5b4-11f1-b631-eeee0a9b49e1.backend-db-deployer#flowable-async-job-executor-thread-139337#
[PollStageAppStatusExecution] 5fd8dc3c-33ed-4c50-a49f-c9bca4b4cad1 [2026-09-21T12:03:54.695378] Copy [/tmp/buildpacks/5be6efbe8830cdb7/dependencies/e4fe26756e9984a665478d350474fa2e/yarn_1.22.22_linux_noarch_any-stack_b6132b86.tgz] (STDOUT, STG)#
#2026 09 21 12:04:03.658#Z#DEBUG#6a48e96a-b5b4-11f1-b631-eeee0a9b49e1.backend-db-deployer#flowable-async-job-executor-thread-139337#
[PollStageAppStatusExecution] 5fd8dc3c-33ed-4c50-a49f-c9bca4b4cad1 [2026-09-21T12:03:55.124312] Installed yarn 1.22.22 (STDOUT, STG)#
#2026 09 21 12:04:03.658#Z#DEBUG#6a48e96a-b5b4-11f1-b631-eeee0a9b49e1.backend-db-deployer#flowable-async-job-executor-thread-139337#
[PollStageAppStatusExecution] 5fd8dc3c-33ed-4c50-a49f-c9bca4b4cad1 [2026-09-21T12:03:55.124345] -----> Creating runtime environment (STDOUT, STG)#
#2026 09 21 12:04:03.658#Z#DEBUG#6a48e96a-b5b4-11f1-b631-eeee0a9b49e1.backend-db-deployer#flowable-async-job-executor-thread-139337#
[PollStageAppStatusExecution] 5fd8dc3c-33ed-4c50-a49f-c9bca4b4cad1 [2026-09-21T12:03:55.126263] NODE_ENV=production (STDOUT, STG)#
#2026 09 21 12:04:03.658#Z#DEBUG#6a48e96a-b5b4-11f1-b631-eeee0a9b49e1.backend-db-deployer#flowable-async-job-executor-thread-139337#
[PollStageAppStatusExecution] 5fd8dc3c-33ed-4c50-a49f-c9bca4b4cad1 [2026-09-21T12:03:55.126289] NODE_HOME=/tmp/contents3075348471/deps/0/node (STDOUT, STG)#
#2026 09 21 12:04:03.658#Z#DEBUG#6a48e96a-b5b4-11f1-b631-eeee0a9b49e1.backend-db-deployer#flowable-async-job-executor-thread-139337#
[PollStageAppStatusExecution] 5fd8dc3c-33ed-4c50-a49f-c9bca4b4cad1 [2026-09-21T12:03:55.126293] NODE_MODULES_CACHE=true (STDOUT, STG)#
#2026 09 21 12:04:03.658#Z#DEBUG#6a48e96a-b5b4-11f1-b631-eeee0a9b49e1.backend-db-deployer#flowable-async-job-executor-thread-139337#
[PollStageAppStatusExecution] 5fd8dc3c-33ed-4c50-a49f-c9bca4b4cad1 [2026-09-21T12:03:55.126298] NODE_VERBOSE=false (STDOUT, STG)#
#2026 09 21 12:04:03.658#Z#DEBUG#6a48e96a-b5b4-11f1-b631-eeee0a9b49e1.backend-db-deployer#flowable-async-job-executor-thread-139337#
[PollStageAppStatusExecution] 5fd8dc3c-33ed-4c50-a49f-c9bca4b4cad1 [2026-09-21T12:03:55.126302] NPM_CONFIG_LOGLEVEL=error (STDOUT, STG)#
#2026 09 21 12:04:03.658#Z#DEBUG#6a48e96a-b5b4-11f1-b631-eeee0a9b49e1.backend-db-deployer#flowable-async-job-executor-thread-139337#
[PollStageAppStatusExecution] 5fd8dc3c-33ed-4c50-a49f-c9bca4b4cad1 [2026-09-21T12:03:55.126308] NPM_CONFIG_PRODUCTION=true (STDOUT, STG)#
#2026 09 21 12:04:03.658#Z#DEBUG#6a48e96a-b5b4-11f1-b631-eeee0a9b49e1.backend-db-deployer#flowable-async-job-executor-thread-139337#
[PollStageAppStatusExecution] 5fd8dc3c-33ed-4c50-a49f-c9bca4b4cad1 [2026-09-21T12:03:55.126334] -----> Building dependencies (STDOUT, STG)#
#2026 09 21 12:04:03.658#Z#DEBUG#6a48e96a-b5b4-11f1-b631-eeee0a9b49e1.backend-db-deployer#flowable-async-job-executor-thread-139337#
[PollStageAppStatusExecution] 5fd8dc3c-33ed-4c50-a49f-c9bca4b4cad1 [2026-09-21T12:03:55.126338] Prebuild detected (node_modules already exists) (STDOUT, STG)#
#2026 09 21 12:04:03.658#Z#DEBUG#6a48e96a-b5b4-11f1-b631-eeee0a9b49e1.backend-db-deployer#flowable-async-job-executor-thread-139337#
[PollStageAppStatusExecution] 5fd8dc3c-33ed-4c50-a49f-c9bca4b4cad1 [2026-09-21T12:03:55.126346] Rebuilding any native modules (STDOUT, STG)#
#2026 09 21 12:04:03.658#Z#DEBUG#6a48e96a-b5b4-11f1-b631-eeee0a9b49e1.backend-db-deployer#flowable-async-job-executor-thread-139337#
[PollStageAppStatusExecution] 5fd8dc3c-33ed-4c50-a49f-c9bca4b4cad1 [2026-09-21T12:03:55.786781] rebuilt dependencies successfully (STDOUT, STG)#
#2026 09 21 12:04:03.658#Z#DEBUG#6a48e96a-b5b4-11f1-b631-eeee0a9b49e1.backend-db-deployer#flowable-async-job-executor-thread-139337#
[PollStageAppStatusExecution] 5fd8dc3c-33ed-4c50-a49f-c9bca4b4cad1 [2026-09-21T12:03:55.873331] Installing any new modules (package.json + package-lock.json) (STDOUT, STG)#
#2026 09 21 12:04:03.658#Z#DEBUG#6a48e96a-b5b4-11f1-b631-eeee0a9b49e1.backend-db-deployer#flowable-async-job-executor-thread-139337#
[PollStageAppStatusExecution] 5fd8dc3c-33ed-4c50-a49f-c9bca4b4cad1 [2026-09-21T12:03:56.415159] up to date in 441ms (STDOUT, STG)#
#2026 09 21 12:04:03.658#Z#DEBUG#6a48e96a-b5b4-11f1-b631-eeee0a9b49e1.backend-db-deployer#flowable-async-job-executor-thread-139337#
[PollStageAppStatusExecution] 5fd8dc3c-33ed-4c50-a49f-c9bca4b4cad1 [2026-09-21T12:03:56.416339] 4 packages are looking for funding (STDOUT, STG)#
#2026 09 21 12:04:03.658#Z#DEBUG#6a48e96a-b5b4-11f1-b631-eeee0a9b49e1.backend-db-deployer#flowable-async-job-executor-thread-139337#
[PollStageAppStatusExecution] 5fd8dc3c-33ed-4c50-a49f-c9bca4b4cad1 [2026-09-21T12:03:56.416361] run `npm fund` for details (STDOUT, STG)#
#2026 09 21 12:04:03.658#Z#DEBUG#6a48e96a-b5b4-11f1-b631-eeee0a9b49e1.backend-db-deployer#flowable-async-job-executor-thread-139337#
[PollStageAppStatusExecution] 5fd8dc3c-33ed-4c50-a49f-c9bca4b4cad1 [2026-09-21T12:03:57.182295] Contrast Security no credentials found. Will not write environment files. (STDOUT, STG)#
#2026 09 21 12:04:13.766#Z#DEBUG#6a48e96a-b5b4-11f1-b631-eeee0a9b49e1.backend-db-deployer#flowable-async-job-executor-thread-86056#
[PollStageAppStatusExecution] 5fd8dc3c-33ed-4c50-a49f-c9bca4b4cad1 [2026-09-21T12:04:05.987712] Exit status 0 (STDOUT, STG)#
#2026 09 21 12:04:13.766#Z#DEBUG#6a48e96a-b5b4-11f1-b631-eeee0a9b49e1.backend-db-deployer#flowable-async-job-executor-thread-86056#
[PollStageAppStatusExecution] 5fd8dc3c-33ed-4c50-a49f-c9bca4b4cad1 [2026-09-21T12:04:05.987780] Uploading droplet, build artifacts cache... (STDOUT, STG)#
#2026 09 21 12:04:13.766#Z#DEBUG#6a48e96a-b5b4-11f1-b631-eeee0a9b49e1.backend-db-deployer#flowable-async-job-executor-thread-86056#
[PollStageAppStatusExecution] 5fd8dc3c-33ed-4c50-a49f-c9bca4b4cad1 [2026-09-21T12:04:05.987851] Uploading droplet... (STDOUT, STG)#
#2026 09 21 12:04:13.766#Z#DEBUG#6a48e96a-b5b4-11f1-b631-eeee0a9b49e1.backend-db-deployer#flowable-async-job-executor-thread-86056#
[PollStageAppStatusExecution] 5fd8dc3c-33ed-4c50-a49f-c9bca4b4cad1 [2026-09-21T12:04:05.987980] Uploading build artifacts cache... (STDOUT, STG)#
#2026 09 21 12:04:13.766#Z#DEBUG#6a48e96a-b5b4-11f1-b631-eeee0a9b49e1.backend-db-deployer#flowable-async-job-executor-thread-86056#
[PollStageAppStatusExecution] 5fd8dc3c-33ed-4c50-a49f-c9bca4b4cad1 [2026-09-21T12:04:06.010625] Uploaded build artifacts cache (219B) (STDOUT, STG)#
#2026 09 21 12:04:13.766#Z#DEBUG#6a48e96a-b5b4-11f1-b631-eeee0a9b49e1.backend-db-deployer#flowable-async-job-executor-thread-86056#
[PollStageAppStatusExecution] 5fd8dc3c-33ed-4c50-a49f-c9bca4b4cad1 [2026-09-21T12:04:06.671117] Creating droplet for app with guid 5fd8dc3c-33ed-4c50-a49f-c9bca4b4cad1 (STDOUT, API)#
#2026 09 21 12:04:13.766#Z#DEBUG#6a48e96a-b5b4-11f1-b631-eeee0a9b49e1.backend-db-deployer#flowable-async-job-executor-thread-86056#
[PollStageAppStatusExecution] 5fd8dc3c-33ed-4c50-a49f-c9bca4b4cad1 [2026-09-21T12:04:08.740606] Uploaded droplet (59.3M) (STDOUT, STG)#
#2026 09 21 12:04:13.766#Z#DEBUG#6a48e96a-b5b4-11f1-b631-eeee0a9b49e1.backend-db-deployer#flowable-async-job-executor-thread-86056#
[PollStageAppStatusExecution] 5fd8dc3c-33ed-4c50-a49f-c9bca4b4cad1 [2026-09-21T12:04:08.764614] Uploading complete (STDOUT, STG)#
#2026 09 21 12:04:13.766#Z#DEBUG#6a48e96a-b5b4-11f1-b631-eeee0a9b49e1.backend-db-deployer#flowable-async-job-executor-thread-86056#
[PollStageAppStatusExecution] 5fd8dc3c-33ed-4c50-a49f-c9bca4b4cad1 [2026-09-21T12:04:10.089859] Cell 684caff8-89cd-492b-be01-b3d0835f1763 stopping instance d1e3b986-133b-4ce5-a980-4b5e23ec5c43 (STDOUT, STG)#
#2026 09 21 12:04:13.766#Z#DEBUG#6a48e96a-b5b4-11f1-b631-eeee0a9b49e1.backend-db-deployer#flowable-async-job-executor-thread-86056#
[PollStageAppStatusExecution] 5fd8dc3c-33ed-4c50-a49f-c9bca4b4cad1 [2026-09-21T12:04:10.089896] Cell 684caff8-89cd-492b-be01-b3d0835f1763 destroying container for instance d1e3b986-133b-4ce5-a980-4b5e23ec5c43 (STDOUT, STG)#
#2026 09 21 12:04:13.766#Z#DEBUG#6a48e96a-b5b4-11f1-b631-eeee0a9b49e1.backend-db-deployer#flowable-async-job-executor-thread-86056#
[PollStageAppStatusExecution] 5fd8dc3c-33ed-4c50-a49f-c9bca4b4cad1 [2026-09-21T12:04:10.142573] Staging complete for build d1e3b986-133b-4ce5-a980-4b5e23ec5c43 (STDOUT, API)#
#2026 09 21 12:04:13.766#Z#DEBUG#6a48e96a-b5b4-11f1-b631-eeee0a9b49e1.backend-db-deployer#flowable-async-job-executor-thread-86056#
[PollStageAppStatusExecution] 5fd8dc3c-33ed-4c50-a49f-c9bca4b4cad1 [2026-09-21T12:04:11.595647] Cell 684caff8-89cd-492b-be01-b3d0835f1763 successfully destroyed container for instance d1e3b986-133b-4ce5-a980-4b5e23ec5c43 (STDOUT, STG)#
#2026 09 21 12:04:24.008#Z#DEBUG#6a48e96a-b5b4-11f1-b631-eeee0a9b49e1.backend-db-deployer#flowable-async-job-executor-thread-139359#
[PollExecuteTaskStatusExecution] 5fd8dc3c-33ed-4c50-a49f-c9bca4b4cad1 [2026-09-21T12:03:24.713145] Updated app with guid 5fd8dc3c-33ed-4c50-a49f-c9bca4b4cad1 ({"lifecycle"=>{"data"=>{"buildpacks"=>["nodejs_buildpack"]}, "type"=>"buildpack"}}) (STDOUT, API)#
#2026 09 21 12:04:24.008#Z#DEBUG#6a48e96a-b5b4-11f1-b631-eeee0a9b49e1.backend-db-deployer#flowable-async-job-executor-thread-139359#
[PollExecuteTaskStatusExecution] 5fd8dc3c-33ed-4c50-a49f-c9bca4b4cad1 [2026-09-21T12:03:24.793827] Updating process: "web" (STDOUT, API)#
#2026 09 21 12:04:24.008#Z#DEBUG#6a48e96a-b5b4-11f1-b631-eeee0a9b49e1.backend-db-deployer#flowable-async-job-executor-thread-139359#
[PollExecuteTaskStatusExecution] 5fd8dc3c-33ed-4c50-a49f-c9bca4b4cad1 [2026-09-21T12:03:32.977049] Uploading app package for app with guid 5fd8dc3c-33ed-4c50-a49f-c9bca4b4cad1 (STDOUT, API)#
#2026 09 21 12:04:24.008#Z#DEBUG#6a48e96a-b5b4-11f1-b631-eeee0a9b49e1.backend-db-deployer#flowable-async-job-executor-thread-139359#
[PollExecuteTaskStatusExecution] 5fd8dc3c-33ed-4c50-a49f-c9bca4b4cad1 [2026-09-21T12:03:33.154313] Updated app with guid 5fd8dc3c-33ed-4c50-a49f-c9bca4b4cad1 ({"environment_variables"=>"[PRIVATE DATA HIDDEN]"}) (STDOUT, API)#
#2026 09 21 12:04:24.008#Z#DEBUG#6a48e96a-b5b4-11f1-b631-eeee0a9b49e1.backend-db-deployer#flowable-async-job-executor-thread-139359#
[PollExecuteTaskStatusExecution] 5fd8dc3c-33ed-4c50-a49f-c9bca4b4cad1 [2026-09-21T12:03:43.173335] Creating build for app with guid 5fd8dc3c-33ed-4c50-a49f-c9bca4b4cad1 (STDOUT, API)#
#2026 09 21 12:04:24.008#Z#DEBUG#6a48e96a-b5b4-11f1-b631-eeee0a9b49e1.backend-db-deployer#flowable-async-job-executor-thread-139359#
[PollExecuteTaskStatusExecution] 5fd8dc3c-33ed-4c50-a49f-c9bca4b4cad1 [2026-09-21T12:03:44.014418] Downloading nodejs_buildpack... (STDOUT, STG)#
#2026 09 21 12:04:24.008#Z#DEBUG#6a48e96a-b5b4-11f1-b631-eeee0a9b49e1.backend-db-deployer#flowable-async-job-executor-thread-139359#
[PollExecuteTaskStatusExecution] 5fd8dc3c-33ed-4c50-a49f-c9bca4b4cad1 [2026-09-21T12:03:44.055806] Downloaded nodejs_buildpack (STDOUT, STG)#
#2026 09 21 12:04:24.008#Z#DEBUG#6a48e96a-b5b4-11f1-b631-eeee0a9b49e1.backend-db-deployer#flowable-async-job-executor-thread-139359#
[PollExecuteTaskStatusExecution] 5fd8dc3c-33ed-4c50-a49f-c9bca4b4cad1 [2026-09-21T12:03:44.055917] Cell 684caff8-89cd-492b-be01-b3d0835f1763 creating container for instance d1e3b986-133b-4ce5-a980-4b5e23ec5c43 (STDOUT, STG)#
#2026 09 21 12:04:24.008#Z#DEBUG#6a48e96a-b5b4-11f1-b631-eeee0a9b49e1.backend-db-deployer#flowable-async-job-executor-thread-139359#
[PollExecuteTaskStatusExecution] 5fd8dc3c-33ed-4c50-a49f-c9bca4b4cad1 [2026-09-21T12:03:44.749255] Security group rules were updated (STDOUT, STG)#
#2026 09 21 12:04:24.008#Z#DEBUG#6a48e96a-b5b4-11f1-b631-eeee0a9b49e1.backend-db-deployer#flowable-async-job-executor-thread-139359#
[PollExecuteTaskStatusExecution] 5fd8dc3c-33ed-4c50-a49f-c9bca4b4cad1 [2026-09-21T12:03:44.789522] Cell 684caff8-89cd-492b-be01-b3d0835f1763 successfully created container for instance d1e3b986-133b-4ce5-a980-4b5e23ec5c43 (STDOUT, STG)#
#2026 09 21 12:04:24.008#Z#DEBUG#6a48e96a-b5b4-11f1-b631-eeee0a9b49e1.backend-db-deployer#flowable-async-job-executor-thread-139359#
[PollExecuteTaskStatusExecution] 5fd8dc3c-33ed-4c50-a49f-c9bca4b4cad1 [2026-09-21T12:03:46.955226] Downloading app package... (STDOUT, STG)#
#2026 09 21 12:04:24.008#Z#DEBUG#6a48e96a-b5b4-11f1-b631-eeee0a9b49e1.backend-db-deployer#flowable-async-job-executor-thread-139359#
[PollExecuteTaskStatusExecution] 5fd8dc3c-33ed-4c50-a49f-c9bca4b4cad1 [2026-09-21T12:03:46.955337] Downloading build artifacts cache... (STDOUT, STG)#
#2026 09 21 12:04:24.008#Z#DEBUG#6a48e96a-b5b4-11f1-b631-eeee0a9b49e1.backend-db-deployer#flowable-async-job-executor-thread-139359#
[PollExecuteTaskStatusExecution] 5fd8dc3c-33ed-4c50-a49f-c9bca4b4cad1 [2026-09-21T12:03:47.020525] Downloaded build artifacts cache (222B) (STDOUT, STG)#
#2026 09 21 12:04:24.008#Z#DEBUG#6a48e96a-b5b4-11f1-b631-eeee0a9b49e1.backend-db-deployer#flowable-async-job-executor-thread-139359#
[PollExecuteTaskStatusExecution] 5fd8dc3c-33ed-4c50-a49f-c9bca4b4cad1 [2026-09-21T12:03:47.319866] Downloaded app package (2.3M) (STDOUT, STG)#
#2026 09 21 12:04:24.008#Z#DEBUG#6a48e96a-b5b4-11f1-b631-eeee0a9b49e1.backend-db-deployer#flowable-async-job-executor-thread-139359#
[PollExecuteTaskStatusExecution] 5fd8dc3c-33ed-4c50-a49f-c9bca4b4cad1 [2026-09-21T12:03:47.445661] -----> Nodejs Buildpack version 1.9.4 (STDOUT, STG)#
#2026 09 21 12:04:24.008#Z#DEBUG#6a48e96a-b5b4-11f1-b631-eeee0a9b49e1.backend-db-deployer#flowable-async-job-executor-thread-139359#
[PollExecuteTaskStatusExecution] 5fd8dc3c-33ed-4c50-a49f-c9bca4b4cad1 [2026-09-21T12:03:47.535780] -----> Bootstrapping python (STDOUT, STG)#
#2026 09 21 12:04:24.008#Z#DEBUG#6a48e96a-b5b4-11f1-b631-eeee0a9b49e1.backend-db-deployer#flowable-async-job-executor-thread-139359#
[PollExecuteTaskStatusExecution] 5fd8dc3c-33ed-4c50-a49f-c9bca4b4cad1 [2026-09-21T12:03:47.535820] -----> Installing python 3.13.15 (STDOUT, STG)#
#2026 09 21 12:04:24.008#Z#DEBUG#6a48e96a-b5b4-11f1-b631-eeee0a9b49e1.backend-db-deployer#flowable-async-job-executor-thread-139359#
[PollExecuteTaskStatusExecution] 5fd8dc3c-33ed-4c50-a49f-c9bca4b4cad1 [2026-09-21T12:03:47.535961] Copy [/tmp/buildpacks/5be6efbe8830cdb7/dependencies/6832464ec708e1392d482a6034aa2c94/python_3.13.15_linux_x64_cflinuxfs4_0c9cd9fd.tgz] (STDOUT, STG)#
#2026 09 21 12:04:24.008#Z#DEBUG#6a48e96a-b5b4-11f1-b631-eeee0a9b49e1.backend-db-deployer#flowable-async-job-executor-thread-139359#
[PollExecuteTaskStatusExecution] 5fd8dc3c-33ed-4c50-a49f-c9bca4b4cad1 [2026-09-21T12:03:51.984086] -----> Installing binaries (STDOUT, STG)#
#2026 09 21 12:04:24.008#Z#DEBUG#6a48e96a-b5b4-11f1-b631-eeee0a9b49e1.backend-db-deployer#flowable-async-job-executor-thread-139359#
[PollExecuteTaskStatusExecution] 5fd8dc3c-33ed-4c50-a49f-c9bca4b4cad1 [2026-09-21T12:03:51.984181] engines.node (package.json): ^24 (STDOUT, STG)#
#2026 09 21 12:04:24.008#Z#DEBUG#6a48e96a-b5b4-11f1-b631-eeee0a9b49e1.backend-db-deployer#flowable-async-job-executor-thread-139359#
[PollExecuteTaskStatusExecution] 5fd8dc3c-33ed-4c50-a49f-c9bca4b4cad1 [2026-09-21T12:03:51.984188] engines.npm (package.json): unspecified (use default) (STDOUT, STG)#
#2026 09 21 12:04:24.008#Z#DEBUG#6a48e96a-b5b4-11f1-b631-eeee0a9b49e1.backend-db-deployer#flowable-async-job-executor-thread-139359#
[PollExecuteTaskStatusExecution] 5fd8dc3c-33ed-4c50-a49f-c9bca4b4cad1 [2026-09-21T12:03:51.984431] -----> Installing node 24.19.0 (STDOUT, STG)#
#2026 09 21 12:04:24.008#Z#DEBUG#6a48e96a-b5b4-11f1-b631-eeee0a9b49e1.backend-db-deployer#flowable-async-job-executor-thread-139359#
[PollExecuteTaskStatusExecution] 5fd8dc3c-33ed-4c50-a49f-c9bca4b4cad1 [2026-09-21T12:03:51.984703] Copy [/tmp/buildpacks/5be6efbe8830cdb7/dependencies/cf9035c55d85610a9158faa009b7a7b5/node_24.19.0_linux_x64_cflinuxfs4_9ab26efa.tgz] (STDOUT, STG)#
#2026 09 21 12:04:24.008#Z#DEBUG#6a48e96a-b5b4-11f1-b631-eeee0a9b49e1.backend-db-deployer#flowable-async-job-executor-thread-139359#
[PollExecuteTaskStatusExecution] 5fd8dc3c-33ed-4c50-a49f-c9bca4b4cad1 [2026-09-21T12:03:54.695146] Using default npm version: 11.17.0 (STDOUT, STG)#
#2026 09 21 12:04:24.008#Z#DEBUG#6a48e96a-b5b4-11f1-b631-eeee0a9b49e1.backend-db-deployer#flowable-async-job-executor-thread-139359#
[PollExecuteTaskStatusExecution] 5fd8dc3c-33ed-4c50-a49f-c9bca4b4cad1 [2026-09-21T12:03:54.695184] -----> Installing yarn 1.22.22 (STDOUT, STG)#
#2026 09 21 12:04:24.008#Z#DEBUG#6a48e96a-b5b4-11f1-b631-eeee0a9b49e1.backend-db-deployer#flowable-async-job-executor-thread-139359#
[PollExecuteTaskStatusExecution] 5fd8dc3c-33ed-4c50-a49f-c9bca4b4cad1 [2026-09-21T12:03:54.695378] Copy [/tmp/buildpacks/5be6efbe8830cdb7/dependencies/e4fe26756e9984a665478d350474fa2e/yarn_1.22.22_linux_noarch_any-stack_b6132b86.tgz] (STDOUT, STG)#
#2026 09 21 12:04:24.008#Z#DEBUG#6a48e96a-b5b4-11f1-b631-eeee0a9b49e1.backend-db-deployer#flowable-async-job-executor-thread-139359#
[PollExecuteTaskStatusExecution] 5fd8dc3c-33ed-4c50-a49f-c9bca4b4cad1 [2026-09-21T12:03:55.124312] Installed yarn 1.22.22 (STDOUT, STG)#
#2026 09 21 12:04:24.008#Z#DEBUG#6a48e96a-b5b4-11f1-b631-eeee0a9b49e1.backend-db-deployer#flowable-async-job-executor-thread-139359#
[PollExecuteTaskStatusExecution] 5fd8dc3c-33ed-4c50-a49f-c9bca4b4cad1 [2026-09-21T12:03:55.124345] -----> Creating runtime environment (STDOUT, STG)#
#2026 09 21 12:04:24.008#Z#DEBUG#6a48e96a-b5b4-11f1-b631-eeee0a9b49e1.backend-db-deployer#flowable-async-job-executor-thread-139359#
[PollExecuteTaskStatusExecution] 5fd8dc3c-33ed-4c50-a49f-c9bca4b4cad1 [2026-09-21T12:03:55.126263] NODE_ENV=production (STDOUT, STG)#
#2026 09 21 12:04:24.008#Z#DEBUG#6a48e96a-b5b4-11f1-b631-eeee0a9b49e1.backend-db-deployer#flowable-async-job-executor-thread-139359#
[PollExecuteTaskStatusExecution] 5fd8dc3c-33ed-4c50-a49f-c9bca4b4cad1 [2026-09-21T12:03:55.126289] NODE_HOME=/tmp/contents3075348471/deps/0/node (STDOUT, STG)#
#2026 09 21 12:04:24.008#Z#DEBUG#6a48e96a-b5b4-11f1-b631-eeee0a9b49e1.backend-db-deployer#flowable-async-job-executor-thread-139359#
[PollExecuteTaskStatusExecution] 5fd8dc3c-33ed-4c50-a49f-c9bca4b4cad1 [2026-09-21T12:03:55.126293] NODE_MODULES_CACHE=true (STDOUT, STG)#
#2026 09 21 12:04:24.008#Z#DEBUG#6a48e96a-b5b4-11f1-b631-eeee0a9b49e1.backend-db-deployer#flowable-async-job-executor-thread-139359#
[PollExecuteTaskStatusExecution] 5fd8dc3c-33ed-4c50-a49f-c9bca4b4cad1 [2026-09-21T12:03:55.126298] NODE_VERBOSE=false (STDOUT, STG)#
#2026 09 21 12:04:24.008#Z#DEBUG#6a48e96a-b5b4-11f1-b631-eeee0a9b49e1.backend-db-deployer#flowable-async-job-executor-thread-139359#
[PollExecuteTaskStatusExecution] 5fd8dc3c-33ed-4c50-a49f-c9bca4b4cad1 [2026-09-21T12:03:55.126302] NPM_CONFIG_LOGLEVEL=error (STDOUT, STG)#
#2026 09 21 12:04:24.008#Z#DEBUG#6a48e96a-b5b4-11f1-b631-eeee0a9b49e1.backend-db-deployer#flowable-async-job-executor-thread-139359#
[PollExecuteTaskStatusExecution] 5fd8dc3c-33ed-4c50-a49f-c9bca4b4cad1 [2026-09-21T12:03:55.126308] NPM_CONFIG_PRODUCTION=true (STDOUT, STG)#
#2026 09 21 12:04:24.008#Z#DEBUG#6a48e96a-b5b4-11f1-b631-eeee0a9b49e1.backend-db-deployer#flowable-async-job-executor-thread-139359#
[PollExecuteTaskStatusExecution] 5fd8dc3c-33ed-4c50-a49f-c9bca4b4cad1 [2026-09-21T12:03:55.126334] -----> Building dependencies (STDOUT, STG)#
#2026 09 21 12:04:24.008#Z#DEBUG#6a48e96a-b5b4-11f1-b631-eeee0a9b49e1.backend-db-deployer#flowable-async-job-executor-thread-139359#
[PollExecuteTaskStatusExecution] 5fd8dc3c-33ed-4c50-a49f-c9bca4b4cad1 [2026-09-21T12:03:55.126338] Prebuild detected (node_modules already exists) (STDOUT, STG)#
#2026 09 21 12:04:24.008#Z#DEBUG#6a48e96a-b5b4-11f1-b631-eeee0a9b49e1.backend-db-deployer#flowable-async-job-executor-thread-139359#
[PollExecuteTaskStatusExecution] 5fd8dc3c-33ed-4c50-a49f-c9bca4b4cad1 [2026-09-21T12:03:55.126346] Rebuilding any native modules (STDOUT, STG)#
#2026 09 21 12:04:24.008#Z#DEBUG#6a48e96a-b5b4-11f1-b631-eeee0a9b49e1.backend-db-deployer#flowable-async-job-executor-thread-139359#
[PollExecuteTaskStatusExecution] 5fd8dc3c-33ed-4c50-a49f-c9bca4b4cad1 [2026-09-21T12:03:55.786781] rebuilt dependencies successfully (STDOUT, STG)#
#2026 09 21 12:04:24.008#Z#DEBUG#6a48e96a-b5b4-11f1-b631-eeee0a9b49e1.backend-db-deployer#flowable-async-job-executor-thread-139359#
[PollExecuteTaskStatusExecution] 5fd8dc3c-33ed-4c50-a49f-c9bca4b4cad1 [2026-09-21T12:03:55.873331] Installing any new modules (package.json + package-lock.json) (STDOUT, STG)#
#2026 09 21 12:04:24.008#Z#DEBUG#6a48e96a-b5b4-11f1-b631-eeee0a9b49e1.backend-db-deployer#flowable-async-job-executor-thread-139359#
[PollExecuteTaskStatusExecution] 5fd8dc3c-33ed-4c50-a49f-c9bca4b4cad1 [2026-09-21T12:03:56.415159] up to date in 441ms (STDOUT, STG)#
#2026 09 21 12:04:24.008#Z#DEBUG#6a48e96a-b5b4-11f1-b631-eeee0a9b49e1.backend-db-deployer#flowable-async-job-executor-thread-139359#
[PollExecuteTaskStatusExecution] 5fd8dc3c-33ed-4c50-a49f-c9bca4b4cad1 [2026-09-21T12:03:56.416339] 4 packages are looking for funding (STDOUT, STG)#
#2026 09 21 12:04:24.008#Z#DEBUG#6a48e96a-b5b4-11f1-b631-eeee0a9b49e1.backend-db-deployer#flowable-async-job-executor-thread-139359#
[PollExecuteTaskStatusExecution] 5fd8dc3c-33ed-4c50-a49f-c9bca4b4cad1 [2026-09-21T12:03:56.416361] run `npm fund` for details (STDOUT, STG)#
#2026 09 21 12:04:24.008#Z#DEBUG#6a48e96a-b5b4-11f1-b631-eeee0a9b49e1.backend-db-deployer#flowable-async-job-executor-thread-139359#
[PollExecuteTaskStatusExecution] 5fd8dc3c-33ed-4c50-a49f-c9bca4b4cad1 [2026-09-21T12:03:57.182295] Contrast Security no credentials found. Will not write environment files. (STDOUT, STG)#
#2026 09 21 12:04:24.008#Z#DEBUG#6a48e96a-b5b4-11f1-b631-eeee0a9b49e1.backend-db-deployer#flowable-async-job-executor-thread-139359#
[PollExecuteTaskStatusExecution] 5fd8dc3c-33ed-4c50-a49f-c9bca4b4cad1 [2026-09-21T12:04:05.987712] Exit status 0 (STDOUT, STG)#
#2026 09 21 12:04:24.008#Z#DEBUG#6a48e96a-b5b4-11f1-b631-eeee0a9b49e1.backend-db-deployer#flowable-async-job-executor-thread-139359#
[PollExecuteTaskStatusExecution] 5fd8dc3c-33ed-4c50-a49f-c9bca4b4cad1 [2026-09-21T12:04:05.987780] Uploading droplet, build artifacts cache... (STDOUT, STG)#
#2026 09 21 12:04:24.008#Z#DEBUG#6a48e96a-b5b4-11f1-b631-eeee0a9b49e1.backend-db-deployer#flowable-async-job-executor-thread-139359#
[PollExecuteTaskStatusExecution] 5fd8dc3c-33ed-4c50-a49f-c9bca4b4cad1 [2026-09-21T12:04:05.987851] Uploading droplet... (STDOUT, STG)#
#2026 09 21 12:04:24.008#Z#DEBUG#6a48e96a-b5b4-11f1-b631-eeee0a9b49e1.backend-db-deployer#flowable-async-job-executor-thread-139359#
[PollExecuteTaskStatusExecution] 5fd8dc3c-33ed-4c50-a49f-c9bca4b4cad1 [2026-09-21T12:04:05.987980] Uploading build artifacts cache... (STDOUT, STG)#
#2026 09 21 12:04:24.008#Z#DEBUG#6a48e96a-b5b4-11f1-b631-eeee0a9b49e1.backend-db-deployer#flowable-async-job-executor-thread-139359#
[PollExecuteTaskStatusExecution] 5fd8dc3c-33ed-4c50-a49f-c9bca4b4cad1 [2026-09-21T12:04:06.010625] Uploaded build artifacts cache (219B) (STDOUT, STG)#
#2026 09 21 12:04:24.008#Z#DEBUG#6a48e96a-b5b4-11f1-b631-eeee0a9b49e1.backend-db-deployer#flowable-async-job-executor-thread-139359#
[PollExecuteTaskStatusExecution] 5fd8dc3c-33ed-4c50-a49f-c9bca4b4cad1 [2026-09-21T12:04:06.671117] Creating droplet for app with guid 5fd8dc3c-33ed-4c50-a49f-c9bca4b4cad1 (STDOUT, API)#
#2026 09 21 12:04:24.008#Z#DEBUG#6a48e96a-b5b4-11f1-b631-eeee0a9b49e1.backend-db-deployer#flowable-async-job-executor-thread-139359#
[PollExecuteTaskStatusExecution] 5fd8dc3c-33ed-4c50-a49f-c9bca4b4cad1 [2026-09-21T12:04:08.740606] Uploaded droplet (59.3M) (STDOUT, STG)#
#2026 09 21 12:04:24.008#Z#DEBUG#6a48e96a-b5b4-11f1-b631-eeee0a9b49e1.backend-db-deployer#flowable-async-job-executor-thread-139359#
[PollExecuteTaskStatusExecution] 5fd8dc3c-33ed-4c50-a49f-c9bca4b4cad1 [2026-09-21T12:04:08.764614] Uploading complete (STDOUT, STG)#
#2026 09 21 12:04:24.008#Z#DEBUG#6a48e96a-b5b4-11f1-b631-eeee0a9b49e1.backend-db-deployer#flowable-async-job-executor-thread-139359#
[PollExecuteTaskStatusExecution] 5fd8dc3c-33ed-4c50-a49f-c9bca4b4cad1 [2026-09-21T12:04:10.089859] Cell 684caff8-89cd-492b-be01-b3d0835f1763 stopping instance d1e3b986-133b-4ce5-a980-4b5e23ec5c43 (STDOUT, STG)#
#2026 09 21 12:04:24.008#Z#DEBUG#6a48e96a-b5b4-11f1-b631-eeee0a9b49e1.backend-db-deployer#flowable-async-job-executor-thread-139359#
[PollExecuteTaskStatusExecution] 5fd8dc3c-33ed-4c50-a49f-c9bca4b4cad1 [2026-09-21T12:04:10.089896] Cell 684caff8-89cd-492b-be01-b3d0835f1763 destroying container for instance d1e3b986-133b-4ce5-a980-4b5e23ec5c43 (STDOUT, STG)#
#2026 09 21 12:04:24.008#Z#DEBUG#6a48e96a-b5b4-11f1-b631-eeee0a9b49e1.backend-db-deployer#flowable-async-job-executor-thread-139359#
[PollExecuteTaskStatusExecution] 5fd8dc3c-33ed-4c50-a49f-c9bca4b4cad1 [2026-09-21T12:04:10.142573] Staging complete for build d1e3b986-133b-4ce5-a980-4b5e23ec5c43 (STDOUT, API)#
#2026 09 21 12:04:24.008#Z#DEBUG#6a48e96a-b5b4-11f1-b631-eeee0a9b49e1.backend-db-deployer#flowable-async-job-executor-thread-139359#
[PollExecuteTaskStatusExecution] 5fd8dc3c-33ed-4c50-a49f-c9bca4b4cad1 [2026-09-21T12:04:11.595647] Cell 684caff8-89cd-492b-be01-b3d0835f1763 successfully destroyed container for instance d1e3b986-133b-4ce5-a980-4b5e23ec5c43 (STDOUT, STG)#
#2026 09 21 12:04:24.008#Z#DEBUG#6a48e96a-b5b4-11f1-b631-eeee0a9b49e1.backend-db-deployer#flowable-async-job-executor-thread-139359#
[PollExecuteTaskStatusExecution] 5fd8dc3c-33ed-4c50-a49f-c9bca4b4cad1 [2026-09-21T12:04:13.850411] Updated app with guid 5fd8dc3c-33ed-4c50-a49f-c9bca4b4cad1 ({:droplet_guid=>"9f2afd73-03af-4cb3-abfc-aa64dd64422d"}) (STDOUT, API)#
#2026 09 21 12:04:24.008#Z#DEBUG#6a48e96a-b5b4-11f1-b631-eeee0a9b49e1.backend-db-deployer#flowable-async-job-executor-thread-139359#
[PollExecuteTaskStatusExecution] 5fd8dc3c-33ed-4c50-a49f-c9bca4b4cad1 [2026-09-21T12:04:14.512887] Cell 684caff8-89cd-492b-be01-b3d0835f1763 creating container for instance dc5abb10-9961-47f0-9c19-72b7d0e3bd30 (STDOUT, CELL)#
#2026 09 21 12:04:24.008#Z#DEBUG#6a48e96a-b5b4-11f1-b631-eeee0a9b49e1.backend-db-deployer#flowable-async-job-executor-thread-139359#
[PollExecuteTaskStatusExecution] 5fd8dc3c-33ed-4c50-a49f-c9bca4b4cad1 [2026-09-21T12:04:15.140507] Security group rules were updated (STDOUT, CELL)#
#2026 09 21 12:04:24.008#Z#DEBUG#6a48e96a-b5b4-11f1-b631-eeee0a9b49e1.backend-db-deployer#flowable-async-job-executor-thread-139359#
[PollExecuteTaskStatusExecution] 5fd8dc3c-33ed-4c50-a49f-c9bca4b4cad1 [2026-09-21T12:04:15.180343] Cell 684caff8-89cd-492b-be01-b3d0835f1763 successfully created container for instance dc5abb10-9961-47f0-9c19-72b7d0e3bd30 (STDOUT, CELL)#
#2026 09 21 12:04:24.008#Z#DEBUG#6a48e96a-b5b4-11f1-b631-eeee0a9b49e1.backend-db-deployer#flowable-async-job-executor-thread-139359#
[PollExecuteTaskStatusExecution] 5fd8dc3c-33ed-4c50-a49f-c9bca4b4cad1 [2026-09-21T12:04:19.289190] Invoking pre-start scripts. (STDOUT, APP/TASK/deploy)#
#2026 09 21 12:04:24.008#Z#DEBUG#6a48e96a-b5b4-11f1-b631-eeee0a9b49e1.backend-db-deployer#flowable-async-job-executor-thread-139359#
[PollExecuteTaskStatusExecution] 5fd8dc3c-33ed-4c50-a49f-c9bca4b4cad1 [2026-09-21T12:04:19.511214] Invoking start command. (STDOUT, APP/TASK/deploy)#
#2026 09 21 12:04:24.008#Z#DEBUG#6a48e96a-b5b4-11f1-b631-eeee0a9b49e1.backend-db-deployer#flowable-async-job-executor-thread-139359#
[PollExecuteTaskStatusExecution] 5fd8dc3c-33ed-4c50-a49f-c9bca4b4cad1 [2026-09-21T12:04:19.967694] > start (STDOUT, APP/TASK/deploy)#
#2026 09 21 12:04:24.008#Z#DEBUG#6a48e96a-b5b4-11f1-b631-eeee0a9b49e1.backend-db-deployer#flowable-async-job-executor-thread-139359#
[PollExecuteTaskStatusExecution] 5fd8dc3c-33ed-4c50-a49f-c9bca4b4cad1 [2026-09-21T12:04:19.967725] > node node_modules/@sap/hdi-deploy/deploy.js --use-hdb --parameter com.sap.hana.di.table/try_fast_table_migration=true (STDOUT, APP/TASK/deploy)#
#2026 09 21 12:04:24.008#Z#DEBUG#6a48e96a-b5b4-11f1-b631-eeee0a9b49e1.backend-db-deployer#flowable-async-job-executor-thread-139359#
[PollExecuteTaskStatusExecution] 5fd8dc3c-33ed-4c50-a49f-c9bca4b4cad1 [2026-09-21T12:04:20.123819] VCAP_SERVICES: (STDOUT, APP/TASK/deploy)#
#2026 09 21 12:04:24.008#Z#DEBUG#6a48e96a-b5b4-11f1-b631-eeee0a9b49e1.backend-db-deployer#flowable-async-job-executor-thread-139359#
[PollExecuteTaskStatusExecution] 5fd8dc3c-33ed-4c50-a49f-c9bca4b4cad1 [2026-09-21T12:04:20.124498] { (STDOUT, APP/TASK/deploy)#
#2026 09 21 12:04:24.008#Z#DEBUG#6a48e96a-b5b4-11f1-b631-eeee0a9b49e1.backend-db-deployer#flowable-async-job-executor-thread-139359#
[PollExecuteTaskStatusExecution] 5fd8dc3c-33ed-4c50-a49f-c9bca4b4cad1 [2026-09-21T12:04:20.124518] "hana": [ (STDOUT, APP/TASK/deploy)#
#2026 09 21 12:04:24.008#Z#DEBUG#6a48e96a-b5b4-11f1-b631-eeee0a9b49e1.backend-db-deployer#flowable-async-job-executor-thread-139359#
[PollExecuteTaskStatusExecution] 5fd8dc3c-33ed-4c50-a49f-c9bca4b4cad1 [2026-09-21T12:04:20.124521] { (STDOUT, APP/TASK/deploy)#
#2026 09 21 12:04:24.008#Z#DEBUG#6a48e96a-b5b4-11f1-b631-eeee0a9b49e1.backend-db-deployer#flowable-async-job-executor-thread-139359#
[PollExecuteTaskStatusExecution] 5fd8dc3c-33ed-4c50-a49f-c9bca4b4cad1 [2026-09-21T12:04:20.124530] "name": "backend-db", (STDOUT, APP/TASK/deploy)#
#2026 09 21 12:04:24.008#Z#DEBUG#6a48e96a-b5b4-11f1-b631-eeee0a9b49e1.backend-db-deployer#flowable-async-job-executor-thread-139359#
[PollExecuteTaskStatusExecution] 5fd8dc3c-33ed-4c50-a49f-c9bca4b4cad1 [2026-09-21T12:04:20.124534] "label": "hana", (STDOUT, APP/TASK/deploy)#
#2026 09 21 12:04:24.008#Z#DEBUG#6a48e96a-b5b4-11f1-b631-eeee0a9b49e1.backend-db-deployer#flowable-async-job-executor-thread-139359#
[PollExecuteTaskStatusExecution] 5fd8dc3c-33ed-4c50-a49f-c9bca4b4cad1 [2026-09-21T12:04:20.124540] "plan": "hdi-shared", (STDOUT, APP/TASK/deploy)#
#2026 09 21 12:04:24.008#Z#DEBUG#6a48e96a-b5b4-11f1-b631-eeee0a9b49e1.backend-db-deployer#flowable-async-job-executor-thread-139359#
[PollExecuteTaskStatusExecution] 5fd8dc3c-33ed-4c50-a49f-c9bca4b4cad1 [2026-09-21T12:04:20.124567] "credentials": { (STDOUT, APP/TASK/deploy)#
#2026 09 21 12:04:24.008#Z#DEBUG#6a48e96a-b5b4-11f1-b631-eeee0a9b49e1.backend-db-deployer#flowable-async-job-executor-thread-139359#
[PollExecuteTaskStatusExecution] 5fd8dc3c-33ed-4c50-a49f-c9bca4b4cad1 [2026-09-21T12:04:20.124574] "schema": "4E190AF9079C4FEE882C6D641C13F720", (STDOUT, APP/TASK/deploy)#
#2026 09 21 12:04:24.008#Z#DEBUG#6a48e96a-b5b4-11f1-b631-eeee0a9b49e1.backend-db-deployer#flowable-async-job-executor-thread-139359#
[PollExecuteTaskStatusExecution] 5fd8dc3c-33ed-4c50-a49f-c9bca4b4cad1 [2026-09-21T12:04:20.124576] "database_id": "527b89d3-da1d-435f-873e-e73c1e06777e", (STDOUT, APP/TASK/deploy)#
#2026 09 21 12:04:24.008#Z#DEBUG#6a48e96a-b5b4-11f1-b631-eeee0a9b49e1.backend-db-deployer#flowable-async-job-executor-thread-139359#
[PollExecuteTaskStatusExecution] 5fd8dc3c-33ed-4c50-a49f-c9bca4b4cad1 [2026-09-21T12:04:20.124582] "user": "4E190AF9079C4FEE882C6D641C13F720_554OCBTO9C3J858HCKJ9FI34Q_RT", (STDOUT, APP/TASK/deploy)#
#2026 09 21 12:04:24.008#Z#DEBUG#6a48e96a-b5b4-11f1-b631-eeee0a9b49e1.backend-db-deployer#flowable-async-job-executor-thread-139359#
[PollExecuteTaskStatusExecution] 5fd8dc3c-33ed-4c50-a49f-c9bca4b4cad1 [2026-09-21T12:04:20.124588] "hdi_user": "4E190AF9079C4FEE882C6D641C13F720_554OCBTO9C3J858HCKJ9FI34Q_DT" (STDOUT, APP/TASK/deploy)#
#2026 09 21 12:04:24.008#Z#DEBUG#6a48e96a-b5b4-11f1-b631-eeee0a9b49e1.backend-db-deployer#flowable-async-job-executor-thread-139359#
[PollExecuteTaskStatusExecution] 5fd8dc3c-33ed-4c50-a49f-c9bca4b4cad1 [2026-09-21T12:04:20.124591] }, (STDOUT, APP/TASK/deploy)#
#2026 09 21 12:04:24.008#Z#DEBUG#6a48e96a-b5b4-11f1-b631-eeee0a9b49e1.backend-db-deployer#flowable-async-job-executor-thread-139359#
[PollExecuteTaskStatusExecution] 5fd8dc3c-33ed-4c50-a49f-c9bca4b4cad1 [2026-09-21T12:04:20.124593] "tags": [ (STDOUT, APP/TASK/deploy)#
#2026 09 21 12:04:24.008#Z#DEBUG#6a48e96a-b5b4-11f1-b631-eeee0a9b49e1.backend-db-deployer#flowable-async-job-executor-thread-139359#
[PollExecuteTaskStatusExecution] 5fd8dc3c-33ed-4c50-a49f-c9bca4b4cad1 [2026-09-21T12:04:20.124598] "hana", (STDOUT, APP/TASK/deploy)#
#2026 09 21 12:04:24.008#Z#DEBUG#6a48e96a-b5b4-11f1-b631-eeee0a9b49e1.backend-db-deployer#flowable-async-job-executor-thread-139359#
[PollExecuteTaskStatusExecution] 5fd8dc3c-33ed-4c50-a49f-c9bca4b4cad1 [2026-09-21T12:04:20.124600] "database", (STDOUT, APP/TASK/deploy)#
#2026 09 21 12:04:24.008#Z#DEBUG#6a48e96a-b5b4-11f1-b631-eeee0a9b49e1.backend-db-deployer#flowable-async-job-executor-thread-139359#
[PollExecuteTaskStatusExecution] 5fd8dc3c-33ed-4c50-a49f-c9bca4b4cad1 [2026-09-21T12:04:20.124602] "relational" (STDOUT, APP/TASK/deploy)#
#2026 09 21 12:04:24.008#Z#DEBUG#6a48e96a-b5b4-11f1-b631-eeee0a9b49e1.backend-db-deployer#flowable-async-job-executor-thread-139359#
[PollExecuteTaskStatusExecution] 5fd8dc3c-33ed-4c50-a49f-c9bca4b4cad1 [2026-09-21T12:04:20.124605] ] (STDOUT, APP/TASK/deploy)#
#2026 09 21 12:04:24.008#Z#DEBUG#6a48e96a-b5b4-11f1-b631-eeee0a9b49e1.backend-db-deployer#flowable-async-job-executor-thread-139359#
[PollExecuteTaskStatusExecution] 5fd8dc3c-33ed-4c50-a49f-c9bca4b4cad1 [2026-09-21T12:04:20.124608] } (STDOUT, APP/TASK/deploy)#
#2026 09 21 12:04:24.008#Z#DEBUG#6a48e96a-b5b4-11f1-b631-eeee0a9b49e1.backend-db-deployer#flowable-async-job-executor-thread-139359#
[PollExecuteTaskStatusExecution] 5fd8dc3c-33ed-4c50-a49f-c9bca4b4cad1 [2026-09-21T12:04:20.124610] ] (STDOUT, APP/TASK/deploy)#
#2026 09 21 12:04:24.008#Z#DEBUG#6a48e96a-b5b4-11f1-b631-eeee0a9b49e1.backend-db-deployer#flowable-async-job-executor-thread-139359#
[PollExecuteTaskStatusExecution] 5fd8dc3c-33ed-4c50-a49f-c9bca4b4cad1 [2026-09-21T12:04:20.124612] } (STDOUT, APP/TASK/deploy)#
#2026 09 21 12:04:24.008#Z#DEBUG#6a48e96a-b5b4-11f1-b631-eeee0a9b49e1.backend-db-deployer#flowable-async-job-executor-thread-139359#
[PollExecuteTaskStatusExecution] 5fd8dc3c-33ed-4c50-a49f-c9bca4b4cad1 [2026-09-21T12:04:20.572644] @sap/hdi-deploy, version 5.7.0 (mode default), server version 4.00.000.00.1788856605 (4.0.0.0), cloud version 2026.14.19, node version 24.19.0, HDI version 1016, container API version 1007 (STDOUT, APP/TASK/deploy)#
#2026 09 21 12:04:24.008#Z#DEBUG#6a48e96a-b5b4-11f1-b631-eeee0a9b49e1.backend-db-deployer#flowable-async-job-executor-thread-139359#
[PollExecuteTaskStatusExecution] 5fd8dc3c-33ed-4c50-a49f-c9bca4b4cad1 [2026-09-21T12:04:20.572682] Deployment started at 2026-09-21 12:04:20 (STDOUT, APP/TASK/deploy)#
#2026 09 21 12:04:24.008#Z#DEBUG#6a48e96a-b5b4-11f1-b631-eeee0a9b49e1.backend-db-deployer#flowable-async-job-executor-thread-139359#
[PollExecuteTaskStatusExecution] 5fd8dc3c-33ed-4c50-a49f-c9bca4b4cad1 [2026-09-21T12:04:20.572906] Using hdb@2.29.6 for connection (STDOUT, APP/TASK/deploy)#
#2026 09 21 12:04:24.008#Z#DEBUG#6a48e96a-b5b4-11f1-b631-eeee0a9b49e1.backend-db-deployer#flowable-async-job-executor-thread-139359#
[PollExecuteTaskStatusExecution] 5fd8dc3c-33ed-4c50-a49f-c9bca4b4cad1 [2026-09-21T12:04:20.593783] No ignore file at /home/vcap/app/.hdiignore. (STDOUT, APP/TASK/deploy)#
#2026 09 21 12:04:24.008#Z#DEBUG#6a48e96a-b5b4-11f1-b631-eeee0a9b49e1.backend-db-deployer#flowable-async-job-executor-thread-139359#
[PollExecuteTaskStatusExecution] 5fd8dc3c-33ed-4c50-a49f-c9bca4b4cad1 [2026-09-21T12:04:20.594063] Collecting files... (STDOUT, APP/TASK/deploy)#
#2026 09 21 12:04:24.008#Z#DEBUG#6a48e96a-b5b4-11f1-b631-eeee0a9b49e1.backend-db-deployer#flowable-async-job-executor-thread-139359#
[PollExecuteTaskStatusExecution] 5fd8dc3c-33ed-4c50-a49f-c9bca4b4cad1 [2026-09-21T12:04:20.599941] Collecting files... ok (0s 6ms) (STDOUT, APP/TASK/deploy)#
#2026 09 21 12:04:24.008#Z#DEBUG#6a48e96a-b5b4-11f1-b631-eeee0a9b49e1.backend-db-deployer#flowable-async-job-executor-thread-139359#
[PollExecuteTaskStatusExecution] 5fd8dc3c-33ed-4c50-a49f-c9bca4b4cad1 [2026-09-21T12:04:20.599971] 3 directories collected (STDOUT, APP/TASK/deploy)#
#2026 09 21 12:04:24.008#Z#DEBUG#6a48e96a-b5b4-11f1-b631-eeee0a9b49e1.backend-db-deployer#flowable-async-job-executor-thread-139359#
[PollExecuteTaskStatusExecution] 5fd8dc3c-33ed-4c50-a49f-c9bca4b4cad1 [2026-09-21T12:04:20.599976] 10 files collected (STDOUT, APP/TASK/deploy)#
#2026 09 21 12:04:24.008#Z#DEBUG#6a48e96a-b5b4-11f1-b631-eeee0a9b49e1.backend-db-deployer#flowable-async-job-executor-thread-139359#
[PollExecuteTaskStatusExecution] 5fd8dc3c-33ed-4c50-a49f-c9bca4b4cad1 [2026-09-21T12:04:20.599991] 0 reusable modules collected (STDOUT, APP/TASK/deploy)#
#2026 09 21 12:04:24.008#Z#DEBUG#6a48e96a-b5b4-11f1-b631-eeee0a9b49e1.backend-db-deployer#flowable-async-job-executor-thread-139359#
[PollExecuteTaskStatusExecution] 5fd8dc3c-33ed-4c50-a49f-c9bca4b4cad1 [2026-09-21T12:04:20.600007] Target service: backend-db (STDOUT, APP/TASK/deploy)#
#2026 09 21 12:04:24.008#Z#DEBUG#6a48e96a-b5b4-11f1-b631-eeee0a9b49e1.backend-db-deployer#flowable-async-job-executor-thread-139359#
[PollExecuteTaskStatusExecution] 5fd8dc3c-33ed-4c50-a49f-c9bca4b4cad1 [2026-09-21T12:04:20.770095] Previous build with request ID 77 finished at 2026-09-21T11:54:56.488 with status Rolled back and message: Starting make in the container "4E190AF9079C4FEE882C6D641C13F720" with 0 files to deploy, 0 files to undeploy... ok. (STDOUT, APP/TASK/deploy)#
#2026 09 21 12:04:24.008#Z#DEBUG#6a48e96a-b5b4-11f1-b631-eeee0a9b49e1.backend-db-deployer#flowable-async-job-executor-thread-139359#
[PollExecuteTaskStatusExecution] 5fd8dc3c-33ed-4c50-a49f-c9bca4b4cad1 [2026-09-21T12:04:20.770410] Processing revoke files... (STDOUT, APP/TASK/deploy)#
#2026 09 21 12:04:24.008#Z#DEBUG#6a48e96a-b5b4-11f1-b631-eeee0a9b49e1.backend-db-deployer#flowable-async-job-executor-thread-139359#
[PollExecuteTaskStatusExecution] 5fd8dc3c-33ed-4c50-a49f-c9bca4b4cad1 [2026-09-21T12:04:20.770439] Processing revoke files... ok (0s 0ms) (STDOUT, APP/TASK/deploy)#
#2026 09 21 12:04:24.008#Z#DEBUG#6a48e96a-b5b4-11f1-b631-eeee0a9b49e1.backend-db-deployer#flowable-async-job-executor-thread-139359#
[PollExecuteTaskStatusExecution] 5fd8dc3c-33ed-4c50-a49f-c9bca4b4cad1 [2026-09-21T12:04:20.770460] Processing grants files... (STDOUT, APP/TASK/deploy)#
#2026 09 21 12:04:24.008#Z#DEBUG#6a48e96a-b5b4-11f1-b631-eeee0a9b49e1.backend-db-deployer#flowable-async-job-executor-thread-139359#
[PollExecuteTaskStatusExecution] 5fd8dc3c-33ed-4c50-a49f-c9bca4b4cad1 [2026-09-21T12:04:20.770560] Processing grants files... ok (0s 0ms) (STDOUT, APP/TASK/deploy)#
#2026 09 21 12:04:24.008#Z#DEBUG#6a48e96a-b5b4-11f1-b631-eeee0a9b49e1.backend-db-deployer#flowable-async-job-executor-thread-139359#
[PollExecuteTaskStatusExecution] 5fd8dc3c-33ed-4c50-a49f-c9bca4b4cad1 [2026-09-21T12:04:20.773078] Preprocessing files... (STDOUT, APP/TASK/deploy)#
#2026 09 21 12:04:24.008#Z#DEBUG#6a48e96a-b5b4-11f1-b631-eeee0a9b49e1.backend-db-deployer#flowable-async-job-executor-thread-139359#
[PollExecuteTaskStatusExecution] 5fd8dc3c-33ed-4c50-a49f-c9bca4b4cad1 [2026-09-21T12:04:20.773401] Preprocessing files... ok (0s 0ms) (STDOUT, APP/TASK/deploy)#
#2026 09 21 12:04:24.008#Z#DEBUG#6a48e96a-b5b4-11f1-b631-eeee0a9b49e1.backend-db-deployer#flowable-async-job-executor-thread-139359#
[PollExecuteTaskStatusExecution] 5fd8dc3c-33ed-4c50-a49f-c9bca4b4cad1 [2026-09-21T12:04:20.773444] Connecting to the container "4E190AF9079C4FEE882C6D641C13F720"... (STDOUT, APP/TASK/deploy)#
#2026 09 21 12:04:24.008#Z#DEBUG#6a48e96a-b5b4-11f1-b631-eeee0a9b49e1.backend-db-deployer#flowable-async-job-executor-thread-139359#
[PollExecuteTaskStatusExecution] 5fd8dc3c-33ed-4c50-a49f-c9bca4b4cad1 [2026-09-21T12:04:20.839228] Connecting to the container "4E190AF9079C4FEE882C6D641C13F720"... ok (0s 66ms) (STDOUT, APP/TASK/deploy)#
#2026 09 21 12:04:24.008#Z#DEBUG#6a48e96a-b5b4-11f1-b631-eeee0a9b49e1.backend-db-deployer#flowable-async-job-executor-thread-139359#
[PollExecuteTaskStatusExecution] 5fd8dc3c-33ed-4c50-a49f-c9bca4b4cad1 [2026-09-21T12:04:20.839278] Locking the container "4E190AF9079C4FEE882C6D641C13F720"... (STDOUT, APP/TASK/deploy)#
#2026 09 21 12:04:24.008#Z#DEBUG#6a48e96a-b5b4-11f1-b631-eeee0a9b49e1.backend-db-deployer#flowable-async-job-executor-thread-139359#
[PollExecuteTaskStatusExecution] 5fd8dc3c-33ed-4c50-a49f-c9bca4b4cad1 [2026-09-21T12:04:20.978720] Locking the container "4E190AF9079C4FEE882C6D641C13F720"... ok (0s 139ms) (STDOUT, APP/TASK/deploy)#
#2026 09 21 12:04:24.008#Z#DEBUG#6a48e96a-b5b4-11f1-b631-eeee0a9b49e1.backend-db-deployer#flowable-async-job-executor-thread-139359#
[PollExecuteTaskStatusExecution] 5fd8dc3c-33ed-4c50-a49f-c9bca4b4cad1 [2026-09-21T12:04:20.978753] Synchronizing files with the container "4E190AF9079C4FEE882C6D641C13F720"... (STDOUT, APP/TASK/deploy)#
#2026 09 21 12:04:24.008#Z#DEBUG#6a48e96a-b5b4-11f1-b631-eeee0a9b49e1.backend-db-deployer#flowable-async-job-executor-thread-139359#
[PollExecuteTaskStatusExecution] 5fd8dc3c-33ed-4c50-a49f-c9bca4b4cad1 [2026-09-21T12:04:21.234029] Deleting files... (STDOUT, APP/TASK/deploy)#
#2026 09 21 12:04:24.008#Z#DEBUG#6a48e96a-b5b4-11f1-b631-eeee0a9b49e1.backend-db-deployer#flowable-async-job-executor-thread-139359#
[PollExecuteTaskStatusExecution] 5fd8dc3c-33ed-4c50-a49f-c9bca4b4cad1 [2026-09-21T12:04:21.399554] Deleting files... ok (STDOUT, APP/TASK/deploy)#
#2026 09 21 12:04:24.008#Z#DEBUG#6a48e96a-b5b4-11f1-b631-eeee0a9b49e1.backend-db-deployer#flowable-async-job-executor-thread-139359#
[PollExecuteTaskStatusExecution] 5fd8dc3c-33ed-4c50-a49f-c9bca4b4cad1 [2026-09-21T12:04:21.399588] Writing files... (STDOUT, APP/TASK/deploy)#
#2026 09 21 12:04:24.008#Z#DEBUG#6a48e96a-b5b4-11f1-b631-eeee0a9b49e1.backend-db-deployer#flowable-async-job-executor-thread-139359#
[PollExecuteTaskStatusExecution] 5fd8dc3c-33ed-4c50-a49f-c9bca4b4cad1 [2026-09-21T12:04:21.399731] Writing 5 items (STDOUT, APP/TASK/deploy)#
#2026 09 21 12:04:24.008#Z#DEBUG#6a48e96a-b5b4-11f1-b631-eeee0a9b49e1.backend-db-deployer#flowable-async-job-executor-thread-139359#
[PollExecuteTaskStatusExecution] 5fd8dc3c-33ed-4c50-a49f-c9bca4b4cad1 [2026-09-21T12:04:21.684213] Writing files... ok (STDOUT, APP/TASK/deploy)#
#2026 09 21 12:04:24.008#Z#DEBUG#6a48e96a-b5b4-11f1-b631-eeee0a9b49e1.backend-db-deployer#flowable-async-job-executor-thread-139359#
[PollExecuteTaskStatusExecution] 5fd8dc3c-33ed-4c50-a49f-c9bca4b4cad1 [2026-09-21T12:04:21.684244] Synchronizing files with the container "4E190AF9079C4FEE882C6D641C13F720"... ok (0s 705ms) (STDOUT, APP/TASK/deploy)#
#2026 09 21 12:04:24.008#Z#DEBUG#6a48e96a-b5b4-11f1-b631-eeee0a9b49e1.backend-db-deployer#flowable-async-job-executor-thread-139359#
[PollExecuteTaskStatusExecution] 5fd8dc3c-33ed-4c50-a49f-c9bca4b4cad1 [2026-09-21T12:04:21.684594] added files: [ (STDOUT, APP/TASK/deploy)#
#2026 09 21 12:04:24.008#Z#DEBUG#6a48e96a-b5b4-11f1-b631-eeee0a9b49e1.backend-db-deployer#flowable-async-job-executor-thread-139359#
[PollExecuteTaskStatusExecution] 5fd8dc3c-33ed-4c50-a49f-c9bca4b4cad1 [2026-09-21T12:04:21.684626] "src/gen/data/my.bookshop-Books.csv", (STDOUT, APP/TASK/deploy)#
#2026 09 21 12:04:24.008#Z#DEBUG#6a48e96a-b5b4-11f1-b631-eeee0a9b49e1.backend-db-deployer#flowable-async-job-executor-thread-139359#
[PollExecuteTaskStatusExecution] 5fd8dc3c-33ed-4c50-a49f-c9bca4b4cad1 [2026-09-21T12:04:21.684631] "src/gen/data/my.bookshop-Books.hdbtabledata" (STDOUT, APP/TASK/deploy)#
#2026 09 21 12:04:24.008#Z#DEBUG#6a48e96a-b5b4-11f1-b631-eeee0a9b49e1.backend-db-deployer#flowable-async-job-executor-thread-139359#
[PollExecuteTaskStatusExecution] 5fd8dc3c-33ed-4c50-a49f-c9bca4b4cad1 [2026-09-21T12:04:21.684638] ] (STDOUT, APP/TASK/deploy)#
#2026 09 21 12:04:24.008#Z#DEBUG#6a48e96a-b5b4-11f1-b631-eeee0a9b49e1.backend-db-deployer#flowable-async-job-executor-thread-139359#
[PollExecuteTaskStatusExecution] 5fd8dc3c-33ed-4c50-a49f-c9bca4b4cad1 [2026-09-21T12:04:21.684643] modified files: [] (STDOUT, APP/TASK/deploy)#
#2026 09 21 12:04:24.008#Z#DEBUG#6a48e96a-b5b4-11f1-b631-eeee0a9b49e1.backend-db-deployer#flowable-async-job-executor-thread-139359#
[PollExecuteTaskStatusExecution] 5fd8dc3c-33ed-4c50-a49f-c9bca4b4cad1 [2026-09-21T12:04:21.684646] deleted files: [] (STDOUT, APP/TASK/deploy)#
#2026 09 21 12:04:24.008#Z#DEBUG#6a48e96a-b5b4-11f1-b631-eeee0a9b49e1.backend-db-deployer#flowable-async-job-executor-thread-139359#
[PollExecuteTaskStatusExecution] 5fd8dc3c-33ed-4c50-a49f-c9bca4b4cad1 [2026-09-21T12:04:21.684650] 2 modified or added files are scheduled for deploy based on delta detection (STDOUT, APP/TASK/deploy)#
#2026 09 21 12:04:24.008#Z#DEBUG#6a48e96a-b5b4-11f1-b631-eeee0a9b49e1.backend-db-deployer#flowable-async-job-executor-thread-139359#
[PollExecuteTaskStatusExecution] 5fd8dc3c-33ed-4c50-a49f-c9bca4b4cad1 [2026-09-21T12:04:21.684811] 0 deleted files are scheduled for undeploy based on delta detection (filtered by undeploy allowlist) (STDOUT, APP/TASK/deploy)#
#2026 09 21 12:04:24.008#Z#DEBUG#6a48e96a-b5b4-11f1-b631-eeee0a9b49e1.backend-db-deployer#flowable-async-job-executor-thread-139359#
[PollExecuteTaskStatusExecution] 5fd8dc3c-33ed-4c50-a49f-c9bca4b4cad1 [2026-09-21T12:04:21.684888] 0 files are scheduled for deploy based on explicit specification (STDOUT, APP/TASK/deploy)#
#2026 09 21 12:04:24.008#Z#DEBUG#6a48e96a-b5b4-11f1-b631-eeee0a9b49e1.backend-db-deployer#flowable-async-job-executor-thread-139359#
[PollExecuteTaskStatusExecution] 5fd8dc3c-33ed-4c50-a49f-c9bca4b4cad1 [2026-09-21T12:04:21.684908] 0 files are scheduled for undeploy based on explicit specification (STDOUT, APP/TASK/deploy)#
#2026 09 21 12:04:24.008#Z#DEBUG#6a48e96a-b5b4-11f1-b631-eeee0a9b49e1.backend-db-deployer#flowable-async-job-executor-thread-139359#
[PollExecuteTaskStatusExecution] 5fd8dc3c-33ed-4c50-a49f-c9bca4b4cad1 [2026-09-21T12:04:21.685070] Deploying to the container "4E190AF9079C4FEE882C6D641C13F720"... (STDOUT, APP/TASK/deploy)#
#2026 09 21 12:04:24.008#Z#DEBUG#6a48e96a-b5b4-11f1-b631-eeee0a9b49e1.backend-db-deployer#flowable-async-job-executor-thread-139359#
[PollExecuteTaskStatusExecution] 5fd8dc3c-33ed-4c50-a49f-c9bca4b4cad1 [2026-09-21T12:04:22.295895] Polling messages for request id: 82 (STDOUT, APP/TASK/deploy)#
#2026 09 21 12:04:24.008#Z#DEBUG#6a48e96a-b5b4-11f1-b631-eeee0a9b49e1.backend-db-deployer#flowable-async-job-executor-thread-139359#
[PollExecuteTaskStatusExecution] 5fd8dc3c-33ed-4c50-a49f-c9bca4b4cad1 [2026-09-21T12:04:22.306749] Starting make in the container "4E190AF9079C4FEE882C6D641C13F720" with 2 files to deploy, 0 files to undeploy... (STDOUT, APP/TASK/deploy)#
#2026 09 21 12:04:24.008#Z#DEBUG#6a48e96a-b5b4-11f1-b631-eeee0a9b49e1.backend-db-deployer#flowable-async-job-executor-thread-139359#
[PollExecuteTaskStatusExecution] 5fd8dc3c-33ed-4c50-a49f-c9bca4b4cad1 [2026-09-21T12:04:22.306783] Disabling table replication for the container schema "4E190AF9079C4FEE882C6D641C13F720"... (STDOUT, APP/TASK/deploy)#
#2026 09 21 12:04:24.008#Z#DEBUG#6a48e96a-b5b4-11f1-b631-eeee0a9b49e1.backend-db-deployer#flowable-async-job-executor-thread-139359#
[PollExecuteTaskStatusExecution] 5fd8dc3c-33ed-4c50-a49f-c9bca4b4cad1 [2026-09-21T12:04:22.306787] Disabling table replication for the container schema "4E190AF9079C4FEE882C6D641C13F720"... ok (0s 12ms) (STDOUT, APP/TASK/deploy)#
#2026 09 21 12:04:24.008#Z#DEBUG#6a48e96a-b5b4-11f1-b631-eeee0a9b49e1.backend-db-deployer#flowable-async-job-executor-thread-139359#
[PollExecuteTaskStatusExecution] 5fd8dc3c-33ed-4c50-a49f-c9bca4b4cad1 [2026-09-21T12:04:22.306792] Migrating libraries... (STDOUT, APP/TASK/deploy)#
#2026 09 21 12:04:24.008#Z#DEBUG#6a48e96a-b5b4-11f1-b631-eeee0a9b49e1.backend-db-deployer#flowable-async-job-executor-thread-139359#
[PollExecuteTaskStatusExecution] 5fd8dc3c-33ed-4c50-a49f-c9bca4b4cad1 [2026-09-21T12:04:22.306799] Migrating libraries... ok (0s 24ms) (STDOUT, APP/TASK/deploy)#
#2026 09 21 12:04:24.008#Z#DEBUG#6a48e96a-b5b4-11f1-b631-eeee0a9b49e1.backend-db-deployer#flowable-async-job-executor-thread-139359#
[PollExecuteTaskStatusExecution] 5fd8dc3c-33ed-4c50-a49f-c9bca4b4cad1 [2026-09-21T12:04:22.306814] Making... (STDOUT, APP/TASK/deploy)#
#2026 09 21 12:04:24.008#Z#DEBUG#6a48e96a-b5b4-11f1-b631-eeee0a9b49e1.backend-db-deployer#flowable-async-job-executor-thread-139359#
[PollExecuteTaskStatusExecution] 5fd8dc3c-33ed-4c50-a49f-c9bca4b4cad1 [2026-09-21T12:04:22.306816] Preparing... (STDOUT, APP/TASK/deploy)#
#2026 09 21 12:04:24.008#Z#DEBUG#6a48e96a-b5b4-11f1-b631-eeee0a9b49e1.backend-db-deployer#flowable-async-job-executor-thread-139359#
[PollExecuteTaskStatusExecution] 5fd8dc3c-33ed-4c50-a49f-c9bca4b4cad1 [2026-09-21T12:04:22.306818] Preparing the make transaction... (STDOUT, APP/TASK/deploy)#
#2026 09 21 12:04:24.008#Z#DEBUG#6a48e96a-b5b4-11f1-b631-eeee0a9b49e1.backend-db-deployer#flowable-async-job-executor-thread-139359#
[PollExecuteTaskStatusExecution] 5fd8dc3c-33ed-4c50-a49f-c9bca4b4cad1 [2026-09-21T12:04:22.306929] Preparing the make transaction... ok (0s 115ms) (STDOUT, APP/TASK/deploy)#
#2026 09 21 12:04:24.008#Z#DEBUG#6a48e96a-b5b4-11f1-b631-eeee0a9b49e1.backend-db-deployer#flowable-async-job-executor-thread-139359#
[PollExecuteTaskStatusExecution] 5fd8dc3c-33ed-4c50-a49f-c9bca4b4cad1 [2026-09-21T12:04:22.306943] Adding "src/gen/data/my.bookshop-Books.csv" for deploy... (STDOUT, APP/TASK/deploy)#
#2026 09 21 12:04:24.008#Z#DEBUG#6a48e96a-b5b4-11f1-b631-eeee0a9b49e1.backend-db-deployer#flowable-async-job-executor-thread-139359#
[PollExecuteTaskStatusExecution] 5fd8dc3c-33ed-4c50-a49f-c9bca4b4cad1 [2026-09-21T12:04:22.306954] Adding "src/gen/data/my.bookshop-Books.csv" for deploy... ok (0s 115ms) (STDOUT, APP/TASK/deploy)#
#2026 09 21 12:04:24.008#Z#DEBUG#6a48e96a-b5b4-11f1-b631-eeee0a9b49e1.backend-db-deployer#flowable-async-job-executor-thread-139359#
[PollExecuteTaskStatusExecution] 5fd8dc3c-33ed-4c50-a49f-c9bca4b4cad1 [2026-09-21T12:04:22.306963] Adding "src/gen/data/my.bookshop-Books.hdbtabledata" for deploy... (STDOUT, APP/TASK/deploy)#
#2026 09 21 12:04:24.008#Z#DEBUG#6a48e96a-b5b4-11f1-b631-eeee0a9b49e1.backend-db-deployer#flowable-async-job-executor-thread-139359#
[PollExecuteTaskStatusExecution] 5fd8dc3c-33ed-4c50-a49f-c9bca4b4cad1 [2026-09-21T12:04:22.306975] Adding "src/gen/data/my.bookshop-Books.hdbtabledata" for deploy... ok (0s 0ms) (STDOUT, APP/TASK/deploy)#
#2026 09 21 12:04:24.008#Z#DEBUG#6a48e96a-b5b4-11f1-b631-eeee0a9b49e1.backend-db-deployer#flowable-async-job-executor-thread-139359#
[PollExecuteTaskStatusExecution] 5fd8dc3c-33ed-4c50-a49f-c9bca4b4cad1 [2026-09-21T12:04:22.306978] Preparing... ok (0s 248ms) (STDOUT, APP/TASK/deploy)#
#2026 09 21 12:04:24.008#Z#DEBUG#6a48e96a-b5b4-11f1-b631-eeee0a9b49e1.backend-db-deployer#flowable-async-job-executor-thread-139359#
[PollExecuteTaskStatusExecution] 5fd8dc3c-33ed-4c50-a49f-c9bca4b4cad1 [2026-09-21T12:04:22.306980] Calculating dependencies... (STDOUT, APP/TASK/deploy)#
#2026 09 21 12:04:24.008#Z#DEBUG#6a48e96a-b5b4-11f1-b631-eeee0a9b49e1.backend-db-deployer#flowable-async-job-executor-thread-139359#
[PollExecuteTaskStatusExecution] 5fd8dc3c-33ed-4c50-a49f-c9bca4b4cad1 [2026-09-21T12:04:22.306984] Expanding... (STDOUT, APP/TASK/deploy)#
#2026 09 21 12:04:24.008#Z#DEBUG#6a48e96a-b5b4-11f1-b631-eeee0a9b49e1.backend-db-deployer#flowable-async-job-executor-thread-139359#
[PollExecuteTaskStatusExecution] 5fd8dc3c-33ed-4c50-a49f-c9bca4b4cad1 [2026-09-21T12:04:22.306988] Expanding "src/gen/data/my.bookshop-Books.hdbtabledata"... (STDOUT, APP/TASK/deploy)#
#2026 09 21 12:04:24.008#Z#DEBUG#6a48e96a-b5b4-11f1-b631-eeee0a9b49e1.backend-db-deployer#flowable-async-job-executor-thread-139359#
[PollExecuteTaskStatusExecution] 5fd8dc3c-33ed-4c50-a49f-c9bca4b4cad1 [2026-09-21T12:04:22.307] Expanding "src/gen/data/my.bookshop-Books.hdbtabledata"... ok (0s 2ms) (STDOUT, APP/TASK/deploy)#
#2026 09 21 12:04:24.008#Z#DEBUG#6a48e96a-b5b4-11f1-b631-eeee0a9b49e1.backend-db-deployer#flowable-async-job-executor-thread-139359#
[PollExecuteTaskStatusExecution] 5fd8dc3c-33ed-4c50-a49f-c9bca4b4cad1 [2026-09-21T12:04:22.307620] Expanding... ok (0s 21ms) (STDOUT, APP/TASK/deploy)#
#2026 09 21 12:04:24.008#Z#DEBUG#6a48e96a-b5b4-11f1-b631-eeee0a9b49e1.backend-db-deployer#flowable-async-job-executor-thread-139359#
[PollExecuteTaskStatusExecution] 5fd8dc3c-33ed-4c50-a49f-c9bca4b4cad1 [2026-09-21T12:04:22.307628] Precompiling... (STDOUT, APP/TASK/deploy)#
#2026 09 21 12:04:24.008#Z#DEBUG#6a48e96a-b5b4-11f1-b631-eeee0a9b49e1.backend-db-deployer#flowable-async-job-executor-thread-139359#
[PollExecuteTaskStatusExecution] 5fd8dc3c-33ed-4c50-a49f-c9bca4b4cad1 [2026-09-21T12:04:22.307631] Precompiling "src/gen/data/my.bookshop-Books.csv"... (STDOUT, APP/TASK/deploy)#
#2026 09 21 12:04:24.008#Z#DEBUG#6a48e96a-b5b4-11f1-b631-eeee0a9b49e1.backend-db-deployer#flowable-async-job-executor-thread-139359#
[PollExecuteTaskStatusExecution] 5fd8dc3c-33ed-4c50-a49f-c9bca4b4cad1 [2026-09-21T12:04:22.307635] Precompiling "src/gen/data/my.bookshop-Books.hdbtabledata"... (STDOUT, APP/TASK/deploy)#
#2026 09 21 12:04:24.008#Z#DEBUG#6a48e96a-b5b4-11f1-b631-eeee0a9b49e1.backend-db-deployer#flowable-async-job-executor-thread-139359#
[PollExecuteTaskStatusExecution] 5fd8dc3c-33ed-4c50-a49f-c9bca4b4cad1 [2026-09-21T12:04:22.307639] Precompiling "src/gen/data/my.bookshop-Books.hdbtabledata"... ok (0s 0ms) (STDOUT, APP/TASK/deploy)#
#2026 09 21 12:04:24.008#Z#DEBUG#6a48e96a-b5b4-11f1-b631-eeee0a9b49e1.backend-db-deployer#flowable-async-job-executor-thread-139359#
[PollExecuteTaskStatusExecution] 5fd8dc3c-33ed-4c50-a49f-c9bca4b4cad1 [2026-09-21T12:04:22.307642] Precompiling "src/gen/data/my.bookshop-Books.hdbtabledata$0.expand"... (STDOUT, APP/TASK/deploy)#
#2026 09 21 12:04:24.008#Z#DEBUG#6a48e96a-b5b4-11f1-b631-eeee0a9b49e1.backend-db-deployer#flowable-async-job-executor-thread-139359#
[PollExecuteTaskStatusExecution] 5fd8dc3c-33ed-4c50-a49f-c9bca4b4cad1 [2026-09-21T12:04:22.307645] Expanded from "src/gen/data/my.bookshop-Books.hdbtabledata" (STDOUT, APP/TASK/deploy)#
#2026 09 21 12:04:24.008#Z#DEBUG#6a48e96a-b5b4-11f1-b631-eeee0a9b49e1.backend-db-deployer#flowable-async-job-executor-thread-139359#
[PollExecuteTaskStatusExecution] 5fd8dc3c-33ed-4c50-a49f-c9bca4b4cad1 [2026-09-21T12:04:22.307651] Precompiling "src/gen/data/my.bookshop-Books.hdbtabledata$0.expand"... ok (0s 1ms) (STDOUT, APP/TASK/deploy)#
#2026 09 21 12:04:24.008#Z#DEBUG#6a48e96a-b5b4-11f1-b631-eeee0a9b49e1.backend-db-deployer#flowable-async-job-executor-thread-139359#
[PollExecuteTaskStatusExecution] 5fd8dc3c-33ed-4c50-a49f-c9bca4b4cad1 [2026-09-21T12:04:22.307653] Precompiling "src/gen/data/my.bookshop-Books.csv"... ok (0s 2ms) (STDOUT, APP/TASK/deploy)#
#2026 09 21 12:04:24.008#Z#DEBUG#6a48e96a-b5b4-11f1-b631-eeee0a9b49e1.backend-db-deployer#flowable-async-job-executor-thread-139359#
[PollExecuteTaskStatusExecution] 5fd8dc3c-33ed-4c50-a49f-c9bca4b4cad1 [2026-09-21T12:04:22.307656] Precompiling... ok (0s 19ms) (STDOUT, APP/TASK/deploy)#
#2026 09 21 12:04:24.008#Z#DEBUG#6a48e96a-b5b4-11f1-b631-eeee0a9b49e1.backend-db-deployer#flowable-async-job-executor-thread-139359#
[PollExecuteTaskStatusExecution] 5fd8dc3c-33ed-4c50-a49f-c9bca4b4cad1 [2026-09-21T12:04:22.307659] Merging... (STDOUT, APP/TASK/deploy)#
#2026 09 21 12:04:24.008#Z#DEBUG#6a48e96a-b5b4-11f1-b631-eeee0a9b49e1.backend-db-deployer#flowable-async-job-executor-thread-139359#
[PollExecuteTaskStatusExecution] 5fd8dc3c-33ed-4c50-a49f-c9bca4b4cad1 [2026-09-21T12:04:22.307661] Merging... ok (0s 24ms) (STDOUT, APP/TASK/deploy)#
#2026 09 21 12:04:24.008#Z#DEBUG#6a48e96a-b5b4-11f1-b631-eeee0a9b49e1.backend-db-deployer#flowable-async-job-executor-thread-139359#
[PollExecuteTaskStatusExecution] 5fd8dc3c-33ed-4c50-a49f-c9bca4b4cad1 [2026-09-21T12:04:22.307665] Calculating dependencies... ok (0s 64ms) (STDOUT, APP/TASK/deploy)#
#2026 09 21 12:04:24.008#Z#DEBUG#6a48e96a-b5b4-11f1-b631-eeee0a9b49e1.backend-db-deployer#flowable-async-job-executor-thread-139359#
[PollExecuteTaskStatusExecution] 5fd8dc3c-33ed-4c50-a49f-c9bca4b4cad1 [2026-09-21T12:04:22.851559] Processing work list... (STDOUT, APP/TASK/deploy)#
#2026 09 21 12:04:24.008#Z#DEBUG#6a48e96a-b5b4-11f1-b631-eeee0a9b49e1.backend-db-deployer#flowable-async-job-executor-thread-139359#
[PollExecuteTaskStatusExecution] 5fd8dc3c-33ed-4c50-a49f-c9bca4b4cad1 [2026-09-21T12:04:22.851598] Deploying "src/gen/data/my.bookshop-Books.csv"... (STDOUT, APP/TASK/deploy)#
#2026 09 21 12:04:24.008#Z#DEBUG#6a48e96a-b5b4-11f1-b631-eeee0a9b49e1.backend-db-deployer#flowable-async-job-executor-thread-139359#
[PollExecuteTaskStatusExecution] 5fd8dc3c-33ed-4c50-a49f-c9bca4b4cad1 [2026-09-21T12:04:22.851602] Deploying "src/gen/data/my.bookshop-Books.hdbtabledata"... (STDOUT, APP/TASK/deploy)#
#2026 09 21 12:04:24.008#Z#DEBUG#6a48e96a-b5b4-11f1-b631-eeee0a9b49e1.backend-db-deployer#flowable-async-job-executor-thread-139359#
[PollExecuteTaskStatusExecution] 5fd8dc3c-33ed-4c50-a49f-c9bca4b4cad1 [2026-09-21T12:04:22.851605] Deploying "src/gen/data/my.bookshop-Books.hdbtabledata"... ok (0s 0ms) (STDOUT, APP/TASK/deploy)#
#2026 09 21 12:04:24.008#Z#DEBUG#6a48e96a-b5b4-11f1-b631-eeee0a9b49e1.backend-db-deployer#flowable-async-job-executor-thread-139359#
[PollExecuteTaskStatusExecution] 5fd8dc3c-33ed-4c50-a49f-c9bca4b4cad1 [2026-09-21T12:04:22.851608] Deploying "src/gen/data/my.bookshop-Books.csv"... ok (0s 8ms) (STDOUT, APP/TASK/deploy)#
#2026 09 21 12:04:24.008#Z#DEBUG#6a48e96a-b5b4-11f1-b631-eeee0a9b49e1.backend-db-deployer#flowable-async-job-executor-thread-139359#
[PollExecuteTaskStatusExecution] 5fd8dc3c-33ed-4c50-a49f-c9bca4b4cad1 [2026-09-21T12:04:22.851611] Deploying "src/gen/data/my.bookshop-Books.hdbtabledata$0.expand"... (STDOUT, APP/TASK/deploy)#
#2026 09 21 12:04:24.008#Z#DEBUG#6a48e96a-b5b4-11f1-b631-eeee0a9b49e1.backend-db-deployer#flowable-async-job-executor-thread-139359#
[PollExecuteTaskStatusExecution] 5fd8dc3c-33ed-4c50-a49f-c9bca4b4cad1 [2026-09-21T12:04:22.851618] Expanded from "src/gen/data/my.bookshop-Books.hdbtabledata" (STDOUT, APP/TASK/deploy)#
#2026 09 21 12:04:24.008#Z#DEBUG#6a48e96a-b5b4-11f1-b631-eeee0a9b49e1.backend-db-deployer#flowable-async-job-executor-thread-139359#
[PollExecuteTaskStatusExecution] 5fd8dc3c-33ed-4c50-a49f-c9bca4b4cad1 [2026-09-21T12:04:22.851674] Error: com.sap.hana.di.tabledata: The "include_filter" definitions match with 1 records that already exist in the "MY_BOOKSHOP_BOOKS" table [8251521] (STDERR, APP/TASK/deploy)#
#2026 09 21 12:04:24.008#Z#DEBUG#6a48e96a-b5b4-11f1-b631-eeee0a9b49e1.backend-db-deployer#flowable-async-job-executor-thread-139359#
[PollExecuteTaskStatusExecution] 5fd8dc3c-33ed-4c50-a49f-c9bca4b4cad1 [2026-09-21T12:04:22.851691] Error: com.sap.hana.di.tabledata: Deploying "src/gen/data/my.bookshop-Books.hdbtabledata$0.expand"... failed [8212145] (STDERR, APP/TASK/deploy)#
#2026 09 21 12:04:24.008#Z#DEBUG#6a48e96a-b5b4-11f1-b631-eeee0a9b49e1.backend-db-deployer#flowable-async-job-executor-thread-139359#
[PollExecuteTaskStatusExecution] 5fd8dc3c-33ed-4c50-a49f-c9bca4b4cad1 [2026-09-21T12:04:22.851779] at "src/gen/data/my.bookshop-Books.hdbtabledata" (14:26,/imports[0]/import_settings) (STDOUT, APP/TASK/deploy)#
#2026 09 21 12:04:24.008#Z#DEBUG#6a48e96a-b5b4-11f1-b631-eeee0a9b49e1.backend-db-deployer#flowable-async-job-executor-thread-139359#
[PollExecuteTaskStatusExecution] 5fd8dc3c-33ed-4c50-a49f-c9bca4b4cad1 [2026-09-21T12:04:22.851798] at "src/gen/data/my.bookshop-Books.hdbtabledata$0.expand" (0:0) (STDOUT, APP/TASK/deploy)#
#2026 09 21 12:04:24.008#Z#DEBUG#6a48e96a-b5b4-11f1-b631-eeee0a9b49e1.backend-db-deployer#flowable-async-job-executor-thread-139359#
[PollExecuteTaskStatusExecution] 5fd8dc3c-33ed-4c50-a49f-c9bca4b4cad1 [2026-09-21T12:04:22.851803] Make failed (5 errors, 0 warnings): tried to deploy 2 files, undeploy 0 files, redeploy 1 dependent files (STDOUT, APP/TASK/deploy)#
#2026 09 21 12:04:24.008#Z#DEBUG#6a48e96a-b5b4-11f1-b631-eeee0a9b49e1.backend-db-deployer#flowable-async-job-executor-thread-139359#
[PollExecuteTaskStatusExecution] 5fd8dc3c-33ed-4c50-a49f-c9bca4b4cad1 [2026-09-21T12:04:22.851837] Error: Worker 2 has encountered an error; all remaining jobs will be canceled [8214600] (STDERR, APP/TASK/deploy)#
#2026 09 21 12:04:24.008#Z#DEBUG#6a48e96a-b5b4-11f1-b631-eeee0a9b49e1.backend-db-deployer#flowable-async-job-executor-thread-139359#
[PollExecuteTaskStatusExecution] 5fd8dc3c-33ed-4c50-a49f-c9bca4b4cad1 [2026-09-21T12:04:22.851845] Error: Processing work list... failed [8212102] (STDERR, APP/TASK/deploy)#
#2026 09 21 12:04:24.008#Z#DEBUG#6a48e96a-b5b4-11f1-b631-eeee0a9b49e1.backend-db-deployer#flowable-async-job-executor-thread-139359#
[PollExecuteTaskStatusExecution] 5fd8dc3c-33ed-4c50-a49f-c9bca4b4cad1 [2026-09-21T12:04:22.851848] Error: Making... failed [8211605] (STDERR, APP/TASK/deploy)#
#2026 09 21 12:04:24.008#Z#DEBUG#6a48e96a-b5b4-11f1-b631-eeee0a9b49e1.backend-db-deployer#flowable-async-job-executor-thread-139359#
[PollExecuteTaskStatusExecution] 5fd8dc3c-33ed-4c50-a49f-c9bca4b4cad1 [2026-09-21T12:04:22.851858] Error: Starting make in the container "4E190AF9079C4FEE882C6D641C13F720" with 2 files to deploy, 0 files to undeploy... failed [8214168] (STDERR, APP/TASK/deploy)#
#2026 09 21 12:04:24.008#Z#DEBUG#6a48e96a-b5b4-11f1-b631-eeee0a9b49e1.backend-db-deployer#flowable-async-job-executor-thread-139359#
[PollExecuteTaskStatusExecution] 5fd8dc3c-33ed-4c50-a49f-c9bca4b4cad1 [2026-09-21T12:04:22.852161] Deployment to container 4E190AF9079C4FEE882C6D641C13F720 failed - error: HDI make failed [Deployment ID: none]. (STDERR, APP/TASK/deploy)#
#2026 09 21 12:04:24.008#Z#DEBUG#6a48e96a-b5b4-11f1-b631-eeee0a9b49e1.backend-db-deployer#flowable-async-job-executor-thread-139359#
[PollExecuteTaskStatusExecution] 5fd8dc3c-33ed-4c50-a49f-c9bca4b4cad1 [2026-09-21T12:04:22.852743] Error: HDI make failed (STDERR, APP/TASK/deploy)#
#2026 09 21 12:04:24.008#Z#DEBUG#6a48e96a-b5b4-11f1-b631-eeee0a9b49e1.backend-db-deployer#flowable-async-job-executor-thread-139359#
[PollExecuteTaskStatusExecution] 5fd8dc3c-33ed-4c50-a49f-c9bca4b4cad1 [2026-09-21T12:04:22.852755] Deployment ended at 2026-09-21 12:04:22 (STDOUT, APP/TASK/deploy)#
#2026 09 21 12:04:24.008#Z#DEBUG#6a48e96a-b5b4-11f1-b631-eeee0a9b49e1.backend-db-deployer#flowable-async-job-executor-thread-139359#
[PollExecuteTaskStatusExecution] 5fd8dc3c-33ed-4c50-a49f-c9bca4b4cad1 [2026-09-21T12:04:22.853302] (2s 835ms) (STDOUT, APP/TASK/deploy)#
#2026 09 21 12:04:24.008#Z#DEBUG#6a48e96a-b5b4-11f1-b631-eeee0a9b49e1.backend-db-deployer#flowable-async-job-executor-thread-139359#
[PollExecuteTaskStatusExecution] 5fd8dc3c-33ed-4c50-a49f-c9bca4b4cad1 [2026-09-21T12:04:22.871216] npm notice (STDERR, APP/TASK/deploy)#
#2026 09 21 12:04:24.008#Z#DEBUG#6a48e96a-b5b4-11f1-b631-eeee0a9b49e1.backend-db-deployer#flowable-async-job-executor-thread-139359#
[PollExecuteTaskStatusExecution] 5fd8dc3c-33ed-4c50-a49f-c9bca4b4cad1 [2026-09-21T12:04:22.871302] npm notice New major version of npm available! 11.17.0 -> 12.0.2 (STDERR, APP/TASK/deploy)#
#2026 09 21 12:04:24.008#Z#DEBUG#6a48e96a-b5b4-11f1-b631-eeee0a9b49e1.backend-db-deployer#flowable-async-job-executor-thread-139359#
[PollExecuteTaskStatusExecution] 5fd8dc3c-33ed-4c50-a49f-c9bca4b4cad1 [2026-09-21T12:04:22.871309] npm notice Changelog: https://github.com/npm/cli/releases/tag/v12.0.2 (STDERR, APP/TASK/deploy)#
#2026 09 21 12:04:24.008#Z#DEBUG#6a48e96a-b5b4-11f1-b631-eeee0a9b49e1.backend-db-deployer#flowable-async-job-executor-thread-139359#
[PollExecuteTaskStatusExecution] 5fd8dc3c-33ed-4c50-a49f-c9bca4b4cad1 [2026-09-21T12:04:22.871312] npm notice To update run: npm install -g npm@12.0.2 (STDERR, APP/TASK/deploy)#
#2026 09 21 12:04:24.008#Z#DEBUG#6a48e96a-b5b4-11f1-b631-eeee0a9b49e1.backend-db-deployer#flowable-async-job-executor-thread-139359#
[PollExecuteTaskStatusExecution] 5fd8dc3c-33ed-4c50-a49f-c9bca4b4cad1 [2026-09-21T12:04:22.871314] npm notice (STDERR, APP/TASK/deploy)#
#2026 09 21 12:04:24.008#Z#DEBUG#6a48e96a-b5b4-11f1-b631-eeee0a9b49e1.backend-db-deployer#flowable-async-job-executor-thread-139359#
[PollExecuteTaskStatusExecution] 5fd8dc3c-33ed-4c50-a49f-c9bca4b4cad1 [2026-09-21T12:04:22.949863] Exit status 1 (STDOUT, APP/TASK/deploy)#
#2026 09 21 12:04:34.056#Z#DEBUG#6a48e96a-b5b4-11f1-b631-eeee0a9b49e1.backend-db-deployer#flowable-async-job-executor-thread-139353#
[PollExecuteTaskStatusExecution] 5fd8dc3c-33ed-4c50-a49f-c9bca4b4cad1 [2026-09-21T12:03:24.713145] Updated app with guid 5fd8dc3c-33ed-4c50-a49f-c9bca4b4cad1 ({"lifecycle"=>{"data"=>{"buildpacks"=>["nodejs_buildpack"]}, "type"=>"buildpack"}}) (STDOUT, API)#
#2026 09 21 12:04:34.056#Z#DEBUG#6a48e96a-b5b4-11f1-b631-eeee0a9b49e1.backend-db-deployer#flowable-async-job-executor-thread-139353#
[PollExecuteTaskStatusExecution] 5fd8dc3c-33ed-4c50-a49f-c9bca4b4cad1 [2026-09-21T12:03:24.793827] Updating process: "web" (STDOUT, API)#
#2026 09 21 12:04:34.056#Z#DEBUG#6a48e96a-b5b4-11f1-b631-eeee0a9b49e1.backend-db-deployer#flowable-async-job-executor-thread-139353#
[PollExecuteTaskStatusExecution] 5fd8dc3c-33ed-4c50-a49f-c9bca4b4cad1 [2026-09-21T12:03:32.977049] Uploading app package for app with guid 5fd8dc3c-33ed-4c50-a49f-c9bca4b4cad1 (STDOUT, API)#
#2026 09 21 12:04:34.056#Z#DEBUG#6a48e96a-b5b4-11f1-b631-eeee0a9b49e1.backend-db-deployer#flowable-async-job-executor-thread-139353#
[PollExecuteTaskStatusExecution] 5fd8dc3c-33ed-4c50-a49f-c9bca4b4cad1 [2026-09-21T12:03:33.154313] Updated app with guid 5fd8dc3c-33ed-4c50-a49f-c9bca4b4cad1 ({"environment_variables"=>"[PRIVATE DATA HIDDEN]"}) (STDOUT, API)#
#2026 09 21 12:04:34.056#Z#DEBUG#6a48e96a-b5b4-11f1-b631-eeee0a9b49e1.backend-db-deployer#flowable-async-job-executor-thread-139353#
[PollExecuteTaskStatusExecution] 5fd8dc3c-33ed-4c50-a49f-c9bca4b4cad1 [2026-09-21T12:03:43.173335] Creating build for app with guid 5fd8dc3c-33ed-4c50-a49f-c9bca4b4cad1 (STDOUT, API)#
#2026 09 21 12:04:34.056#Z#DEBUG#6a48e96a-b5b4-11f1-b631-eeee0a9b49e1.backend-db-deployer#flowable-async-job-executor-thread-139353#
[PollExecuteTaskStatusExecution] 5fd8dc3c-33ed-4c50-a49f-c9bca4b4cad1 [2026-09-21T12:03:44.014418] Downloading nodejs_buildpack... (STDOUT, STG)#
#2026 09 21 12:04:34.056#Z#DEBUG#6a48e96a-b5b4-11f1-b631-eeee0a9b49e1.backend-db-deployer#flowable-async-job-executor-thread-139353#
[PollExecuteTaskStatusExecution] 5fd8dc3c-33ed-4c50-a49f-c9bca4b4cad1 [2026-09-21T12:03:44.055806] Downloaded nodejs_buildpack (STDOUT, STG)#
#2026 09 21 12:04:34.056#Z#DEBUG#6a48e96a-b5b4-11f1-b631-eeee0a9b49e1.backend-db-deployer#flowable-async-job-executor-thread-139353#
[PollExecuteTaskStatusExecution] 5fd8dc3c-33ed-4c50-a49f-c9bca4b4cad1 [2026-09-21T12:03:44.055917] Cell 684caff8-89cd-492b-be01-b3d0835f1763 creating container for instance d1e3b986-133b-4ce5-a980-4b5e23ec5c43 (STDOUT, STG)#
#2026 09 21 12:04:34.056#Z#DEBUG#6a48e96a-b5b4-11f1-b631-eeee0a9b49e1.backend-db-deployer#flowable-async-job-executor-thread-139353#
[PollExecuteTaskStatusExecution] 5fd8dc3c-33ed-4c50-a49f-c9bca4b4cad1 [2026-09-21T12:03:44.749255] Security group rules were updated (STDOUT, STG)#
#2026 09 21 12:04:34.056#Z#DEBUG#6a48e96a-b5b4-11f1-b631-eeee0a9b49e1.backend-db-deployer#flowable-async-job-executor-thread-139353#
[PollExecuteTaskStatusExecution] 5fd8dc3c-33ed-4c50-a49f-c9bca4b4cad1 [2026-09-21T12:03:44.789522] Cell 684caff8-89cd-492b-be01-b3d0835f1763 successfully created container for instance d1e3b986-133b-4ce5-a980-4b5e23ec5c43 (STDOUT, STG)#
#2026 09 21 12:04:34.056#Z#DEBUG#6a48e96a-b5b4-11f1-b631-eeee0a9b49e1.backend-db-deployer#flowable-async-job-executor-thread-139353#
[PollExecuteTaskStatusExecution] 5fd8dc3c-33ed-4c50-a49f-c9bca4b4cad1 [2026-09-21T12:03:46.955226] Downloading app package... (STDOUT, STG)#
#2026 09 21 12:04:34.056#Z#DEBUG#6a48e96a-b5b4-11f1-b631-eeee0a9b49e1.backend-db-deployer#flowable-async-job-executor-thread-139353#
[PollExecuteTaskStatusExecution] 5fd8dc3c-33ed-4c50-a49f-c9bca4b4cad1 [2026-09-21T12:03:46.955337] Downloading build artifacts cache... (STDOUT, STG)#
#2026 09 21 12:04:34.056#Z#DEBUG#6a48e96a-b5b4-11f1-b631-eeee0a9b49e1.backend-db-deployer#flowable-async-job-executor-thread-139353#
[PollExecuteTaskStatusExecution] 5fd8dc3c-33ed-4c50-a49f-c9bca4b4cad1 [2026-09-21T12:03:47.020525] Downloaded build artifacts cache (222B) (STDOUT, STG)#
#2026 09 21 12:04:34.056#Z#DEBUG#6a48e96a-b5b4-11f1-b631-eeee0a9b49e1.backend-db-deployer#flowable-async-job-executor-thread-139353#
[PollExecuteTaskStatusExecution] 5fd8dc3c-33ed-4c50-a49f-c9bca4b4cad1 [2026-09-21T12:03:47.319866] Downloaded app package (2.3M) (STDOUT, STG)#
#2026 09 21 12:04:34.056#Z#DEBUG#6a48e96a-b5b4-11f1-b631-eeee0a9b49e1.backend-db-deployer#flowable-async-job-executor-thread-139353#
[PollExecuteTaskStatusExecution] 5fd8dc3c-33ed-4c50-a49f-c9bca4b4cad1 [2026-09-21T12:03:47.445661] -----> Nodejs Buildpack version 1.9.4 (STDOUT, STG)#
#2026 09 21 12:04:34.056#Z#DEBUG#6a48e96a-b5b4-11f1-b631-eeee0a9b49e1.backend-db-deployer#flowable-async-job-executor-thread-139353#
[PollExecuteTaskStatusExecution] 5fd8dc3c-33ed-4c50-a49f-c9bca4b4cad1 [2026-09-21T12:03:47.535780] -----> Bootstrapping python (STDOUT, STG)#
#2026 09 21 12:04:34.056#Z#DEBUG#6a48e96a-b5b4-11f1-b631-eeee0a9b49e1.backend-db-deployer#flowable-async-job-executor-thread-139353#
[PollExecuteTaskStatusExecution] 5fd8dc3c-33ed-4c50-a49f-c9bca4b4cad1 [2026-09-21T12:03:47.535820] -----> Installing python 3.13.15 (STDOUT, STG)#
#2026 09 21 12:04:34.056#Z#DEBUG#6a48e96a-b5b4-11f1-b631-eeee0a9b49e1.backend-db-deployer#flowable-async-job-executor-thread-139353#
[PollExecuteTaskStatusExecution] 5fd8dc3c-33ed-4c50-a49f-c9bca4b4cad1 [2026-09-21T12:03:47.535961] Copy [/tmp/buildpacks/5be6efbe8830cdb7/dependencies/6832464ec708e1392d482a6034aa2c94/python_3.13.15_linux_x64_cflinuxfs4_0c9cd9fd.tgz] (STDOUT, STG)#
#2026 09 21 12:04:34.056#Z#DEBUG#6a48e96a-b5b4-11f1-b631-eeee0a9b49e1.backend-db-deployer#flowable-async-job-executor-thread-139353#
[PollExecuteTaskStatusExecution] 5fd8dc3c-33ed-4c50-a49f-c9bca4b4cad1 [2026-09-21T12:03:51.984086] -----> Installing binaries (STDOUT, STG)#
#2026 09 21 12:04:34.056#Z#DEBUG#6a48e96a-b5b4-11f1-b631-eeee0a9b49e1.backend-db-deployer#flowable-async-job-executor-thread-139353#
[PollExecuteTaskStatusExecution] 5fd8dc3c-33ed-4c50-a49f-c9bca4b4cad1 [2026-09-21T12:03:51.984181] engines.node (package.json): ^24 (STDOUT, STG)#
#2026 09 21 12:04:34.056#Z#DEBUG#6a48e96a-b5b4-11f1-b631-eeee0a9b49e1.backend-db-deployer#flowable-async-job-executor-thread-139353#
[PollExecuteTaskStatusExecution] 5fd8dc3c-33ed-4c50-a49f-c9bca4b4cad1 [2026-09-21T12:03:51.984188] engines.npm (package.json): unspecified (use default) (STDOUT, STG)#
#2026 09 21 12:04:34.056#Z#DEBUG#6a48e96a-b5b4-11f1-b631-eeee0a9b49e1.backend-db-deployer#flowable-async-job-executor-thread-139353#
[PollExecuteTaskStatusExecution] 5fd8dc3c-33ed-4c50-a49f-c9bca4b4cad1 [2026-09-21T12:03:51.984431] -----> Installing node 24.19.0 (STDOUT, STG)#
#2026 09 21 12:04:34.056#Z#DEBUG#6a48e96a-b5b4-11f1-b631-eeee0a9b49e1.backend-db-deployer#flowable-async-job-executor-thread-139353#
[PollExecuteTaskStatusExecution] 5fd8dc3c-33ed-4c50-a49f-c9bca4b4cad1 [2026-09-21T12:03:51.984703] Copy [/tmp/buildpacks/5be6efbe8830cdb7/dependencies/cf9035c55d85610a9158faa009b7a7b5/node_24.19.0_linux_x64_cflinuxfs4_9ab26efa.tgz] (STDOUT, STG)#
#2026 09 21 12:04:34.056#Z#DEBUG#6a48e96a-b5b4-11f1-b631-eeee0a9b49e1.backend-db-deployer#flowable-async-job-executor-thread-139353#
[PollExecuteTaskStatusExecution] 5fd8dc3c-33ed-4c50-a49f-c9bca4b4cad1 [2026-09-21T12:03:54.695146] Using default npm version: 11.17.0 (STDOUT, STG)#
#2026 09 21 12:04:34.056#Z#DEBUG#6a48e96a-b5b4-11f1-b631-eeee0a9b49e1.backend-db-deployer#flowable-async-job-executor-thread-139353#
[PollExecuteTaskStatusExecution] 5fd8dc3c-33ed-4c50-a49f-c9bca4b4cad1 [2026-09-21T12:03:54.695184] -----> Installing yarn 1.22.22 (STDOUT, STG)#
#2026 09 21 12:04:34.056#Z#DEBUG#6a48e96a-b5b4-11f1-b631-eeee0a9b49e1.backend-db-deployer#flowable-async-job-executor-thread-139353#
[PollExecuteTaskStatusExecution] 5fd8dc3c-33ed-4c50-a49f-c9bca4b4cad1 [2026-09-21T12:03:54.695378] Copy [/tmp/buildpacks/5be6efbe8830cdb7/dependencies/e4fe26756e9984a665478d350474fa2e/yarn_1.22.22_linux_noarch_any-stack_b6132b86.tgz] (STDOUT, STG)#
#2026 09 21 12:04:34.056#Z#DEBUG#6a48e96a-b5b4-11f1-b631-eeee0a9b49e1.backend-db-deployer#flowable-async-job-executor-thread-139353#
[PollExecuteTaskStatusExecution] 5fd8dc3c-33ed-4c50-a49f-c9bca4b4cad1 [2026-09-21T12:03:55.124312] Installed yarn 1.22.22 (STDOUT, STG)#
#2026 09 21 12:04:34.056#Z#DEBUG#6a48e96a-b5b4-11f1-b631-eeee0a9b49e1.backend-db-deployer#flowable-async-job-executor-thread-139353#
[PollExecuteTaskStatusExecution] 5fd8dc3c-33ed-4c50-a49f-c9bca4b4cad1 [2026-09-21T12:03:55.124345] -----> Creating runtime environment (STDOUT, STG)#
#2026 09 21 12:04:34.056#Z#DEBUG#6a48e96a-b5b4-11f1-b631-eeee0a9b49e1.backend-db-deployer#flowable-async-job-executor-thread-139353#
[PollExecuteTaskStatusExecution] 5fd8dc3c-33ed-4c50-a49f-c9bca4b4cad1 [2026-09-21T12:03:55.126263] NODE_ENV=production (STDOUT, STG)#
#2026 09 21 12:04:34.056#Z#DEBUG#6a48e96a-b5b4-11f1-b631-eeee0a9b49e1.backend-db-deployer#flowable-async-job-executor-thread-139353#
[PollExecuteTaskStatusExecution] 5fd8dc3c-33ed-4c50-a49f-c9bca4b4cad1 [2026-09-21T12:03:55.126289] NODE_HOME=/tmp/contents3075348471/deps/0/node (STDOUT, STG)#
#2026 09 21 12:04:34.056#Z#DEBUG#6a48e96a-b5b4-11f1-b631-eeee0a9b49e1.backend-db-deployer#flowable-async-job-executor-thread-139353#
[PollExecuteTaskStatusExecution] 5fd8dc3c-33ed-4c50-a49f-c9bca4b4cad1 [2026-09-21T12:03:55.126293] NODE_MODULES_CACHE=true (STDOUT, STG)#
#2026 09 21 12:04:34.056#Z#DEBUG#6a48e96a-b5b4-11f1-b631-eeee0a9b49e1.backend-db-deployer#flowable-async-job-executor-thread-139353#
[PollExecuteTaskStatusExecution] 5fd8dc3c-33ed-4c50-a49f-c9bca4b4cad1 [2026-09-21T12:03:55.126298] NODE_VERBOSE=false (STDOUT, STG)#
#2026 09 21 12:04:34.056#Z#DEBUG#6a48e96a-b5b4-11f1-b631-eeee0a9b49e1.backend-db-deployer#flowable-async-job-executor-thread-139353#
[PollExecuteTaskStatusExecution] 5fd8dc3c-33ed-4c50-a49f-c9bca4b4cad1 [2026-09-21T12:03:55.126302] NPM_CONFIG_LOGLEVEL=error (STDOUT, STG)#
#2026 09 21 12:04:34.056#Z#DEBUG#6a48e96a-b5b4-11f1-b631-eeee0a9b49e1.backend-db-deployer#flowable-async-job-executor-thread-139353#
[PollExecuteTaskStatusExecution] 5fd8dc3c-33ed-4c50-a49f-c9bca4b4cad1 [2026-09-21T12:03:55.126308] NPM_CONFIG_PRODUCTION=true (STDOUT, STG)#
#2026 09 21 12:04:34.056#Z#DEBUG#6a48e96a-b5b4-11f1-b631-eeee0a9b49e1.backend-db-deployer#flowable-async-job-executor-thread-139353#
[PollExecuteTaskStatusExecution] 5fd8dc3c-33ed-4c50-a49f-c9bca4b4cad1 [2026-09-21T12:03:55.126334] -----> Building dependencies (STDOUT, STG)#
#2026 09 21 12:04:34.056#Z#DEBUG#6a48e96a-b5b4-11f1-b631-eeee0a9b49e1.backend-db-deployer#flowable-async-job-executor-thread-139353#
[PollExecuteTaskStatusExecution] 5fd8dc3c-33ed-4c50-a49f-c9bca4b4cad1 [2026-09-21T12:03:55.126338] Prebuild detected (node_modules already exists) (STDOUT, STG)#
#2026 09 21 12:04:34.056#Z#DEBUG#6a48e96a-b5b4-11f1-b631-eeee0a9b49e1.backend-db-deployer#flowable-async-job-executor-thread-139353#
[PollExecuteTaskStatusExecution] 5fd8dc3c-33ed-4c50-a49f-c9bca4b4cad1 [2026-09-21T12:03:55.126346] Rebuilding any native modules (STDOUT, STG)#
#2026 09 21 12:04:34.056#Z#DEBUG#6a48e96a-b5b4-11f1-b631-eeee0a9b49e1.backend-db-deployer#flowable-async-job-executor-thread-139353#
[PollExecuteTaskStatusExecution] 5fd8dc3c-33ed-4c50-a49f-c9bca4b4cad1 [2026-09-21T12:03:55.786781] rebuilt dependencies successfully (STDOUT, STG)#
#2026 09 21 12:04:34.056#Z#DEBUG#6a48e96a-b5b4-11f1-b631-eeee0a9b49e1.backend-db-deployer#flowable-async-job-executor-thread-139353#
[PollExecuteTaskStatusExecution] 5fd8dc3c-33ed-4c50-a49f-c9bca4b4cad1 [2026-09-21T12:03:55.873331] Installing any new modules (package.json + package-lock.json) (STDOUT, STG)#
#2026 09 21 12:04:34.056#Z#DEBUG#6a48e96a-b5b4-11f1-b631-eeee0a9b49e1.backend-db-deployer#flowable-async-job-executor-thread-139353#
[PollExecuteTaskStatusExecution] 5fd8dc3c-33ed-4c50-a49f-c9bca4b4cad1 [2026-09-21T12:03:56.415159] up to date in 441ms (STDOUT, STG)#
#2026 09 21 12:04:34.056#Z#DEBUG#6a48e96a-b5b4-11f1-b631-eeee0a9b49e1.backend-db-deployer#flowable-async-job-executor-thread-139353#
[PollExecuteTaskStatusExecution] 5fd8dc3c-33ed-4c50-a49f-c9bca4b4cad1 [2026-09-21T12:03:56.416339] 4 packages are looking for funding (STDOUT, STG)#
#2026 09 21 12:04:34.056#Z#DEBUG#6a48e96a-b5b4-11f1-b631-eeee0a9b49e1.backend-db-deployer#flowable-async-job-executor-thread-139353#
[PollExecuteTaskStatusExecution] 5fd8dc3c-33ed-4c50-a49f-c9bca4b4cad1 [2026-09-21T12:03:56.416361] run `npm fund` for details (STDOUT, STG)#
#2026 09 21 12:04:34.056#Z#DEBUG#6a48e96a-b5b4-11f1-b631-eeee0a9b49e1.backend-db-deployer#flowable-async-job-executor-thread-139353#
[PollExecuteTaskStatusExecution] 5fd8dc3c-33ed-4c50-a49f-c9bca4b4cad1 [2026-09-21T12:03:57.182295] Contrast Security no credentials found. Will not write environment files. (STDOUT, STG)#
#2026 09 21 12:04:34.056#Z#DEBUG#6a48e96a-b5b4-11f1-b631-eeee0a9b49e1.backend-db-deployer#flowable-async-job-executor-thread-139353#
[PollExecuteTaskStatusExecution] 5fd8dc3c-33ed-4c50-a49f-c9bca4b4cad1 [2026-09-21T12:04:05.987712] Exit status 0 (STDOUT, STG)#
#2026 09 21 12:04:34.056#Z#DEBUG#6a48e96a-b5b4-11f1-b631-eeee0a9b49e1.backend-db-deployer#flowable-async-job-executor-thread-139353#
[PollExecuteTaskStatusExecution] 5fd8dc3c-33ed-4c50-a49f-c9bca4b4cad1 [2026-09-21T12:04:05.987780] Uploading droplet, build artifacts cache... (STDOUT, STG)#
#2026 09 21 12:04:34.056#Z#DEBUG#6a48e96a-b5b4-11f1-b631-eeee0a9b49e1.backend-db-deployer#flowable-async-job-executor-thread-139353#
[PollExecuteTaskStatusExecution] 5fd8dc3c-33ed-4c50-a49f-c9bca4b4cad1 [2026-09-21T12:04:05.987851] Uploading droplet... (STDOUT, STG)#
#2026 09 21 12:04:34.056#Z#DEBUG#6a48e96a-b5b4-11f1-b631-eeee0a9b49e1.backend-db-deployer#flowable-async-job-executor-thread-139353#
[PollExecuteTaskStatusExecution] 5fd8dc3c-33ed-4c50-a49f-c9bca4b4cad1 [2026-09-21T12:04:05.987980] Uploading build artifacts cache... (STDOUT, STG)#
#2026 09 21 12:04:34.056#Z#DEBUG#6a48e96a-b5b4-11f1-b631-eeee0a9b49e1.backend-db-deployer#flowable-async-job-executor-thread-139353#
[PollExecuteTaskStatusExecution] 5fd8dc3c-33ed-4c50-a49f-c9bca4b4cad1 [2026-09-21T12:04:06.010625] Uploaded build artifacts cache (219B) (STDOUT, STG)#
#2026 09 21 12:04:34.056#Z#DEBUG#6a48e96a-b5b4-11f1-b631-eeee0a9b49e1.backend-db-deployer#flowable-async-job-executor-thread-139353#
[PollExecuteTaskStatusExecution] 5fd8dc3c-33ed-4c50-a49f-c9bca4b4cad1 [2026-09-21T12:04:06.671117] Creating droplet for app with guid 5fd8dc3c-33ed-4c50-a49f-c9bca4b4cad1 (STDOUT, API)#
#2026 09 21 12:04:34.056#Z#DEBUG#6a48e96a-b5b4-11f1-b631-eeee0a9b49e1.backend-db-deployer#flowable-async-job-executor-thread-139353#
[PollExecuteTaskStatusExecution] 5fd8dc3c-33ed-4c50-a49f-c9bca4b4cad1 [2026-09-21T12:04:08.740606] Uploaded droplet (59.3M) (STDOUT, STG)#
#2026 09 21 12:04:34.056#Z#DEBUG#6a48e96a-b5b4-11f1-b631-eeee0a9b49e1.backend-db-deployer#flowable-async-job-executor-thread-139353#
[PollExecuteTaskStatusExecution] 5fd8dc3c-33ed-4c50-a49f-c9bca4b4cad1 [2026-09-21T12:04:08.764614] Uploading complete (STDOUT, STG)#
#2026 09 21 12:04:34.056#Z#DEBUG#6a48e96a-b5b4-11f1-b631-eeee0a9b49e1.backend-db-deployer#flowable-async-job-executor-thread-139353#
[PollExecuteTaskStatusExecution] 5fd8dc3c-33ed-4c50-a49f-c9bca4b4cad1 [2026-09-21T12:04:10.089859] Cell 684caff8-89cd-492b-be01-b3d0835f1763 stopping instance d1e3b986-133b-4ce5-a980-4b5e23ec5c43 (STDOUT, STG)#
#2026 09 21 12:04:34.056#Z#DEBUG#6a48e96a-b5b4-11f1-b631-eeee0a9b49e1.backend-db-deployer#flowable-async-job-executor-thread-139353#
[PollExecuteTaskStatusExecution] 5fd8dc3c-33ed-4c50-a49f-c9bca4b4cad1 [2026-09-21T12:04:10.089896] Cell 684caff8-89cd-492b-be01-b3d0835f1763 destroying container for instance d1e3b986-133b-4ce5-a980-4b5e23ec5c43 (STDOUT, STG)#
#2026 09 21 12:04:34.056#Z#DEBUG#6a48e96a-b5b4-11f1-b631-eeee0a9b49e1.backend-db-deployer#flowable-async-job-executor-thread-139353#
[PollExecuteTaskStatusExecution] 5fd8dc3c-33ed-4c50-a49f-c9bca4b4cad1 [2026-09-21T12:04:10.142573] Staging complete for build d1e3b986-133b-4ce5-a980-4b5e23ec5c43 (STDOUT, API)#
#2026 09 21 12:04:34.056#Z#DEBUG#6a48e96a-b5b4-11f1-b631-eeee0a9b49e1.backend-db-deployer#flowable-async-job-executor-thread-139353#
[PollExecuteTaskStatusExecution] 5fd8dc3c-33ed-4c50-a49f-c9bca4b4cad1 [2026-09-21T12:04:11.595647] Cell 684caff8-89cd-492b-be01-b3d0835f1763 successfully destroyed container for instance d1e3b986-133b-4ce5-a980-4b5e23ec5c43 (STDOUT, STG)#
#2026 09 21 12:04:34.056#Z#DEBUG#6a48e96a-b5b4-11f1-b631-eeee0a9b49e1.backend-db-deployer#flowable-async-job-executor-thread-139353#
[PollExecuteTaskStatusExecution] 5fd8dc3c-33ed-4c50-a49f-c9bca4b4cad1 [2026-09-21T12:04:13.850411] Updated app with guid 5fd8dc3c-33ed-4c50-a49f-c9bca4b4cad1 ({:droplet_guid=>"9f2afd73-03af-4cb3-abfc-aa64dd64422d"}) (STDOUT, API)#
#2026 09 21 12:04:34.056#Z#DEBUG#6a48e96a-b5b4-11f1-b631-eeee0a9b49e1.backend-db-deployer#flowable-async-job-executor-thread-139353#
[PollExecuteTaskStatusExecution] 5fd8dc3c-33ed-4c50-a49f-c9bca4b4cad1 [2026-09-21T12:04:14.512887] Cell 684caff8-89cd-492b-be01-b3d0835f1763 creating container for instance dc5abb10-9961-47f0-9c19-72b7d0e3bd30 (STDOUT, CELL)#
#2026 09 21 12:04:34.056#Z#DEBUG#6a48e96a-b5b4-11f1-b631-eeee0a9b49e1.backend-db-deployer#flowable-async-job-executor-thread-139353#
[PollExecuteTaskStatusExecution] 5fd8dc3c-33ed-4c50-a49f-c9bca4b4cad1 [2026-09-21T12:04:15.140507] Security group rules were updated (STDOUT, CELL)#
#2026 09 21 12:04:34.056#Z#DEBUG#6a48e96a-b5b4-11f1-b631-eeee0a9b49e1.backend-db-deployer#flowable-async-job-executor-thread-139353#
[PollExecuteTaskStatusExecution] 5fd8dc3c-33ed-4c50-a49f-c9bca4b4cad1 [2026-09-21T12:04:15.180343] Cell 684caff8-89cd-492b-be01-b3d0835f1763 successfully created container for instance dc5abb10-9961-47f0-9c19-72b7d0e3bd30 (STDOUT, CELL)#
#2026 09 21 12:04:34.056#Z#DEBUG#6a48e96a-b5b4-11f1-b631-eeee0a9b49e1.backend-db-deployer#flowable-async-job-executor-thread-139353#
[PollExecuteTaskStatusExecution] 5fd8dc3c-33ed-4c50-a49f-c9bca4b4cad1 [2026-09-21T12:04:19.289190] Invoking pre-start scripts. (STDOUT, APP/TASK/deploy)#
#2026 09 21 12:04:34.056#Z#DEBUG#6a48e96a-b5b4-11f1-b631-eeee0a9b49e1.backend-db-deployer#flowable-async-job-executor-thread-139353#
[PollExecuteTaskStatusExecution] 5fd8dc3c-33ed-4c50-a49f-c9bca4b4cad1 [2026-09-21T12:04:19.511214] Invoking start command. (STDOUT, APP/TASK/deploy)#
#2026 09 21 12:04:34.056#Z#DEBUG#6a48e96a-b5b4-11f1-b631-eeee0a9b49e1.backend-db-deployer#flowable-async-job-executor-thread-139353#
[PollExecuteTaskStatusExecution] 5fd8dc3c-33ed-4c50-a49f-c9bca4b4cad1 [2026-09-21T12:04:19.967694] > start (STDOUT, APP/TASK/deploy)#
#2026 09 21 12:04:34.056#Z#DEBUG#6a48e96a-b5b4-11f1-b631-eeee0a9b49e1.backend-db-deployer#flowable-async-job-executor-thread-139353#
[PollExecuteTaskStatusExecution] 5fd8dc3c-33ed-4c50-a49f-c9bca4b4cad1 [2026-09-21T12:04:19.967725] > node node_modules/@sap/hdi-deploy/deploy.js --use-hdb --parameter com.sap.hana.di.table/try_fast_table_migration=true (STDOUT, APP/TASK/deploy)#
#2026 09 21 12:04:34.056#Z#DEBUG#6a48e96a-b5b4-11f1-b631-eeee0a9b49e1.backend-db-deployer#flowable-async-job-executor-thread-139353#
[PollExecuteTaskStatusExecution] 5fd8dc3c-33ed-4c50-a49f-c9bca4b4cad1 [2026-09-21T12:04:20.123819] VCAP_SERVICES: (STDOUT, APP/TASK/deploy)#
#2026 09 21 12:04:34.056#Z#DEBUG#6a48e96a-b5b4-11f1-b631-eeee0a9b49e1.backend-db-deployer#flowable-async-job-executor-thread-139353#
[PollExecuteTaskStatusExecution] 5fd8dc3c-33ed-4c50-a49f-c9bca4b4cad1 [2026-09-21T12:04:20.124498] { (STDOUT, APP/TASK/deploy)#
#2026 09 21 12:04:34.056#Z#DEBUG#6a48e96a-b5b4-11f1-b631-eeee0a9b49e1.backend-db-deployer#flowable-async-job-executor-thread-139353#
[PollExecuteTaskStatusExecution] 5fd8dc3c-33ed-4c50-a49f-c9bca4b4cad1 [2026-09-21T12:04:20.124518] "hana": [ (STDOUT, APP/TASK/deploy)#
#2026 09 21 12:04:34.056#Z#DEBUG#6a48e96a-b5b4-11f1-b631-eeee0a9b49e1.backend-db-deployer#flowable-async-job-executor-thread-139353#
[PollExecuteTaskStatusExecution] 5fd8dc3c-33ed-4c50-a49f-c9bca4b4cad1 [2026-09-21T12:04:20.124521] { (STDOUT, APP/TASK/deploy)#
#2026 09 21 12:04:34.056#Z#DEBUG#6a48e96a-b5b4-11f1-b631-eeee0a9b49e1.backend-db-deployer#flowable-async-job-executor-thread-139353#
[PollExecuteTaskStatusExecution] 5fd8dc3c-33ed-4c50-a49f-c9bca4b4cad1 [2026-09-21T12:04:20.124530] "name": "backend-db", (STDOUT, APP/TASK/deploy)#
#2026 09 21 12:04:34.056#Z#DEBUG#6a48e96a-b5b4-11f1-b631-eeee0a9b49e1.backend-db-deployer#flowable-async-job-executor-thread-139353#
[PollExecuteTaskStatusExecution] 5fd8dc3c-33ed-4c50-a49f-c9bca4b4cad1 [2026-09-21T12:04:20.124534] "label": "hana", (STDOUT, APP/TASK/deploy)#
#2026 09 21 12:04:34.056#Z#DEBUG#6a48e96a-b5b4-11f1-b631-eeee0a9b49e1.backend-db-deployer#flowable-async-job-executor-thread-139353#
[PollExecuteTaskStatusExecution] 5fd8dc3c-33ed-4c50-a49f-c9bca4b4cad1 [2026-09-21T12:04:20.124540] "plan": "hdi-shared", (STDOUT, APP/TASK/deploy)#
#2026 09 21 12:04:34.056#Z#DEBUG#6a48e96a-b5b4-11f1-b631-eeee0a9b49e1.backend-db-deployer#flowable-async-job-executor-thread-139353#
[PollExecuteTaskStatusExecution] 5fd8dc3c-33ed-4c50-a49f-c9bca4b4cad1 [2026-09-21T12:04:20.124567] "credentials": { (STDOUT, APP/TASK/deploy)#
#2026 09 21 12:04:34.056#Z#DEBUG#6a48e96a-b5b4-11f1-b631-eeee0a9b49e1.backend-db-deployer#flowable-async-job-executor-thread-139353#
[PollExecuteTaskStatusExecution] 5fd8dc3c-33ed-4c50-a49f-c9bca4b4cad1 [2026-09-21T12:04:20.124574] "schema": "4E190AF9079C4FEE882C6D641C13F720", (STDOUT, APP/TASK/deploy)#
#2026 09 21 12:04:34.056#Z#DEBUG#6a48e96a-b5b4-11f1-b631-eeee0a9b49e1.backend-db-deployer#flowable-async-job-executor-thread-139353#
[PollExecuteTaskStatusExecution] 5fd8dc3c-33ed-4c50-a49f-c9bca4b4cad1 [2026-09-21T12:04:20.124576] "database_id": "527b89d3-da1d-435f-873e-e73c1e06777e", (STDOUT, APP/TASK/deploy)#
#2026 09 21 12:04:34.056#Z#DEBUG#6a48e96a-b5b4-11f1-b631-eeee0a9b49e1.backend-db-deployer#flowable-async-job-executor-thread-139353#
[PollExecuteTaskStatusExecution] 5fd8dc3c-33ed-4c50-a49f-c9bca4b4cad1 [2026-09-21T12:04:20.124582] "user": "4E190AF9079C4FEE882C6D641C13F720_554OCBTO9C3J858HCKJ9FI34Q_RT", (STDOUT, APP/TASK/deploy)#
#2026 09 21 12:04:34.056#Z#DEBUG#6a48e96a-b5b4-11f1-b631-eeee0a9b49e1.backend-db-deployer#flowable-async-job-executor-thread-139353#
[PollExecuteTaskStatusExecution] 5fd8dc3c-33ed-4c50-a49f-c9bca4b4cad1 [2026-09-21T12:04:20.124588] "hdi_user": "4E190AF9079C4FEE882C6D641C13F720_554OCBTO9C3J858HCKJ9FI34Q_DT" (STDOUT, APP/TASK/deploy)#
#2026 09 21 12:04:34.056#Z#DEBUG#6a48e96a-b5b4-11f1-b631-eeee0a9b49e1.backend-db-deployer#flowable-async-job-executor-thread-139353#
[PollExecuteTaskStatusExecution] 5fd8dc3c-33ed-4c50-a49f-c9bca4b4cad1 [2026-09-21T12:04:20.124591] }, (STDOUT, APP/TASK/deploy)#
#2026 09 21 12:04:34.056#Z#DEBUG#6a48e96a-b5b4-11f1-b631-eeee0a9b49e1.backend-db-deployer#flowable-async-job-executor-thread-139353#
[PollExecuteTaskStatusExecution] 5fd8dc3c-33ed-4c50-a49f-c9bca4b4cad1 [2026-09-21T12:04:20.124593] "tags": [ (STDOUT, APP/TASK/deploy)#
#2026 09 21 12:04:34.056#Z#DEBUG#6a48e96a-b5b4-11f1-b631-eeee0a9b49e1.backend-db-deployer#flowable-async-job-executor-thread-139353#
[PollExecuteTaskStatusExecution] 5fd8dc3c-33ed-4c50-a49f-c9bca4b4cad1 [2026-09-21T12:04:20.124598] "hana", (STDOUT, APP/TASK/deploy)#
#2026 09 21 12:04:34.056#Z#DEBUG#6a48e96a-b5b4-11f1-b631-eeee0a9b49e1.backend-db-deployer#flowable-async-job-executor-thread-139353#
[PollExecuteTaskStatusExecution] 5fd8dc3c-33ed-4c50-a49f-c9bca4b4cad1 [2026-09-21T12:04:20.124600] "database", (STDOUT, APP/TASK/deploy)#
#2026 09 21 12:04:34.056#Z#DEBUG#6a48e96a-b5b4-11f1-b631-eeee0a9b49e1.backend-db-deployer#flowable-async-job-executor-thread-139353#
[PollExecuteTaskStatusExecution] 5fd8dc3c-33ed-4c50-a49f-c9bca4b4cad1 [2026-09-21T12:04:20.124602] "relational" (STDOUT, APP/TASK/deploy)#
#2026 09 21 12:04:34.056#Z#DEBUG#6a48e96a-b5b4-11f1-b631-eeee0a9b49e1.backend-db-deployer#flowable-async-job-executor-thread-139353#
[PollExecuteTaskStatusExecution] 5fd8dc3c-33ed-4c50-a49f-c9bca4b4cad1 [2026-09-21T12:04:20.124605] ] (STDOUT, APP/TASK/deploy)#
#2026 09 21 12:04:34.056#Z#DEBUG#6a48e96a-b5b4-11f1-b631-eeee0a9b49e1.backend-db-deployer#flowable-async-job-executor-thread-139353#
[PollExecuteTaskStatusExecution] 5fd8dc3c-33ed-4c50-a49f-c9bca4b4cad1 [2026-09-21T12:04:20.124608] } (STDOUT, APP/TASK/deploy)#
#2026 09 21 12:04:34.056#Z#DEBUG#6a48e96a-b5b4-11f1-b631-eeee0a9b49e1.backend-db-deployer#flowable-async-job-executor-thread-139353#
[PollExecuteTaskStatusExecution] 5fd8dc3c-33ed-4c50-a49f-c9bca4b4cad1 [2026-09-21T12:04:20.124610] ] (STDOUT, APP/TASK/deploy)#
#2026 09 21 12:04:34.056#Z#DEBUG#6a48e96a-b5b4-11f1-b631-eeee0a9b49e1.backend-db-deployer#flowable-async-job-executor-thread-139353#
[PollExecuteTaskStatusExecution] 5fd8dc3c-33ed-4c50-a49f-c9bca4b4cad1 [2026-09-21T12:04:20.124612] } (STDOUT, APP/TASK/deploy)#
#2026 09 21 12:04:34.056#Z#DEBUG#6a48e96a-b5b4-11f1-b631-eeee0a9b49e1.backend-db-deployer#flowable-async-job-executor-thread-139353#
[PollExecuteTaskStatusExecution] 5fd8dc3c-33ed-4c50-a49f-c9bca4b4cad1 [2026-09-21T12:04:20.572644] @sap/hdi-deploy, version 5.7.0 (mode default), server version 4.00.000.00.1788856605 (4.0.0.0), cloud version 2026.14.19, node version 24.19.0, HDI version 1016, container API version 1007 (STDOUT, APP/TASK/deploy)#
#2026 09 21 12:04:34.056#Z#DEBUG#6a48e96a-b5b4-11f1-b631-eeee0a9b49e1.backend-db-deployer#flowable-async-job-executor-thread-139353#
[PollExecuteTaskStatusExecution] 5fd8dc3c-33ed-4c50-a49f-c9bca4b4cad1 [2026-09-21T12:04:20.572682] Deployment started at 2026-09-21 12:04:20 (STDOUT, APP/TASK/deploy)#
#2026 09 21 12:04:34.056#Z#DEBUG#6a48e96a-b5b4-11f1-b631-eeee0a9b49e1.backend-db-deployer#flowable-async-job-executor-thread-139353#
[PollExecuteTaskStatusExecution] 5fd8dc3c-33ed-4c50-a49f-c9bca4b4cad1 [2026-09-21T12:04:20.572906] Using hdb@2.29.6 for connection (STDOUT, APP/TASK/deploy)#
#2026 09 21 12:04:34.056#Z#DEBUG#6a48e96a-b5b4-11f1-b631-eeee0a9b49e1.backend-db-deployer#flowable-async-job-executor-thread-139353#
[PollExecuteTaskStatusExecution] 5fd8dc3c-33ed-4c50-a49f-c9bca4b4cad1 [2026-09-21T12:04:20.593783] No ignore file at /home/vcap/app/.hdiignore. (STDOUT, APP/TASK/deploy)#
#2026 09 21 12:04:34.056#Z#DEBUG#6a48e96a-b5b4-11f1-b631-eeee0a9b49e1.backend-db-deployer#flowable-async-job-executor-thread-139353#
[PollExecuteTaskStatusExecution] 5fd8dc3c-33ed-4c50-a49f-c9bca4b4cad1 [2026-09-21T12:04:20.594063] Collecting files... (STDOUT, APP/TASK/deploy)#
#2026 09 21 12:04:34.056#Z#DEBUG#6a48e96a-b5b4-11f1-b631-eeee0a9b49e1.backend-db-deployer#flowable-async-job-executor-thread-139353#
[PollExecuteTaskStatusExecution] 5fd8dc3c-33ed-4c50-a49f-c9bca4b4cad1 [2026-09-21T12:04:20.599941] Collecting files... ok (0s 6ms) (STDOUT, APP/TASK/deploy)#
#2026 09 21 12:04:34.056#Z#DEBUG#6a48e96a-b5b4-11f1-b631-eeee0a9b49e1.backend-db-deployer#flowable-async-job-executor-thread-139353#
[PollExecuteTaskStatusExecution] 5fd8dc3c-33ed-4c50-a49f-c9bca4b4cad1 [2026-09-21T12:04:20.599971] 3 directories collected (STDOUT, APP/TASK/deploy)#
#2026 09 21 12:04:34.056#Z#DEBUG#6a48e96a-b5b4-11f1-b631-eeee0a9b49e1.backend-db-deployer#flowable-async-job-executor-thread-139353#
[PollExecuteTaskStatusExecution] 5fd8dc3c-33ed-4c50-a49f-c9bca4b4cad1 [2026-09-21T12:04:20.599976] 10 files collected (STDOUT, APP/TASK/deploy)#
#2026 09 21 12:04:34.056#Z#DEBUG#6a48e96a-b5b4-11f1-b631-eeee0a9b49e1.backend-db-deployer#flowable-async-job-executor-thread-139353#
[PollExecuteTaskStatusExecution] 5fd8dc3c-33ed-4c50-a49f-c9bca4b4cad1 [2026-09-21T12:04:20.599991] 0 reusable modules collected (STDOUT, APP/TASK/deploy)#
#2026 09 21 12:04:34.056#Z#DEBUG#6a48e96a-b5b4-11f1-b631-eeee0a9b49e1.backend-db-deployer#flowable-async-job-executor-thread-139353#
[PollExecuteTaskStatusExecution] 5fd8dc3c-33ed-4c50-a49f-c9bca4b4cad1 [2026-09-21T12:04:20.600007] Target service: backend-db (STDOUT, APP/TASK/deploy)#
#2026 09 21 12:04:34.056#Z#DEBUG#6a48e96a-b5b4-11f1-b631-eeee0a9b49e1.backend-db-deployer#flowable-async-job-executor-thread-139353#
[PollExecuteTaskStatusExecution] 5fd8dc3c-33ed-4c50-a49f-c9bca4b4cad1 [2026-09-21T12:04:20.770095] Previous build with request ID 77 finished at 2026-09-21T11:54:56.488 with status Rolled back and message: Starting make in the container "4E190AF9079C4FEE882C6D641C13F720" with 0 files to deploy, 0 files to undeploy... ok. (STDOUT, APP/TASK/deploy)#
#2026 09 21 12:04:34.056#Z#DEBUG#6a48e96a-b5b4-11f1-b631-eeee0a9b49e1.backend-db-deployer#flowable-async-job-executor-thread-139353#
[PollExecuteTaskStatusExecution] 5fd8dc3c-33ed-4c50-a49f-c9bca4b4cad1 [2026-09-21T12:04:20.770410] Processing revoke files... (STDOUT, APP/TASK/deploy)#
#2026 09 21 12:04:34.056#Z#DEBUG#6a48e96a-b5b4-11f1-b631-eeee0a9b49e1.backend-db-deployer#flowable-async-job-executor-thread-139353#
[PollExecuteTaskStatusExecution] 5fd8dc3c-33ed-4c50-a49f-c9bca4b4cad1 [2026-09-21T12:04:20.770439] Processing revoke files... ok (0s 0ms) (STDOUT, APP/TASK/deploy)#
#2026 09 21 12:04:34.056#Z#DEBUG#6a48e96a-b5b4-11f1-b631-eeee0a9b49e1.backend-db-deployer#flowable-async-job-executor-thread-139353#
[PollExecuteTaskStatusExecution] 5fd8dc3c-33ed-4c50-a49f-c9bca4b4cad1 [2026-09-21T12:04:20.770460] Processing grants files... (STDOUT, APP/TASK/deploy)#
#2026 09 21 12:04:34.056#Z#DEBUG#6a48e96a-b5b4-11f1-b631-eeee0a9b49e1.backend-db-deployer#flowable-async-job-executor-thread-139353#
[PollExecuteTaskStatusExecution] 5fd8dc3c-33ed-4c50-a49f-c9bca4b4cad1 [2026-09-21T12:04:20.770560] Processing grants files... ok (0s 0ms) (STDOUT, APP/TASK/deploy)#
#2026 09 21 12:04:34.056#Z#DEBUG#6a48e96a-b5b4-11f1-b631-eeee0a9b49e1.backend-db-deployer#flowable-async-job-executor-thread-139353#
[PollExecuteTaskStatusExecution] 5fd8dc3c-33ed-4c50-a49f-c9bca4b4cad1 [2026-09-21T12:04:20.773078] Preprocessing files... (STDOUT, APP/TASK/deploy)#
#2026 09 21 12:04:34.056#Z#DEBUG#6a48e96a-b5b4-11f1-b631-eeee0a9b49e1.backend-db-deployer#flowable-async-job-executor-thread-139353#
[PollExecuteTaskStatusExecution] 5fd8dc3c-33ed-4c50-a49f-c9bca4b4cad1 [2026-09-21T12:04:20.773401] Preprocessing files... ok (0s 0ms) (STDOUT, APP/TASK/deploy)#
#2026 09 21 12:04:34.056#Z#DEBUG#6a48e96a-b5b4-11f1-b631-eeee0a9b49e1.backend-db-deployer#flowable-async-job-executor-thread-139353#
[PollExecuteTaskStatusExecution] 5fd8dc3c-33ed-4c50-a49f-c9bca4b4cad1 [2026-09-21T12:04:20.773444] Connecting to the container "4E190AF9079C4FEE882C6D641C13F720"... (STDOUT, APP/TASK/deploy)#
#2026 09 21 12:04:34.056#Z#DEBUG#6a48e96a-b5b4-11f1-b631-eeee0a9b49e1.backend-db-deployer#flowable-async-job-executor-thread-139353#
[PollExecuteTaskStatusExecution] 5fd8dc3c-33ed-4c50-a49f-c9bca4b4cad1 [2026-09-21T12:04:20.839228] Connecting to the container "4E190AF9079C4FEE882C6D641C13F720"... ok (0s 66ms) (STDOUT, APP/TASK/deploy)#
#2026 09 21 12:04:34.056#Z#DEBUG#6a48e96a-b5b4-11f1-b631-eeee0a9b49e1.backend-db-deployer#flowable-async-job-executor-thread-139353#
[PollExecuteTaskStatusExecution] 5fd8dc3c-33ed-4c50-a49f-c9bca4b4cad1 [2026-09-21T12:04:20.839278] Locking the container "4E190AF9079C4FEE882C6D641C13F720"... (STDOUT, APP/TASK/deploy)#
#2026 09 21 12:04:34.056#Z#DEBUG#6a48e96a-b5b4-11f1-b631-eeee0a9b49e1.backend-db-deployer#flowable-async-job-executor-thread-139353#
[PollExecuteTaskStatusExecution] 5fd8dc3c-33ed-4c50-a49f-c9bca4b4cad1 [2026-09-21T12:04:20.978720] Locking the container "4E190AF9079C4FEE882C6D641C13F720"... ok (0s 139ms) (STDOUT, APP/TASK/deploy)#
#2026 09 21 12:04:34.056#Z#DEBUG#6a48e96a-b5b4-11f1-b631-eeee0a9b49e1.backend-db-deployer#flowable-async-job-executor-thread-139353#
[PollExecuteTaskStatusExecution] 5fd8dc3c-33ed-4c50-a49f-c9bca4b4cad1 [2026-09-21T12:04:20.978753] Synchronizing files with the container "4E190AF9079C4FEE882C6D641C13F720"... (STDOUT, APP/TASK/deploy)#
#2026 09 21 12:04:34.056#Z#DEBUG#6a48e96a-b5b4-11f1-b631-eeee0a9b49e1.backend-db-deployer#flowable-async-job-executor-thread-139353#
[PollExecuteTaskStatusExecution] 5fd8dc3c-33ed-4c50-a49f-c9bca4b4cad1 [2026-09-21T12:04:21.234029] Deleting files... (STDOUT, APP/TASK/deploy)#
#2026 09 21 12:04:34.056#Z#DEBUG#6a48e96a-b5b4-11f1-b631-eeee0a9b49e1.backend-db-deployer#flowable-async-job-executor-thread-139353#
[PollExecuteTaskStatusExecution] 5fd8dc3c-33ed-4c50-a49f-c9bca4b4cad1 [2026-09-21T12:04:21.399554] Deleting files... ok (STDOUT, APP/TASK/deploy)#
#2026 09 21 12:04:34.056#Z#DEBUG#6a48e96a-b5b4-11f1-b631-eeee0a9b49e1.backend-db-deployer#flowable-async-job-executor-thread-139353#
[PollExecuteTaskStatusExecution] 5fd8dc3c-33ed-4c50-a49f-c9bca4b4cad1 [2026-09-21T12:04:21.399588] Writing files... (STDOUT, APP/TASK/deploy)#
#2026 09 21 12:04:34.056#Z#DEBUG#6a48e96a-b5b4-11f1-b631-eeee0a9b49e1.backend-db-deployer#flowable-async-job-executor-thread-139353#
[PollExecuteTaskStatusExecution] 5fd8dc3c-33ed-4c50-a49f-c9bca4b4cad1 [2026-09-21T12:04:21.399731] Writing 5 items (STDOUT, APP/TASK/deploy)#
#2026 09 21 12:04:34.056#Z#DEBUG#6a48e96a-b5b4-11f1-b631-eeee0a9b49e1.backend-db-deployer#flowable-async-job-executor-thread-139353#
[PollExecuteTaskStatusExecution] 5fd8dc3c-33ed-4c50-a49f-c9bca4b4cad1 [2026-09-21T12:04:21.684213] Writing files... ok (STDOUT, APP/TASK/deploy)#
#2026 09 21 12:04:34.056#Z#DEBUG#6a48e96a-b5b4-11f1-b631-eeee0a9b49e1.backend-db-deployer#flowable-async-job-executor-thread-139353#
[PollExecuteTaskStatusExecution] 5fd8dc3c-33ed-4c50-a49f-c9bca4b4cad1 [2026-09-21T12:04:21.684244] Synchronizing files with the container "4E190AF9079C4FEE882C6D641C13F720"... ok (0s 705ms) (STDOUT, APP/TASK/deploy)#
#2026 09 21 12:04:34.056#Z#DEBUG#6a48e96a-b5b4-11f1-b631-eeee0a9b49e1.backend-db-deployer#flowable-async-job-executor-thread-139353#
[PollExecuteTaskStatusExecution] 5fd8dc3c-33ed-4c50-a49f-c9bca4b4cad1 [2026-09-21T12:04:21.684594] added files: [ (STDOUT, APP/TASK/deploy)#
#2026 09 21 12:04:34.056#Z#DEBUG#6a48e96a-b5b4-11f1-b631-eeee0a9b49e1.backend-db-deployer#flowable-async-job-executor-thread-139353#
[PollExecuteTaskStatusExecution] 5fd8dc3c-33ed-4c50-a49f-c9bca4b4cad1 [2026-09-21T12:04:21.684626] "src/gen/data/my.bookshop-Books.csv", (STDOUT, APP/TASK/deploy)#
#2026 09 21 12:04:34.056#Z#DEBUG#6a48e96a-b5b4-11f1-b631-eeee0a9b49e1.backend-db-deployer#flowable-async-job-executor-thread-139353#
[PollExecuteTaskStatusExecution] 5fd8dc3c-33ed-4c50-a49f-c9bca4b4cad1 [2026-09-21T12:04:21.684631] "src/gen/data/my.bookshop-Books.hdbtabledata" (STDOUT, APP/TASK/deploy)#
#2026 09 21 12:04:34.056#Z#DEBUG#6a48e96a-b5b4-11f1-b631-eeee0a9b49e1.backend-db-deployer#flowable-async-job-executor-thread-139353#
[PollExecuteTaskStatusExecution] 5fd8dc3c-33ed-4c50-a49f-c9bca4b4cad1 [2026-09-21T12:04:21.684638] ] (STDOUT, APP/TASK/deploy)#
#2026 09 21 12:04:34.056#Z#DEBUG#6a48e96a-b5b4-11f1-b631-eeee0a9b49e1.backend-db-deployer#flowable-async-job-executor-thread-139353#
[PollExecuteTaskStatusExecution] 5fd8dc3c-33ed-4c50-a49f-c9bca4b4cad1 [2026-09-21T12:04:21.684643] modified files: [] (STDOUT, APP/TASK/deploy)#
#2026 09 21 12:04:34.056#Z#DEBUG#6a48e96a-b5b4-11f1-b631-eeee0a9b49e1.backend-db-deployer#flowable-async-job-executor-thread-139353#
[PollExecuteTaskStatusExecution] 5fd8dc3c-33ed-4c50-a49f-c9bca4b4cad1 [2026-09-21T12:04:21.684646] deleted files: [] (STDOUT, APP/TASK/deploy)#
#2026 09 21 12:04:34.056#Z#DEBUG#6a48e96a-b5b4-11f1-b631-eeee0a9b49e1.backend-db-deployer#flowable-async-job-executor-thread-139353#
[PollExecuteTaskStatusExecution] 5fd8dc3c-33ed-4c50-a49f-c9bca4b4cad1 [2026-09-21T12:04:21.684650] 2 modified or added files are scheduled for deploy based on delta detection (STDOUT, APP/TASK/deploy)#
#2026 09 21 12:04:34.056#Z#DEBUG#6a48e96a-b5b4-11f1-b631-eeee0a9b49e1.backend-db-deployer#flowable-async-job-executor-thread-139353#
[PollExecuteTaskStatusExecution] 5fd8dc3c-33ed-4c50-a49f-c9bca4b4cad1 [2026-09-21T12:04:21.684811] 0 deleted files are scheduled for undeploy based on delta detection (filtered by undeploy allowlist) (STDOUT, APP/TASK/deploy)#
#2026 09 21 12:04:34.056#Z#DEBUG#6a48e96a-b5b4-11f1-b631-eeee0a9b49e1.backend-db-deployer#flowable-async-job-executor-thread-139353#
[PollExecuteTaskStatusExecution] 5fd8dc3c-33ed-4c50-a49f-c9bca4b4cad1 [2026-09-21T12:04:21.684888] 0 files are scheduled for deploy based on explicit specification (STDOUT, APP/TASK/deploy)#
#2026 09 21 12:04:34.056#Z#DEBUG#6a48e96a-b5b4-11f1-b631-eeee0a9b49e1.backend-db-deployer#flowable-async-job-executor-thread-139353#
[PollExecuteTaskStatusExecution] 5fd8dc3c-33ed-4c50-a49f-c9bca4b4cad1 [2026-09-21T12:04:21.684908] 0 files are scheduled for undeploy based on explicit specification (STDOUT, APP/TASK/deploy)#
#2026 09 21 12:04:34.056#Z#DEBUG#6a48e96a-b5b4-11f1-b631-eeee0a9b49e1.backend-db-deployer#flowable-async-job-executor-thread-139353#
[PollExecuteTaskStatusExecution] 5fd8dc3c-33ed-4c50-a49f-c9bca4b4cad1 [2026-09-21T12:04:21.685070] Deploying to the container "4E190AF9079C4FEE882C6D641C13F720"... (STDOUT, APP/TASK/deploy)#
#2026 09 21 12:04:34.056#Z#DEBUG#6a48e96a-b5b4-11f1-b631-eeee0a9b49e1.backend-db-deployer#flowable-async-job-executor-thread-139353#
[PollExecuteTaskStatusExecution] 5fd8dc3c-33ed-4c50-a49f-c9bca4b4cad1 [2026-09-21T12:04:22.295895] Polling messages for request id: 82 (STDOUT, APP/TASK/deploy)#
#2026 09 21 12:04:34.056#Z#DEBUG#6a48e96a-b5b4-11f1-b631-eeee0a9b49e1.backend-db-deployer#flowable-async-job-executor-thread-139353#
[PollExecuteTaskStatusExecution] 5fd8dc3c-33ed-4c50-a49f-c9bca4b4cad1 [2026-09-21T12:04:22.306749] Starting make in the container "4E190AF9079C4FEE882C6D641C13F720" with 2 files to deploy, 0 files to undeploy... (STDOUT, APP/TASK/deploy)#
#2026 09 21 12:04:34.056#Z#DEBUG#6a48e96a-b5b4-11f1-b631-eeee0a9b49e1.backend-db-deployer#flowable-async-job-executor-thread-139353#
[PollExecuteTaskStatusExecution] 5fd8dc3c-33ed-4c50-a49f-c9bca4b4cad1 [2026-09-21T12:04:22.306783] Disabling table replication for the container schema "4E190AF9079C4FEE882C6D641C13F720"... (STDOUT, APP/TASK/deploy)#
#2026 09 21 12:04:34.056#Z#DEBUG#6a48e96a-b5b4-11f1-b631-eeee0a9b49e1.backend-db-deployer#flowable-async-job-executor-thread-139353#
[PollExecuteTaskStatusExecution] 5fd8dc3c-33ed-4c50-a49f-c9bca4b4cad1 [2026-09-21T12:04:22.306787] Disabling table replication for the container schema "4E190AF9079C4FEE882C6D641C13F720"... ok (0s 12ms) (STDOUT, APP/TASK/deploy)#
#2026 09 21 12:04:34.056#Z#DEBUG#6a48e96a-b5b4-11f1-b631-eeee0a9b49e1.backend-db-deployer#flowable-async-job-executor-thread-139353#
[PollExecuteTaskStatusExecution] 5fd8dc3c-33ed-4c50-a49f-c9bca4b4cad1 [2026-09-21T12:04:22.306792] Migrating libraries... (STDOUT, APP/TASK/deploy)#
#2026 09 21 12:04:34.056#Z#DEBUG#6a48e96a-b5b4-11f1-b631-eeee0a9b49e1.backend-db-deployer#flowable-async-job-executor-thread-139353#
[PollExecuteTaskStatusExecution] 5fd8dc3c-33ed-4c50-a49f-c9bca4b4cad1 [2026-09-21T12:04:22.306799] Migrating libraries... ok (0s 24ms) (STDOUT, APP/TASK/deploy)#
#2026 09 21 12:04:34.056#Z#DEBUG#6a48e96a-b5b4-11f1-b631-eeee0a9b49e1.backend-db-deployer#flowable-async-job-executor-thread-139353#
[PollExecuteTaskStatusExecution] 5fd8dc3c-33ed-4c50-a49f-c9bca4b4cad1 [2026-09-21T12:04:22.306814] Making... (STDOUT, APP/TASK/deploy)#
#2026 09 21 12:04:34.056#Z#DEBUG#6a48e96a-b5b4-11f1-b631-eeee0a9b49e1.backend-db-deployer#flowable-async-job-executor-thread-139353#
[PollExecuteTaskStatusExecution] 5fd8dc3c-33ed-4c50-a49f-c9bca4b4cad1 [2026-09-21T12:04:22.306816] Preparing... (STDOUT, APP/TASK/deploy)#
#2026 09 21 12:04:34.056#Z#DEBUG#6a48e96a-b5b4-11f1-b631-eeee0a9b49e1.backend-db-deployer#flowable-async-job-executor-thread-139353#
[PollExecuteTaskStatusExecution] 5fd8dc3c-33ed-4c50-a49f-c9bca4b4cad1 [2026-09-21T12:04:22.306818] Preparing the make transaction... (STDOUT, APP/TASK/deploy)#
#2026 09 21 12:04:34.056#Z#DEBUG#6a48e96a-b5b4-11f1-b631-eeee0a9b49e1.backend-db-deployer#flowable-async-job-executor-thread-139353#
[PollExecuteTaskStatusExecution] 5fd8dc3c-33ed-4c50-a49f-c9bca4b4cad1 [2026-09-21T12:04:22.306929] Preparing the make transaction... ok (0s 115ms) (STDOUT, APP/TASK/deploy)#
#2026 09 21 12:04:34.056#Z#DEBUG#6a48e96a-b5b4-11f1-b631-eeee0a9b49e1.backend-db-deployer#flowable-async-job-executor-thread-139353#
[PollExecuteTaskStatusExecution] 5fd8dc3c-33ed-4c50-a49f-c9bca4b4cad1 [2026-09-21T12:04:22.306943] Adding "src/gen/data/my.bookshop-Books.csv" for deploy... (STDOUT, APP/TASK/deploy)#
#2026 09 21 12:04:34.056#Z#DEBUG#6a48e96a-b5b4-11f1-b631-eeee0a9b49e1.backend-db-deployer#flowable-async-job-executor-thread-139353#
[PollExecuteTaskStatusExecution] 5fd8dc3c-33ed-4c50-a49f-c9bca4b4cad1 [2026-09-21T12:04:22.306954] Adding "src/gen/data/my.bookshop-Books.csv" for deploy... ok (0s 115ms) (STDOUT, APP/TASK/deploy)#
#2026 09 21 12:04:34.056#Z#DEBUG#6a48e96a-b5b4-11f1-b631-eeee0a9b49e1.backend-db-deployer#flowable-async-job-executor-thread-139353#
[PollExecuteTaskStatusExecution] 5fd8dc3c-33ed-4c50-a49f-c9bca4b4cad1 [2026-09-21T12:04:22.306963] Adding "src/gen/data/my.bookshop-Books.hdbtabledata" for deploy... (STDOUT, APP/TASK/deploy)#
#2026 09 21 12:04:34.056#Z#DEBUG#6a48e96a-b5b4-11f1-b631-eeee0a9b49e1.backend-db-deployer#flowable-async-job-executor-thread-139353#
[PollExecuteTaskStatusExecution] 5fd8dc3c-33ed-4c50-a49f-c9bca4b4cad1 [2026-09-21T12:04:22.306975] Adding "src/gen/data/my.bookshop-Books.hdbtabledata" for deploy... ok (0s 0ms) (STDOUT, APP/TASK/deploy)#
#2026 09 21 12:04:34.056#Z#DEBUG#6a48e96a-b5b4-11f1-b631-eeee0a9b49e1.backend-db-deployer#flowable-async-job-executor-thread-139353#
[PollExecuteTaskStatusExecution] 5fd8dc3c-33ed-4c50-a49f-c9bca4b4cad1 [2026-09-21T12:04:22.306978] Preparing... ok (0s 248ms) (STDOUT, APP/TASK/deploy)#
#2026 09 21 12:04:34.056#Z#DEBUG#6a48e96a-b5b4-11f1-b631-eeee0a9b49e1.backend-db-deployer#flowable-async-job-executor-thread-139353#
[PollExecuteTaskStatusExecution] 5fd8dc3c-33ed-4c50-a49f-c9bca4b4cad1 [2026-09-21T12:04:22.306980] Calculating dependencies... (STDOUT, APP/TASK/deploy)#
#2026 09 21 12:04:34.056#Z#DEBUG#6a48e96a-b5b4-11f1-b631-eeee0a9b49e1.backend-db-deployer#flowable-async-job-executor-thread-139353#
[PollExecuteTaskStatusExecution] 5fd8dc3c-33ed-4c50-a49f-c9bca4b4cad1 [2026-09-21T12:04:22.306984] Expanding... (STDOUT, APP/TASK/deploy)#
#2026 09 21 12:04:34.056#Z#DEBUG#6a48e96a-b5b4-11f1-b631-eeee0a9b49e1.backend-db-deployer#flowable-async-job-executor-thread-139353#
[PollExecuteTaskStatusExecution] 5fd8dc3c-33ed-4c50-a49f-c9bca4b4cad1 [2026-09-21T12:04:22.306988] Expanding "src/gen/data/my.bookshop-Books.hdbtabledata"... (STDOUT, APP/TASK/deploy)#
#2026 09 21 12:04:34.056#Z#DEBUG#6a48e96a-b5b4-11f1-b631-eeee0a9b49e1.backend-db-deployer#flowable-async-job-executor-thread-139353#
[PollExecuteTaskStatusExecution] 5fd8dc3c-33ed-4c50-a49f-c9bca4b4cad1 [2026-09-21T12:04:22.307] Expanding "src/gen/data/my.bookshop-Books.hdbtabledata"... ok (0s 2ms) (STDOUT, APP/TASK/deploy)#
#2026 09 21 12:04:34.056#Z#DEBUG#6a48e96a-b5b4-11f1-b631-eeee0a9b49e1.backend-db-deployer#flowable-async-job-executor-thread-139353#
[PollExecuteTaskStatusExecution] 5fd8dc3c-33ed-4c50-a49f-c9bca4b4cad1 [2026-09-21T12:04:22.307620] Expanding... ok (0s 21ms) (STDOUT, APP/TASK/deploy)#
#2026 09 21 12:04:34.057#Z#DEBUG#6a48e96a-b5b4-11f1-b631-eeee0a9b49e1.backend-db-deployer#flowable-async-job-executor-thread-139353#
[PollExecuteTaskStatusExecution] 5fd8dc3c-33ed-4c50-a49f-c9bca4b4cad1 [2026-09-21T12:04:22.307628] Precompiling... (STDOUT, APP/TASK/deploy)#
#2026 09 21 12:04:34.057#Z#DEBUG#6a48e96a-b5b4-11f1-b631-eeee0a9b49e1.backend-db-deployer#flowable-async-job-executor-thread-139353#
[PollExecuteTaskStatusExecution] 5fd8dc3c-33ed-4c50-a49f-c9bca4b4cad1 [2026-09-21T12:04:22.307631] Precompiling "src/gen/data/my.bookshop-Books.csv"... (STDOUT, APP/TASK/deploy)#
#2026 09 21 12:04:34.057#Z#DEBUG#6a48e96a-b5b4-11f1-b631-eeee0a9b49e1.backend-db-deployer#flowable-async-job-executor-thread-139353#
[PollExecuteTaskStatusExecution] 5fd8dc3c-33ed-4c50-a49f-c9bca4b4cad1 [2026-09-21T12:04:22.307635] Precompiling "src/gen/data/my.bookshop-Books.hdbtabledata"... (STDOUT, APP/TASK/deploy)#
#2026 09 21 12:04:34.057#Z#DEBUG#6a48e96a-b5b4-11f1-b631-eeee0a9b49e1.backend-db-deployer#flowable-async-job-executor-thread-139353#
[PollExecuteTaskStatusExecution] 5fd8dc3c-33ed-4c50-a49f-c9bca4b4cad1 [2026-09-21T12:04:22.307639] Precompiling "src/gen/data/my.bookshop-Books.hdbtabledata"... ok (0s 0ms) (STDOUT, APP/TASK/deploy)#
#2026 09 21 12:04:34.057#Z#DEBUG#6a48e96a-b5b4-11f1-b631-eeee0a9b49e1.backend-db-deployer#flowable-async-job-executor-thread-139353#
[PollExecuteTaskStatusExecution] 5fd8dc3c-33ed-4c50-a49f-c9bca4b4cad1 [2026-09-21T12:04:22.307642] Precompiling "src/gen/data/my.bookshop-Books.hdbtabledata$0.expand"... (STDOUT, APP/TASK/deploy)#
#2026 09 21 12:04:34.057#Z#DEBUG#6a48e96a-b5b4-11f1-b631-eeee0a9b49e1.backend-db-deployer#flowable-async-job-executor-thread-139353#
[PollExecuteTaskStatusExecution] 5fd8dc3c-33ed-4c50-a49f-c9bca4b4cad1 [2026-09-21T12:04:22.307645] Expanded from "src/gen/data/my.bookshop-Books.hdbtabledata" (STDOUT, APP/TASK/deploy)#
#2026 09 21 12:04:34.057#Z#DEBUG#6a48e96a-b5b4-11f1-b631-eeee0a9b49e1.backend-db-deployer#flowable-async-job-executor-thread-139353#
[PollExecuteTaskStatusExecution] 5fd8dc3c-33ed-4c50-a49f-c9bca4b4cad1 [2026-09-21T12:04:22.307651] Precompiling "src/gen/data/my.bookshop-Books.hdbtabledata$0.expand"... ok (0s 1ms) (STDOUT, APP/TASK/deploy)#
#2026 09 21 12:04:34.057#Z#DEBUG#6a48e96a-b5b4-11f1-b631-eeee0a9b49e1.backend-db-deployer#flowable-async-job-executor-thread-139353#
[PollExecuteTaskStatusExecution] 5fd8dc3c-33ed-4c50-a49f-c9bca4b4cad1 [2026-09-21T12:04:22.307653] Precompiling "src/gen/data/my.bookshop-Books.csv"... ok (0s 2ms) (STDOUT, APP/TASK/deploy)#
#2026 09 21 12:04:34.057#Z#DEBUG#6a48e96a-b5b4-11f1-b631-eeee0a9b49e1.backend-db-deployer#flowable-async-job-executor-thread-139353#
[PollExecuteTaskStatusExecution] 5fd8dc3c-33ed-4c50-a49f-c9bca4b4cad1 [2026-09-21T12:04:22.307656] Precompiling... ok (0s 19ms) (STDOUT, APP/TASK/deploy)#
#2026 09 21 12:04:34.057#Z#DEBUG#6a48e96a-b5b4-11f1-b631-eeee0a9b49e1.backend-db-deployer#flowable-async-job-executor-thread-139353#
[PollExecuteTaskStatusExecution] 5fd8dc3c-33ed-4c50-a49f-c9bca4b4cad1 [2026-09-21T12:04:22.307659] Merging... (STDOUT, APP/TASK/deploy)#
#2026 09 21 12:04:34.057#Z#DEBUG#6a48e96a-b5b4-11f1-b631-eeee0a9b49e1.backend-db-deployer#flowable-async-job-executor-thread-139353#
[PollExecuteTaskStatusExecution] 5fd8dc3c-33ed-4c50-a49f-c9bca4b4cad1 [2026-09-21T12:04:22.307661] Merging... ok (0s 24ms) (STDOUT, APP/TASK/deploy)#
#2026 09 21 12:04:34.057#Z#DEBUG#6a48e96a-b5b4-11f1-b631-eeee0a9b49e1.backend-db-deployer#flowable-async-job-executor-thread-139353#
[PollExecuteTaskStatusExecution] 5fd8dc3c-33ed-4c50-a49f-c9bca4b4cad1 [2026-09-21T12:04:22.307665] Calculating dependencies... ok (0s 64ms) (STDOUT, APP/TASK/deploy)#
#2026 09 21 12:04:34.057#Z#DEBUG#6a48e96a-b5b4-11f1-b631-eeee0a9b49e1.backend-db-deployer#flowable-async-job-executor-thread-139353#
[PollExecuteTaskStatusExecution] 5fd8dc3c-33ed-4c50-a49f-c9bca4b4cad1 [2026-09-21T12:04:22.851559] Processing work list... (STDOUT, APP/TASK/deploy)#
#2026 09 21 12:04:34.057#Z#DEBUG#6a48e96a-b5b4-11f1-b631-eeee0a9b49e1.backend-db-deployer#flowable-async-job-executor-thread-139353#
[PollExecuteTaskStatusExecution] 5fd8dc3c-33ed-4c50-a49f-c9bca4b4cad1 [2026-09-21T12:04:22.851598] Deploying "src/gen/data/my.bookshop-Books.csv"... (STDOUT, APP/TASK/deploy)#
#2026 09 21 12:04:34.057#Z#DEBUG#6a48e96a-b5b4-11f1-b631-eeee0a9b49e1.backend-db-deployer#flowable-async-job-executor-thread-139353#
[PollExecuteTaskStatusExecution] 5fd8dc3c-33ed-4c50-a49f-c9bca4b4cad1 [2026-09-21T12:04:22.851602] Deploying "src/gen/data/my.bookshop-Books.hdbtabledata"... (STDOUT, APP/TASK/deploy)#
#2026 09 21 12:04:34.057#Z#DEBUG#6a48e96a-b5b4-11f1-b631-eeee0a9b49e1.backend-db-deployer#flowable-async-job-executor-thread-139353#
[PollExecuteTaskStatusExecution] 5fd8dc3c-33ed-4c50-a49f-c9bca4b4cad1 [2026-09-21T12:04:22.851605] Deploying "src/gen/data/my.bookshop-Books.hdbtabledata"... ok (0s 0ms) (STDOUT, APP/TASK/deploy)#
#2026 09 21 12:04:34.057#Z#DEBUG#6a48e96a-b5b4-11f1-b631-eeee0a9b49e1.backend-db-deployer#flowable-async-job-executor-thread-139353#
[PollExecuteTaskStatusExecution] 5fd8dc3c-33ed-4c50-a49f-c9bca4b4cad1 [2026-09-21T12:04:22.851608] Deploying "src/gen/data/my.bookshop-Books.csv"... ok (0s 8ms) (STDOUT, APP/TASK/deploy)#
#2026 09 21 12:04:34.057#Z#DEBUG#6a48e96a-b5b4-11f1-b631-eeee0a9b49e1.backend-db-deployer#flowable-async-job-executor-thread-139353#
[PollExecuteTaskStatusExecution] 5fd8dc3c-33ed-4c50-a49f-c9bca4b4cad1 [2026-09-21T12:04:22.851611] Deploying "src/gen/data/my.bookshop-Books.hdbtabledata$0.expand"... (STDOUT, APP/TASK/deploy)#
#2026 09 21 12:04:34.057#Z#DEBUG#6a48e96a-b5b4-11f1-b631-eeee0a9b49e1.backend-db-deployer#flowable-async-job-executor-thread-139353#
[PollExecuteTaskStatusExecution] 5fd8dc3c-33ed-4c50-a49f-c9bca4b4cad1 [2026-09-21T12:04:22.851618] Expanded from "src/gen/data/my.bookshop-Books.hdbtabledata" (STDOUT, APP/TASK/deploy)#
#2026 09 21 12:04:34.057#Z#DEBUG#6a48e96a-b5b4-11f1-b631-eeee0a9b49e1.backend-db-deployer#flowable-async-job-executor-thread-139353#
[PollExecuteTaskStatusExecution] 5fd8dc3c-33ed-4c50-a49f-c9bca4b4cad1 [2026-09-21T12:04:22.851674] Error: com.sap.hana.di.tabledata: The "include_filter" definitions match with 1 records that already exist in the "MY_BOOKSHOP_BOOKS" table [8251521] (STDERR, APP/TASK/deploy)#
#2026 09 21 12:04:34.057#Z#DEBUG#6a48e96a-b5b4-11f1-b631-eeee0a9b49e1.backend-db-deployer#flowable-async-job-executor-thread-139353#
[PollExecuteTaskStatusExecution] 5fd8dc3c-33ed-4c50-a49f-c9bca4b4cad1 [2026-09-21T12:04:22.851691] Error: com.sap.hana.di.tabledata: Deploying "src/gen/data/my.bookshop-Books.hdbtabledata$0.expand"... failed [8212145] (STDERR, APP/TASK/deploy)#
#2026 09 21 12:04:34.057#Z#DEBUG#6a48e96a-b5b4-11f1-b631-eeee0a9b49e1.backend-db-deployer#flowable-async-job-executor-thread-139353#
[PollExecuteTaskStatusExecution] 5fd8dc3c-33ed-4c50-a49f-c9bca4b4cad1 [2026-09-21T12:04:22.851779] at "src/gen/data/my.bookshop-Books.hdbtabledata" (14:26,/imports[0]/import_settings) (STDOUT, APP/TASK/deploy)#
#2026 09 21 12:04:34.057#Z#DEBUG#6a48e96a-b5b4-11f1-b631-eeee0a9b49e1.backend-db-deployer#flowable-async-job-executor-thread-139353#
[PollExecuteTaskStatusExecution] 5fd8dc3c-33ed-4c50-a49f-c9bca4b4cad1 [2026-09-21T12:04:22.851798] at "src/gen/data/my.bookshop-Books.hdbtabledata$0.expand" (0:0) (STDOUT, APP/TASK/deploy)#
#2026 09 21 12:04:34.057#Z#DEBUG#6a48e96a-b5b4-11f1-b631-eeee0a9b49e1.backend-db-deployer#flowable-async-job-executor-thread-139353#
[PollExecuteTaskStatusExecution] 5fd8dc3c-33ed-4c50-a49f-c9bca4b4cad1 [2026-09-21T12:04:22.851803] Make failed (5 errors, 0 warnings): tried to deploy 2 files, undeploy 0 files, redeploy 1 dependent files (STDOUT, APP/TASK/deploy)#
#2026 09 21 12:04:34.057#Z#DEBUG#6a48e96a-b5b4-11f1-b631-eeee0a9b49e1.backend-db-deployer#flowable-async-job-executor-thread-139353#
[PollExecuteTaskStatusExecution] 5fd8dc3c-33ed-4c50-a49f-c9bca4b4cad1 [2026-09-21T12:04:22.851837] Error: Worker 2 has encountered an error; all remaining jobs will be canceled [8214600] (STDERR, APP/TASK/deploy)#
#2026 09 21 12:04:34.057#Z#DEBUG#6a48e96a-b5b4-11f1-b631-eeee0a9b49e1.backend-db-deployer#flowable-async-job-executor-thread-139353#
[PollExecuteTaskStatusExecution] 5fd8dc3c-33ed-4c50-a49f-c9bca4b4cad1 [2026-09-21T12:04:22.851845] Error: Processing work list... failed [8212102] (STDERR, APP/TASK/deploy)#
#2026 09 21 12:04:34.057#Z#DEBUG#6a48e96a-b5b4-11f1-b631-eeee0a9b49e1.backend-db-deployer#flowable-async-job-executor-thread-139353#
[PollExecuteTaskStatusExecution] 5fd8dc3c-33ed-4c50-a49f-c9bca4b4cad1 [2026-09-21T12:04:22.851848] Error: Making... failed [8211605] (STDERR, APP/TASK/deploy)#
#2026 09 21 12:04:34.057#Z#DEBUG#6a48e96a-b5b4-11f1-b631-eeee0a9b49e1.backend-db-deployer#flowable-async-job-executor-thread-139353#
[PollExecuteTaskStatusExecution] 5fd8dc3c-33ed-4c50-a49f-c9bca4b4cad1 [2026-09-21T12:04:22.851858] Error: Starting make in the container "4E190AF9079C4FEE882C6D641C13F720" with 2 files to deploy, 0 files to undeploy... failed [8214168] (STDERR, APP/TASK/deploy)#
#2026 09 21 12:04:34.057#Z#DEBUG#6a48e96a-b5b4-11f1-b631-eeee0a9b49e1.backend-db-deployer#flowable-async-job-executor-thread-139353#
[PollExecuteTaskStatusExecution] 5fd8dc3c-33ed-4c50-a49f-c9bca4b4cad1 [2026-09-21T12:04:22.852161] Deployment to container 4E190AF9079C4FEE882C6D641C13F720 failed - error: HDI make failed [Deployment ID: none]. (STDERR, APP/TASK/deploy)#
#2026 09 21 12:04:34.057#Z#DEBUG#6a48e96a-b5b4-11f1-b631-eeee0a9b49e1.backend-db-deployer#flowable-async-job-executor-thread-139353#
[PollExecuteTaskStatusExecution] 5fd8dc3c-33ed-4c50-a49f-c9bca4b4cad1 [2026-09-21T12:04:22.852743] Error: HDI make failed (STDERR, APP/TASK/deploy)#
#2026 09 21 12:04:34.057#Z#DEBUG#6a48e96a-b5b4-11f1-b631-eeee0a9b49e1.backend-db-deployer#flowable-async-job-executor-thread-139353#
[PollExecuteTaskStatusExecution] 5fd8dc3c-33ed-4c50-a49f-c9bca4b4cad1 [2026-09-21T12:04:22.852755] Deployment ended at 2026-09-21 12:04:22 (STDOUT, APP/TASK/deploy)#
#2026 09 21 12:04:34.057#Z#DEBUG#6a48e96a-b5b4-11f1-b631-eeee0a9b49e1.backend-db-deployer#flowable-async-job-executor-thread-139353#
[PollExecuteTaskStatusExecution] 5fd8dc3c-33ed-4c50-a49f-c9bca4b4cad1 [2026-09-21T12:04:22.853302] (2s 835ms) (STDOUT, APP/TASK/deploy)#
#2026 09 21 12:04:34.057#Z#DEBUG#6a48e96a-b5b4-11f1-b631-eeee0a9b49e1.backend-db-deployer#flowable-async-job-executor-thread-139353#
[PollExecuteTaskStatusExecution] 5fd8dc3c-33ed-4c50-a49f-c9bca4b4cad1 [2026-09-21T12:04:22.871216] npm notice (STDERR, APP/TASK/deploy)#
#2026 09 21 12:04:34.057#Z#DEBUG#6a48e96a-b5b4-11f1-b631-eeee0a9b49e1.backend-db-deployer#flowable-async-job-executor-thread-139353#
[PollExecuteTaskStatusExecution] 5fd8dc3c-33ed-4c50-a49f-c9bca4b4cad1 [2026-09-21T12:04:22.871302] npm notice New major version of npm available! 11.17.0 -> 12.0.2 (STDERR, APP/TASK/deploy)#
#2026 09 21 12:04:34.057#Z#DEBUG#6a48e96a-b5b4-11f1-b631-eeee0a9b49e1.backend-db-deployer#flowable-async-job-executor-thread-139353#
[PollExecuteTaskStatusExecution] 5fd8dc3c-33ed-4c50-a49f-c9bca4b4cad1 [2026-09-21T12:04:22.871309] npm notice Changelog: https://github.com/npm/cli/releases/tag/v12.0.2 (STDERR, APP/TASK/deploy)#
#2026 09 21 12:04:34.057#Z#DEBUG#6a48e96a-b5b4-11f1-b631-eeee0a9b49e1.backend-db-deployer#flowable-async-job-executor-thread-139353#
[PollExecuteTaskStatusExecution] 5fd8dc3c-33ed-4c50-a49f-c9bca4b4cad1 [2026-09-21T12:04:22.871312] npm notice To update run: npm install -g npm@12.0.2 (STDERR, APP/TASK/deploy)#
#2026 09 21 12:04:34.057#Z#DEBUG#6a48e96a-b5b4-11f1-b631-eeee0a9b49e1.backend-db-deployer#flowable-async-job-executor-thread-139353#
[PollExecuteTaskStatusExecution] 5fd8dc3c-33ed-4c50-a49f-c9bca4b4cad1 [2026-09-21T12:04:22.871314] npm notice (STDERR, APP/TASK/deploy)#
#2026 09 21 12:04:34.057#Z#DEBUG#6a48e96a-b5b4-11f1-b631-eeee0a9b49e1.backend-db-deployer#flowable-async-job-executor-thread-139353#
[PollExecuteTaskStatusExecution] 5fd8dc3c-33ed-4c50-a49f-c9bca4b4cad1 [2026-09-21T12:04:22.949863] Exit status 1 (STDOUT, APP/TASK/deploy)#
#2026 09 21 12:04:34.057#Z#DEBUG#6a48e96a-b5b4-11f1-b631-eeee0a9b49e1.backend-db-deployer#flowable-async-job-executor-thread-139353#
[PollExecuteTaskStatusExecution] 5fd8dc3c-33ed-4c50-a49f-c9bca4b4cad1 [2026-09-21T12:04:23.775781] Cell 684caff8-89cd-492b-be01-b3d0835f1763 stopping instance dc5abb10-9961-47f0-9c19-72b7d0e3bd30 (STDOUT, CELL)#
#2026 09 21 12:04:34.057#Z#DEBUG#6a48e96a-b5b4-11f1-b631-eeee0a9b49e1.backend-db-deployer#flowable-async-job-executor-thread-139353#
[PollExecuteTaskStatusExecution] 5fd8dc3c-33ed-4c50-a49f-c9bca4b4cad1 [2026-09-21T12:04:23.775826] Cell 684caff8-89cd-492b-be01-b3d0835f1763 destroying container for instance dc5abb10-9961-47f0-9c19-72b7d0e3bd30 (STDOUT, CELL)#
#2026 09 21 12:04:34.057#Z#DEBUG#6a48e96a-b5b4-11f1-b631-eeee0a9b49e1.backend-db-deployer#flowable-async-job-executor-thread-139353#
[PollExecuteTaskStatusExecution] 5fd8dc3c-33ed-4c50-a49f-c9bca4b4cad1 [2026-09-21T12:04:25.375751] Cell 684caff8-89cd-492b-be01-b3d0835f1763 successfully destroyed container for instance dc5abb10-9961-47f0-9c19-72b7d0e3bd30 (STDOUT, CELL)#
#2026 09 21 12:04:34.057#Z#DEBUG#6a48e96a-b5b4-11f1-b631-eeee0a9b49e1.backend-db-deployer#flowable-async-job-executor-thread-139353#
[PollExecuteTaskStatusExecution] 5fd8dc3c-33ed-4c50-a49f-c9bca4b4cad1 [2026-09-21T12:04:27.545508] Cell 684caff8-89cd-492b-be01-b3d0835f1763 creating container for instance b2a85a8f-f280-47bb-9b35-4d615ca66496 (STDOUT, CELL)#
#2026 09 21 12:04:34.057#Z#DEBUG#6a48e96a-b5b4-11f1-b631-eeee0a9b49e1.backend-db-deployer#flowable-async-job-executor-thread-139353#
[PollExecuteTaskStatusExecution] 5fd8dc3c-33ed-4c50-a49f-c9bca4b4cad1 [2026-09-21T12:04:28.118585] Security group rules were updated (STDOUT, CELL)#
#2026 09 21 12:04:34.057#Z#DEBUG#6a48e96a-b5b4-11f1-b631-eeee0a9b49e1.backend-db-deployer#flowable-async-job-executor-thread-139353#
[PollExecuteTaskStatusExecution] 5fd8dc3c-33ed-4c50-a49f-c9bca4b4cad1 [2026-09-21T12:04:28.151327] Cell 684caff8-89cd-492b-be01-b3d0835f1763 successfully created container for instance b2a85a8f-f280-47bb-9b35-4d615ca66496 (STDOUT, CELL)#
#2026 09 21 12:04:34.057#Z#DEBUG#6a48e96a-b5b4-11f1-b631-eeee0a9b49e1.backend-db-deployer#flowable-async-job-executor-thread-139353#
[PollExecuteTaskStatusExecution] 5fd8dc3c-33ed-4c50-a49f-c9bca4b4cad1 [2026-09-21T12:04:32.246721] Invoking pre-start scripts. (STDOUT, APP/TASK/deploy)#
#2026 09 21 12:04:34.057#Z#DEBUG#6a48e96a-b5b4-11f1-b631-eeee0a9b49e1.backend-db-deployer#flowable-async-job-executor-thread-139353#
[PollExecuteTaskStatusExecution] 5fd8dc3c-33ed-4c50-a49f-c9bca4b4cad1 [2026-09-21T12:04:32.465933] Invoking start command. (STDOUT, APP/TASK/deploy)#
#2026 09 21 12:04:34.057#Z#DEBUG#6a48e96a-b5b4-11f1-b631-eeee0a9b49e1.backend-db-deployer#flowable-async-job-executor-thread-139353#
[PollExecuteTaskStatusExecution] 5fd8dc3c-33ed-4c50-a49f-c9bca4b4cad1 [2026-09-21T12:04:32.939818] > start (STDOUT, APP/TASK/deploy)#
#2026 09 21 12:04:34.057#Z#DEBUG#6a48e96a-b5b4-11f1-b631-eeee0a9b49e1.backend-db-deployer#flowable-async-job-executor-thread-139353#
[PollExecuteTaskStatusExecution] 5fd8dc3c-33ed-4c50-a49f-c9bca4b4cad1 [2026-09-21T12:04:32.939872] > node node_modules/@sap/hdi-deploy/deploy.js --use-hdb --parameter com.sap.hana.di.table/try_fast_table_migration=true (STDOUT, APP/TASK/deploy)#
#2026 09 21 12:04:34.057#Z#DEBUG#6a48e96a-b5b4-11f1-b631-eeee0a9b49e1.backend-db-deployer#flowable-async-job-executor-thread-139353#
[PollExecuteTaskStatusExecution] 5fd8dc3c-33ed-4c50-a49f-c9bca4b4cad1 [2026-09-21T12:04:33.101247] VCAP_SERVICES: (STDOUT, APP/TASK/deploy)#
#2026 09 21 12:04:34.057#Z#DEBUG#6a48e96a-b5b4-11f1-b631-eeee0a9b49e1.backend-db-deployer#flowable-async-job-executor-thread-139353#
[PollExecuteTaskStatusExecution] 5fd8dc3c-33ed-4c50-a49f-c9bca4b4cad1 [2026-09-21T12:04:33.102065] { (STDOUT, APP/TASK/deploy)#
#2026 09 21 12:04:34.057#Z#DEBUG#6a48e96a-b5b4-11f1-b631-eeee0a9b49e1.backend-db-deployer#flowable-async-job-executor-thread-139353#
[PollExecuteTaskStatusExecution] 5fd8dc3c-33ed-4c50-a49f-c9bca4b4cad1 [2026-09-21T12:04:33.102095] "hana": [ (STDOUT, APP/TASK/deploy)#
#2026 09 21 12:04:34.057#Z#DEBUG#6a48e96a-b5b4-11f1-b631-eeee0a9b49e1.backend-db-deployer#flowable-async-job-executor-thread-139353#
[PollExecuteTaskStatusExecution] 5fd8dc3c-33ed-4c50-a49f-c9bca4b4cad1 [2026-09-21T12:04:33.102123] { (STDOUT, APP/TASK/deploy)#
#2026 09 21 12:04:34.057#Z#DEBUG#6a48e96a-b5b4-11f1-b631-eeee0a9b49e1.backend-db-deployer#flowable-async-job-executor-thread-139353#
[PollExecuteTaskStatusExecution] 5fd8dc3c-33ed-4c50-a49f-c9bca4b4cad1 [2026-09-21T12:04:33.102129] "name": "backend-db", (STDOUT, APP/TASK/deploy)#
#2026 09 21 12:04:34.057#Z#DEBUG#6a48e96a-b5b4-11f1-b631-eeee0a9b49e1.backend-db-deployer#flowable-async-job-executor-thread-139353#
[PollExecuteTaskStatusExecution] 5fd8dc3c-33ed-4c50-a49f-c9bca4b4cad1 [2026-09-21T12:04:33.102132] "label": "hana", (STDOUT, APP/TASK/deploy)#
#2026 09 21 12:04:34.057#Z#DEBUG#6a48e96a-b5b4-11f1-b631-eeee0a9b49e1.backend-db-deployer#flowable-async-job-executor-thread-139353#
[PollExecuteTaskStatusExecution] 5fd8dc3c-33ed-4c50-a49f-c9bca4b4cad1 [2026-09-21T12:04:33.102143] "plan": "hdi-shared", (STDOUT, APP/TASK/deploy)#
#2026 09 21 12:04:34.057#Z#DEBUG#6a48e96a-b5b4-11f1-b631-eeee0a9b49e1.backend-db-deployer#flowable-async-job-executor-thread-139353#
[PollExecuteTaskStatusExecution] 5fd8dc3c-33ed-4c50-a49f-c9bca4b4cad1 [2026-09-21T12:04:33.102145] "credentials": { (STDOUT, APP/TASK/deploy)#
#2026 09 21 12:04:34.057#Z#DEBUG#6a48e96a-b5b4-11f1-b631-eeee0a9b49e1.backend-db-deployer#flowable-async-job-executor-thread-139353#
[PollExecuteTaskStatusExecution] 5fd8dc3c-33ed-4c50-a49f-c9bca4b4cad1 [2026-09-21T12:04:33.102153] "schema": "4E190AF9079C4FEE882C6D641C13F720", (STDOUT, APP/TASK/deploy)#
#2026 09 21 12:04:34.057#Z#DEBUG#6a48e96a-b5b4-11f1-b631-eeee0a9b49e1.backend-db-deployer#flowable-async-job-executor-thread-139353#
[PollExecuteTaskStatusExecution] 5fd8dc3c-33ed-4c50-a49f-c9bca4b4cad1 [2026-09-21T12:04:33.102155] "database_id": "527b89d3-da1d-435f-873e-e73c1e06777e", (STDOUT, APP/TASK/deploy)#
#2026 09 21 12:04:34.057#Z#DEBUG#6a48e96a-b5b4-11f1-b631-eeee0a9b49e1.backend-db-deployer#flowable-async-job-executor-thread-139353#
[PollExecuteTaskStatusExecution] 5fd8dc3c-33ed-4c50-a49f-c9bca4b4cad1 [2026-09-21T12:04:33.102158] "user": "4E190AF9079C4FEE882C6D641C13F720_554OCBTO9C3J858HCKJ9FI34Q_RT", (STDOUT, APP/TASK/deploy)#
#2026 09 21 12:04:34.057#Z#DEBUG#6a48e96a-b5b4-11f1-b631-eeee0a9b49e1.backend-db-deployer#flowable-async-job-executor-thread-139353#
[PollExecuteTaskStatusExecution] 5fd8dc3c-33ed-4c50-a49f-c9bca4b4cad1 [2026-09-21T12:04:33.102166] "hdi_user": "4E190AF9079C4FEE882C6D641C13F720_554OCBTO9C3J858HCKJ9FI34Q_DT" (STDOUT, APP/TASK/deploy)#
#2026 09 21 12:04:34.057#Z#DEBUG#6a48e96a-b5b4-11f1-b631-eeee0a9b49e1.backend-db-deployer#flowable-async-job-executor-thread-139353#
[PollExecuteTaskStatusExecution] 5fd8dc3c-33ed-4c50-a49f-c9bca4b4cad1 [2026-09-21T12:04:33.102169] }, (STDOUT, APP/TASK/deploy)#
#2026 09 21 12:04:34.057#Z#DEBUG#6a48e96a-b5b4-11f1-b631-eeee0a9b49e1.backend-db-deployer#flowable-async-job-executor-thread-139353#
[PollExecuteTaskStatusExecution] 5fd8dc3c-33ed-4c50-a49f-c9bca4b4cad1 [2026-09-21T12:04:33.102172] "tags": [ (STDOUT, APP/TASK/deploy)#
#2026 09 21 12:04:34.057#Z#DEBUG#6a48e96a-b5b4-11f1-b631-eeee0a9b49e1.backend-db-deployer#flowable-async-job-executor-thread-139353#
[PollExecuteTaskStatusExecution] 5fd8dc3c-33ed-4c50-a49f-c9bca4b4cad1 [2026-09-21T12:04:33.102174] "hana", (STDOUT, APP/TASK/deploy)#
#2026 09 21 12:04:34.057#Z#DEBUG#6a48e96a-b5b4-11f1-b631-eeee0a9b49e1.backend-db-deployer#flowable-async-job-executor-thread-139353#
[PollExecuteTaskStatusExecution] 5fd8dc3c-33ed-4c50-a49f-c9bca4b4cad1 [2026-09-21T12:04:33.102177] "database", (STDOUT, APP/TASK/deploy)#
#2026 09 21 12:04:34.057#Z#DEBUG#6a48e96a-b5b4-11f1-b631-eeee0a9b49e1.backend-db-deployer#flowable-async-job-executor-thread-139353#
[PollExecuteTaskStatusExecution] 5fd8dc3c-33ed-4c50-a49f-c9bca4b4cad1 [2026-09-21T12:04:33.102179] "relational" (STDOUT, APP/TASK/deploy)#
#2026 09 21 12:04:34.057#Z#DEBUG#6a48e96a-b5b4-11f1-b631-eeee0a9b49e1.backend-db-deployer#flowable-async-job-executor-thread-139353#
[PollExecuteTaskStatusExecution] 5fd8dc3c-33ed-4c50-a49f-c9bca4b4cad1 [2026-09-21T12:04:33.102182] ] (STDOUT, APP/TASK/deploy)#
#2026 09 21 12:04:34.057#Z#DEBUG#6a48e96a-b5b4-11f1-b631-eeee0a9b49e1.backend-db-deployer#flowable-async-job-executor-thread-139353#
[PollExecuteTaskStatusExecution] 5fd8dc3c-33ed-4c50-a49f-c9bca4b4cad1 [2026-09-21T12:04:33.102184] } (STDOUT, APP/TASK/deploy)#
#2026 09 21 12:04:34.057#Z#DEBUG#6a48e96a-b5b4-11f1-b631-eeee0a9b49e1.backend-db-deployer#flowable-async-job-executor-thread-139353#
[PollExecuteTaskStatusExecution] 5fd8dc3c-33ed-4c50-a49f-c9bca4b4cad1 [2026-09-21T12:04:33.102186] ] (STDOUT, APP/TASK/deploy)#
#2026 09 21 12:04:34.057#Z#DEBUG#6a48e96a-b5b4-11f1-b631-eeee0a9b49e1.backend-db-deployer#flowable-async-job-executor-thread-139353#
[PollExecuteTaskStatusExecution] 5fd8dc3c-33ed-4c50-a49f-c9bca4b4cad1 [2026-09-21T12:04:33.102190] } (STDOUT, APP/TASK/deploy)#
#2026 09 21 12:04:44.361#Z#DEBUG#6a48e96a-b5b4-11f1-b631-eeee0a9b49e1.backend-db-deployer#flowable-async-job-executor-thread-139369#
[PollExecuteTaskStatusExecution] 5fd8dc3c-33ed-4c50-a49f-c9bca4b4cad1 [2026-09-21T12:04:33.527952] @sap/hdi-deploy, version 5.7.0 (mode default), server version 4.00.000.00.1788856605 (4.0.0.0), cloud version 2026.14.19, node version 24.19.0, HDI version 1016, container API version 1007 (STDOUT, APP/TASK/deploy)#
#2026 09 21 12:04:44.361#Z#DEBUG#6a48e96a-b5b4-11f1-b631-eeee0a9b49e1.backend-db-deployer#flowable-async-job-executor-thread-139369#
[PollExecuteTaskStatusExecution] 5fd8dc3c-33ed-4c50-a49f-c9bca4b4cad1 [2026-09-21T12:04:33.527981] Deployment started at 2026-09-21 12:04:33 (STDOUT, APP/TASK/deploy)#
#2026 09 21 12:04:44.361#Z#DEBUG#6a48e96a-b5b4-11f1-b631-eeee0a9b49e1.backend-db-deployer#flowable-async-job-executor-thread-139369#
[PollExecuteTaskStatusExecution] 5fd8dc3c-33ed-4c50-a49f-c9bca4b4cad1 [2026-09-21T12:04:33.528014] Using hdb@2.29.6 for connection (STDOUT, APP/TASK/deploy)#
#2026 09 21 12:04:44.361#Z#DEBUG#6a48e96a-b5b4-11f1-b631-eeee0a9b49e1.backend-db-deployer#flowable-async-job-executor-thread-139369#
[PollExecuteTaskStatusExecution] 5fd8dc3c-33ed-4c50-a49f-c9bca4b4cad1 [2026-09-21T12:04:33.547023] No ignore file at /home/vcap/app/.hdiignore. (STDOUT, APP/TASK/deploy)#
#2026 09 21 12:04:44.361#Z#DEBUG#6a48e96a-b5b4-11f1-b631-eeee0a9b49e1.backend-db-deployer#flowable-async-job-executor-thread-139369#
[PollExecuteTaskStatusExecution] 5fd8dc3c-33ed-4c50-a49f-c9bca4b4cad1 [2026-09-21T12:04:33.547353] Collecting files... (STDOUT, APP/TASK/deploy)#
#2026 09 21 12:04:44.361#Z#DEBUG#6a48e96a-b5b4-11f1-b631-eeee0a9b49e1.backend-db-deployer#flowable-async-job-executor-thread-139369#
[PollExecuteTaskStatusExecution] 5fd8dc3c-33ed-4c50-a49f-c9bca4b4cad1 [2026-09-21T12:04:33.552704] Collecting files... ok (0s 5ms) (STDOUT, APP/TASK/deploy)#
#2026 09 21 12:04:44.361#Z#DEBUG#6a48e96a-b5b4-11f1-b631-eeee0a9b49e1.backend-db-deployer#flowable-async-job-executor-thread-139369#
[PollExecuteTaskStatusExecution] 5fd8dc3c-33ed-4c50-a49f-c9bca4b4cad1 [2026-09-21T12:04:33.552747] 3 directories collected (STDOUT, APP/TASK/deploy)#
#2026 09 21 12:04:44.361#Z#DEBUG#6a48e96a-b5b4-11f1-b631-eeee0a9b49e1.backend-db-deployer#flowable-async-job-executor-thread-139369#
[PollExecuteTaskStatusExecution] 5fd8dc3c-33ed-4c50-a49f-c9bca4b4cad1 [2026-09-21T12:04:33.552751] 10 files collected (STDOUT, APP/TASK/deploy)#
#2026 09 21 12:04:44.361#Z#DEBUG#6a48e96a-b5b4-11f1-b631-eeee0a9b49e1.backend-db-deployer#flowable-async-job-executor-thread-139369#
[PollExecuteTaskStatusExecution] 5fd8dc3c-33ed-4c50-a49f-c9bca4b4cad1 [2026-09-21T12:04:33.552754] 0 reusable modules collected (STDOUT, APP/TASK/deploy)#
#2026 09 21 12:04:44.361#Z#DEBUG#6a48e96a-b5b4-11f1-b631-eeee0a9b49e1.backend-db-deployer#flowable-async-job-executor-thread-139369#
[PollExecuteTaskStatusExecution] 5fd8dc3c-33ed-4c50-a49f-c9bca4b4cad1 [2026-09-21T12:04:33.552757] Target service: backend-db (STDOUT, APP/TASK/deploy)#
#2026 09 21 12:04:44.361#Z#DEBUG#6a48e96a-b5b4-11f1-b631-eeee0a9b49e1.backend-db-deployer#flowable-async-job-executor-thread-139369#
[PollExecuteTaskStatusExecution] 5fd8dc3c-33ed-4c50-a49f-c9bca4b4cad1 [2026-09-21T12:04:33.765842] Previous build with request ID 82 finished at 2026-09-21T12:04:22.817 with status Canceled and message: Make failed (5 errors, 0 warnings): tried to deploy 2 files, undeploy 0 files, redeploy 1 dependent files. (STDOUT, APP/TASK/deploy)#
#2026 09 21 12:04:44.361#Z#DEBUG#6a48e96a-b5b4-11f1-b631-eeee0a9b49e1.backend-db-deployer#flowable-async-job-executor-thread-139369#
[PollExecuteTaskStatusExecution] 5fd8dc3c-33ed-4c50-a49f-c9bca4b4cad1 [2026-09-21T12:04:33.765888] Processing revoke files... (STDOUT, APP/TASK/deploy)#
#2026 09 21 12:04:44.361#Z#DEBUG#6a48e96a-b5b4-11f1-b631-eeee0a9b49e1.backend-db-deployer#flowable-async-job-executor-thread-139369#
[PollExecuteTaskStatusExecution] 5fd8dc3c-33ed-4c50-a49f-c9bca4b4cad1 [2026-09-21T12:04:33.765906] Processing revoke files... ok (0s 0ms) (STDOUT, APP/TASK/deploy)#
#2026 09 21 12:04:44.361#Z#DEBUG#6a48e96a-b5b4-11f1-b631-eeee0a9b49e1.backend-db-deployer#flowable-async-job-executor-thread-139369#
[PollExecuteTaskStatusExecution] 5fd8dc3c-33ed-4c50-a49f-c9bca4b4cad1 [2026-09-21T12:04:33.766024] Processing grants files... (STDOUT, APP/TASK/deploy)#
#2026 09 21 12:04:44.361#Z#DEBUG#6a48e96a-b5b4-11f1-b631-eeee0a9b49e1.backend-db-deployer#flowable-async-job-executor-thread-139369#
[PollExecuteTaskStatusExecution] 5fd8dc3c-33ed-4c50-a49f-c9bca4b4cad1 [2026-09-21T12:04:33.766125] Processing grants files... ok (0s 0ms) (STDOUT, APP/TASK/deploy)#
#2026 09 21 12:04:44.361#Z#DEBUG#6a48e96a-b5b4-11f1-b631-eeee0a9b49e1.backend-db-deployer#flowable-async-job-executor-thread-139369#
[PollExecuteTaskStatusExecution] 5fd8dc3c-33ed-4c50-a49f-c9bca4b4cad1 [2026-09-21T12:04:33.769146] Preprocessing files... (STDOUT, APP/TASK/deploy)#
#2026 09 21 12:04:44.361#Z#DEBUG#6a48e96a-b5b4-11f1-b631-eeee0a9b49e1.backend-db-deployer#flowable-async-job-executor-thread-139369#
[PollExecuteTaskStatusExecution] 5fd8dc3c-33ed-4c50-a49f-c9bca4b4cad1 [2026-09-21T12:04:33.769259] Preprocessing files... ok (0s 0ms) (STDOUT, APP/TASK/deploy)#
#2026 09 21 12:04:44.361#Z#DEBUG#6a48e96a-b5b4-11f1-b631-eeee0a9b49e1.backend-db-deployer#flowable-async-job-executor-thread-139369#
[PollExecuteTaskStatusExecution] 5fd8dc3c-33ed-4c50-a49f-c9bca4b4cad1 [2026-09-21T12:04:33.769451] Connecting to the container "4E190AF9079C4FEE882C6D641C13F720"... (STDOUT, APP/TASK/deploy)#
#2026 09 21 12:04:44.361#Z#DEBUG#6a48e96a-b5b4-11f1-b631-eeee0a9b49e1.backend-db-deployer#flowable-async-job-executor-thread-139369#
[PollExecuteTaskStatusExecution] 5fd8dc3c-33ed-4c50-a49f-c9bca4b4cad1 [2026-09-21T12:04:33.834390] Connecting to the container "4E190AF9079C4FEE882C6D641C13F720"... ok (0s 65ms) (STDOUT, APP/TASK/deploy)#
#2026 09 21 12:04:44.361#Z#DEBUG#6a48e96a-b5b4-11f1-b631-eeee0a9b49e1.backend-db-deployer#flowable-async-job-executor-thread-139369#
[PollExecuteTaskStatusExecution] 5fd8dc3c-33ed-4c50-a49f-c9bca4b4cad1 [2026-09-21T12:04:33.834421] Locking the container "4E190AF9079C4FEE882C6D641C13F720"... (STDOUT, APP/TASK/deploy)#
#2026 09 21 12:04:44.361#Z#DEBUG#6a48e96a-b5b4-11f1-b631-eeee0a9b49e1.backend-db-deployer#flowable-async-job-executor-thread-139369#
[PollExecuteTaskStatusExecution] 5fd8dc3c-33ed-4c50-a49f-c9bca4b4cad1 [2026-09-21T12:04:33.957759] Locking the container "4E190AF9079C4FEE882C6D641C13F720"... ok (0s 123ms) (STDOUT, APP/TASK/deploy)#
#2026 09 21 12:04:44.361#Z#DEBUG#6a48e96a-b5b4-11f1-b631-eeee0a9b49e1.backend-db-deployer#flowable-async-job-executor-thread-139369#
[PollExecuteTaskStatusExecution] 5fd8dc3c-33ed-4c50-a49f-c9bca4b4cad1 [2026-09-21T12:04:33.957789] Synchronizing files with the container "4E190AF9079C4FEE882C6D641C13F720"... (STDOUT, APP/TASK/deploy)#
#2026 09 21 12:04:44.361#Z#DEBUG#6a48e96a-b5b4-11f1-b631-eeee0a9b49e1.backend-db-deployer#flowable-async-job-executor-thread-139369#
[PollExecuteTaskStatusExecution] 5fd8dc3c-33ed-4c50-a49f-c9bca4b4cad1 [2026-09-21T12:04:34.145213] Deleting files... (STDOUT, APP/TASK/deploy)#
#2026 09 21 12:04:44.361#Z#DEBUG#6a48e96a-b5b4-11f1-b631-eeee0a9b49e1.backend-db-deployer#flowable-async-job-executor-thread-139369#
[PollExecuteTaskStatusExecution] 5fd8dc3c-33ed-4c50-a49f-c9bca4b4cad1 [2026-09-21T12:04:34.309693] Deleting files... ok (STDOUT, APP/TASK/deploy)#
#2026 09 21 12:04:44.361#Z#DEBUG#6a48e96a-b5b4-11f1-b631-eeee0a9b49e1.backend-db-deployer#flowable-async-job-executor-thread-139369#
[PollExecuteTaskStatusExecution] 5fd8dc3c-33ed-4c50-a49f-c9bca4b4cad1 [2026-09-21T12:04:34.309723] Writing files... (STDOUT, APP/TASK/deploy)#
#2026 09 21 12:04:44.361#Z#DEBUG#6a48e96a-b5b4-11f1-b631-eeee0a9b49e1.backend-db-deployer#flowable-async-job-executor-thread-139369#
[PollExecuteTaskStatusExecution] 5fd8dc3c-33ed-4c50-a49f-c9bca4b4cad1 [2026-09-21T12:04:34.309729] Writing 5 items (STDOUT, APP/TASK/deploy)#
#2026 09 21 12:04:44.361#Z#DEBUG#6a48e96a-b5b4-11f1-b631-eeee0a9b49e1.backend-db-deployer#flowable-async-job-executor-thread-139369#
[PollExecuteTaskStatusExecution] 5fd8dc3c-33ed-4c50-a49f-c9bca4b4cad1 [2026-09-21T12:04:34.458824] Writing files... ok (STDOUT, APP/TASK/deploy)#
#2026 09 21 12:04:44.361#Z#DEBUG#6a48e96a-b5b4-11f1-b631-eeee0a9b49e1.backend-db-deployer#flowable-async-job-executor-thread-139369#
[PollExecuteTaskStatusExecution] 5fd8dc3c-33ed-4c50-a49f-c9bca4b4cad1 [2026-09-21T12:04:34.458868] Synchronizing files with the container "4E190AF9079C4FEE882C6D641C13F720"... ok (0s 501ms) (STDOUT, APP/TASK/deploy)#
#2026 09 21 12:04:44.361#Z#DEBUG#6a48e96a-b5b4-11f1-b631-eeee0a9b49e1.backend-db-deployer#flowable-async-job-executor-thread-139369#
[PollExecuteTaskStatusExecution] 5fd8dc3c-33ed-4c50-a49f-c9bca4b4cad1 [2026-09-21T12:04:34.459200] added files: [ (STDOUT, APP/TASK/deploy)#
#2026 09 21 12:04:44.361#Z#DEBUG#6a48e96a-b5b4-11f1-b631-eeee0a9b49e1.backend-db-deployer#flowable-async-job-executor-thread-139369#
[PollExecuteTaskStatusExecution] 5fd8dc3c-33ed-4c50-a49f-c9bca4b4cad1 [2026-09-21T12:04:34.459220] "src/gen/data/my.bookshop-Books.csv", (STDOUT, APP/TASK/deploy)#
#2026 09 21 12:04:44.361#Z#DEBUG#6a48e96a-b5b4-11f1-b631-eeee0a9b49e1.backend-db-deployer#flowable-async-job-executor-thread-139369#
[PollExecuteTaskStatusExecution] 5fd8dc3c-33ed-4c50-a49f-c9bca4b4cad1 [2026-09-21T12:04:34.459224] "src/gen/data/my.bookshop-Books.hdbtabledata" (STDOUT, APP/TASK/deploy)#
#2026 09 21 12:04:44.361#Z#DEBUG#6a48e96a-b5b4-11f1-b631-eeee0a9b49e1.backend-db-deployer#flowable-async-job-executor-thread-139369#
[PollExecuteTaskStatusExecution] 5fd8dc3c-33ed-4c50-a49f-c9bca4b4cad1 [2026-09-21T12:04:34.459228] ] (STDOUT, APP/TASK/deploy)#
#2026 09 21 12:04:44.361#Z#DEBUG#6a48e96a-b5b4-11f1-b631-eeee0a9b49e1.backend-db-deployer#flowable-async-job-executor-thread-139369#
[PollExecuteTaskStatusExecution] 5fd8dc3c-33ed-4c50-a49f-c9bca4b4cad1 [2026-09-21T12:04:34.459236] modified files: [] (STDOUT, APP/TASK/deploy)#
#2026 09 21 12:04:44.361#Z#DEBUG#6a48e96a-b5b4-11f1-b631-eeee0a9b49e1.backend-db-deployer#flowable-async-job-executor-thread-139369#
[PollExecuteTaskStatusExecution] 5fd8dc3c-33ed-4c50-a49f-c9bca4b4cad1 [2026-09-21T12:04:34.459239] deleted files: [] (STDOUT, APP/TASK/deploy)#
#2026 09 21 12:04:44.361#Z#DEBUG#6a48e96a-b5b4-11f1-b631-eeee0a9b49e1.backend-db-deployer#flowable-async-job-executor-thread-139369#
[PollExecuteTaskStatusExecution] 5fd8dc3c-33ed-4c50-a49f-c9bca4b4cad1 [2026-09-21T12:04:34.459563] 2 modified or added files are scheduled for deploy based on delta detection (STDOUT, APP/TASK/deploy)#
#2026 09 21 12:04:44.361#Z#DEBUG#6a48e96a-b5b4-11f1-b631-eeee0a9b49e1.backend-db-deployer#flowable-async-job-executor-thread-139369#
[PollExecuteTaskStatusExecution] 5fd8dc3c-33ed-4c50-a49f-c9bca4b4cad1 [2026-09-21T12:04:34.459584] 0 deleted files are scheduled for undeploy based on delta detection (filtered by undeploy allowlist) (STDOUT, APP/TASK/deploy)#
#2026 09 21 12:04:44.361#Z#DEBUG#6a48e96a-b5b4-11f1-b631-eeee0a9b49e1.backend-db-deployer#flowable-async-job-executor-thread-139369#
[PollExecuteTaskStatusExecution] 5fd8dc3c-33ed-4c50-a49f-c9bca4b4cad1 [2026-09-21T12:04:34.459784] 0 files are scheduled for deploy based on explicit specification (STDOUT, APP/TASK/deploy)#
#2026 09 21 12:04:44.361#Z#DEBUG#6a48e96a-b5b4-11f1-b631-eeee0a9b49e1.backend-db-deployer#flowable-async-job-executor-thread-139369#
[PollExecuteTaskStatusExecution] 5fd8dc3c-33ed-4c50-a49f-c9bca4b4cad1 [2026-09-21T12:04:34.459811] 0 files are scheduled for undeploy based on explicit specification (STDOUT, APP/TASK/deploy)#
#2026 09 21 12:04:44.361#Z#DEBUG#6a48e96a-b5b4-11f1-b631-eeee0a9b49e1.backend-db-deployer#flowable-async-job-executor-thread-139369#
[PollExecuteTaskStatusExecution] 5fd8dc3c-33ed-4c50-a49f-c9bca4b4cad1 [2026-09-21T12:04:34.459849] Deploying to the container "4E190AF9079C4FEE882C6D641C13F720"... (STDOUT, APP/TASK/deploy)#
#2026 09 21 12:04:44.361#Z#DEBUG#6a48e96a-b5b4-11f1-b631-eeee0a9b49e1.backend-db-deployer#flowable-async-job-executor-thread-139369#
[PollExecuteTaskStatusExecution] 5fd8dc3c-33ed-4c50-a49f-c9bca4b4cad1 [2026-09-21T12:04:34.900798] Starting make in the container "4E190AF9079C4FEE882C6D641C13F720" with 2 files to deploy, 0 files to undeploy... (STDOUT, APP/TASK/deploy)#
#2026 09 21 12:04:44.361#Z#DEBUG#6a48e96a-b5b4-11f1-b631-eeee0a9b49e1.backend-db-deployer#flowable-async-job-executor-thread-139369#
[PollExecuteTaskStatusExecution] 5fd8dc3c-33ed-4c50-a49f-c9bca4b4cad1 [2026-09-21T12:04:34.900829] Disabling table replication for the container schema "4E190AF9079C4FEE882C6D641C13F720"... (STDOUT, APP/TASK/deploy)#
#2026 09 21 12:04:44.361#Z#DEBUG#6a48e96a-b5b4-11f1-b631-eeee0a9b49e1.backend-db-deployer#flowable-async-job-executor-thread-139369#
[PollExecuteTaskStatusExecution] 5fd8dc3c-33ed-4c50-a49f-c9bca4b4cad1 [2026-09-21T12:04:34.900839] Disabling table replication for the container schema "4E190AF9079C4FEE882C6D641C13F720"... ok (0s 15ms) (STDOUT, APP/TASK/deploy)#
#2026 09 21 12:04:44.361#Z#DEBUG#6a48e96a-b5b4-11f1-b631-eeee0a9b49e1.backend-db-deployer#flowable-async-job-executor-thread-139369#
[PollExecuteTaskStatusExecution] 5fd8dc3c-33ed-4c50-a49f-c9bca4b4cad1 [2026-09-21T12:04:34.901] Migrating libraries... (STDOUT, APP/TASK/deploy)#
#2026 09 21 12:04:44.361#Z#DEBUG#6a48e96a-b5b4-11f1-b631-eeee0a9b49e1.backend-db-deployer#flowable-async-job-executor-thread-139369#
[PollExecuteTaskStatusExecution] 5fd8dc3c-33ed-4c50-a49f-c9bca4b4cad1 [2026-09-21T12:04:34.901017] Migrating libraries... ok (0s 16ms) (STDOUT, APP/TASK/deploy)#
#2026 09 21 12:04:44.361#Z#DEBUG#6a48e96a-b5b4-11f1-b631-eeee0a9b49e1.backend-db-deployer#flowable-async-job-executor-thread-139369#
[PollExecuteTaskStatusExecution] 5fd8dc3c-33ed-4c50-a49f-c9bca4b4cad1 [2026-09-21T12:04:34.901124] Making... (STDOUT, APP/TASK/deploy)#
#2026 09 21 12:04:44.361#Z#DEBUG#6a48e96a-b5b4-11f1-b631-eeee0a9b49e1.backend-db-deployer#flowable-async-job-executor-thread-139369#
[PollExecuteTaskStatusExecution] 5fd8dc3c-33ed-4c50-a49f-c9bca4b4cad1 [2026-09-21T12:04:34.901136] Preparing... (STDOUT, APP/TASK/deploy)#
#2026 09 21 12:04:44.361#Z#DEBUG#6a48e96a-b5b4-11f1-b631-eeee0a9b49e1.backend-db-deployer#flowable-async-job-executor-thread-139369#
[PollExecuteTaskStatusExecution] 5fd8dc3c-33ed-4c50-a49f-c9bca4b4cad1 [2026-09-21T12:04:34.901140] Preparing the make transaction... (STDOUT, APP/TASK/deploy)#
#2026 09 21 12:04:44.361#Z#DEBUG#6a48e96a-b5b4-11f1-b631-eeee0a9b49e1.backend-db-deployer#flowable-async-job-executor-thread-139369#
[PollExecuteTaskStatusExecution] 5fd8dc3c-33ed-4c50-a49f-c9bca4b4cad1 [2026-09-21T12:04:34.901143] Adding "src/gen/data/my.bookshop-Books.csv" for deploy... (STDOUT, APP/TASK/deploy)#
#2026 09 21 12:04:44.361#Z#DEBUG#6a48e96a-b5b4-11f1-b631-eeee0a9b49e1.backend-db-deployer#flowable-async-job-executor-thread-139369#
[PollExecuteTaskStatusExecution] 5fd8dc3c-33ed-4c50-a49f-c9bca4b4cad1 [2026-09-21T12:04:34.901146] Preparing the make transaction... ok (0s 27ms) (STDOUT, APP/TASK/deploy)#
#2026 09 21 12:04:44.361#Z#DEBUG#6a48e96a-b5b4-11f1-b631-eeee0a9b49e1.backend-db-deployer#flowable-async-job-executor-thread-139369#
[PollExecuteTaskStatusExecution] 5fd8dc3c-33ed-4c50-a49f-c9bca4b4cad1 [2026-09-21T12:04:34.901156] Adding "src/gen/data/my.bookshop-Books.csv" for deploy... ok (0s 18ms) (STDOUT, APP/TASK/deploy)#
#2026 09 21 12:04:44.361#Z#DEBUG#6a48e96a-b5b4-11f1-b631-eeee0a9b49e1.backend-db-deployer#flowable-async-job-executor-thread-139369#
[PollExecuteTaskStatusExecution] 5fd8dc3c-33ed-4c50-a49f-c9bca4b4cad1 [2026-09-21T12:04:34.901167] Adding "src/gen/data/my.bookshop-Books.hdbtabledata" for deploy... (STDOUT, APP/TASK/deploy)#
#2026 09 21 12:04:44.361#Z#DEBUG#6a48e96a-b5b4-11f1-b631-eeee0a9b49e1.backend-db-deployer#flowable-async-job-executor-thread-139369#
[PollExecuteTaskStatusExecution] 5fd8dc3c-33ed-4c50-a49f-c9bca4b4cad1 [2026-09-21T12:04:34.901170] Adding "src/gen/data/my.bookshop-Books.hdbtabledata" for deploy... ok (0s 0ms) (STDOUT, APP/TASK/deploy)#
#2026 09 21 12:04:44.361#Z#DEBUG#6a48e96a-b5b4-11f1-b631-eeee0a9b49e1.backend-db-deployer#flowable-async-job-executor-thread-139369#
[PollExecuteTaskStatusExecution] 5fd8dc3c-33ed-4c50-a49f-c9bca4b4cad1 [2026-09-21T12:04:34.901172] Preparing... ok (0s 72ms) (STDOUT, APP/TASK/deploy)#
#2026 09 21 12:04:44.361#Z#DEBUG#6a48e96a-b5b4-11f1-b631-eeee0a9b49e1.backend-db-deployer#flowable-async-job-executor-thread-139369#
[PollExecuteTaskStatusExecution] 5fd8dc3c-33ed-4c50-a49f-c9bca4b4cad1 [2026-09-21T12:04:34.901183] Calculating dependencies... (STDOUT, APP/TASK/deploy)#
#2026 09 21 12:04:44.361#Z#DEBUG#6a48e96a-b5b4-11f1-b631-eeee0a9b49e1.backend-db-deployer#flowable-async-job-executor-thread-139369#
[PollExecuteTaskStatusExecution] 5fd8dc3c-33ed-4c50-a49f-c9bca4b4cad1 [2026-09-21T12:04:34.901187] Expanding... (STDOUT, APP/TASK/deploy)#
#2026 09 21 12:04:44.361#Z#DEBUG#6a48e96a-b5b4-11f1-b631-eeee0a9b49e1.backend-db-deployer#flowable-async-job-executor-thread-139369#
[PollExecuteTaskStatusExecution] 5fd8dc3c-33ed-4c50-a49f-c9bca4b4cad1 [2026-09-21T12:04:34.901189] Expanding "src/gen/data/my.bookshop-Books.hdbtabledata"... (STDOUT, APP/TASK/deploy)#
#2026 09 21 12:04:44.361#Z#DEBUG#6a48e96a-b5b4-11f1-b631-eeee0a9b49e1.backend-db-deployer#flowable-async-job-executor-thread-139369#
[PollExecuteTaskStatusExecution] 5fd8dc3c-33ed-4c50-a49f-c9bca4b4cad1 [2026-09-21T12:04:34.901191] Expanding "src/gen/data/my.bookshop-Books.hdbtabledata"... ok (0s 1ms) (STDOUT, APP/TASK/deploy)#
#2026 09 21 12:04:44.361#Z#DEBUG#6a48e96a-b5b4-11f1-b631-eeee0a9b49e1.backend-db-deployer#flowable-async-job-executor-thread-139369#
[PollExecuteTaskStatusExecution] 5fd8dc3c-33ed-4c50-a49f-c9bca4b4cad1 [2026-09-21T12:04:34.901193] Expanding... ok (0s 19ms) (STDOUT, APP/TASK/deploy)#
#2026 09 21 12:04:44.361#Z#DEBUG#6a48e96a-b5b4-11f1-b631-eeee0a9b49e1.backend-db-deployer#flowable-async-job-executor-thread-139369#
[PollExecuteTaskStatusExecution] 5fd8dc3c-33ed-4c50-a49f-c9bca4b4cad1 [2026-09-21T12:04:34.901195] Precompiling... (STDOUT, APP/TASK/deploy)#
#2026 09 21 12:04:44.361#Z#DEBUG#6a48e96a-b5b4-11f1-b631-eeee0a9b49e1.backend-db-deployer#flowable-async-job-executor-thread-139369#
[PollExecuteTaskStatusExecution] 5fd8dc3c-33ed-4c50-a49f-c9bca4b4cad1 [2026-09-21T12:04:34.901197] Precompiling "src/gen/data/my.bookshop-Books.csv"... (STDOUT, APP/TASK/deploy)#
#2026 09 21 12:04:44.361#Z#DEBUG#6a48e96a-b5b4-11f1-b631-eeee0a9b49e1.backend-db-deployer#flowable-async-job-executor-thread-139369#
[PollExecuteTaskStatusExecution] 5fd8dc3c-33ed-4c50-a49f-c9bca4b4cad1 [2026-09-21T12:04:34.901208] Precompiling "src/gen/data/my.bookshop-Books.csv"... ok (0s 2ms) (STDOUT, APP/TASK/deploy)#
#2026 09 21 12:04:44.361#Z#DEBUG#6a48e96a-b5b4-11f1-b631-eeee0a9b49e1.backend-db-deployer#flowable-async-job-executor-thread-139369#
[PollExecuteTaskStatusExecution] 5fd8dc3c-33ed-4c50-a49f-c9bca4b4cad1 [2026-09-21T12:04:34.901210] Precompiling "src/gen/data/my.bookshop-Books.hdbtabledata"... (STDOUT, APP/TASK/deploy)#
#2026 09 21 12:04:44.361#Z#DEBUG#6a48e96a-b5b4-11f1-b631-eeee0a9b49e1.backend-db-deployer#flowable-async-job-executor-thread-139369#
[PollExecuteTaskStatusExecution] 5fd8dc3c-33ed-4c50-a49f-c9bca4b4cad1 [2026-09-21T12:04:34.901212] Precompiling "src/gen/data/my.bookshop-Books.hdbtabledata"... ok (0s 0ms) (STDOUT, APP/TASK/deploy)#
#2026 09 21 12:04:44.361#Z#DEBUG#6a48e96a-b5b4-11f1-b631-eeee0a9b49e1.backend-db-deployer#flowable-async-job-executor-thread-139369#
[PollExecuteTaskStatusExecution] 5fd8dc3c-33ed-4c50-a49f-c9bca4b4cad1 [2026-09-21T12:04:34.901215] Precompiling "src/gen/data/my.bookshop-Books.hdbtabledata$0.expand"... (STDOUT, APP/TASK/deploy)#
#2026 09 21 12:04:44.361#Z#DEBUG#6a48e96a-b5b4-11f1-b631-eeee0a9b49e1.backend-db-deployer#flowable-async-job-executor-thread-139369#
[PollExecuteTaskStatusExecution] 5fd8dc3c-33ed-4c50-a49f-c9bca4b4cad1 [2026-09-21T12:04:34.901218] Expanded from "src/gen/data/my.bookshop-Books.hdbtabledata" (STDOUT, APP/TASK/deploy)#
#2026 09 21 12:04:44.361#Z#DEBUG#6a48e96a-b5b4-11f1-b631-eeee0a9b49e1.backend-db-deployer#flowable-async-job-executor-thread-139369#
[PollExecuteTaskStatusExecution] 5fd8dc3c-33ed-4c50-a49f-c9bca4b4cad1 [2026-09-21T12:04:34.901220] Precompiling "src/gen/data/my.bookshop-Books.hdbtabledata$0.expand"... ok (0s 0ms) (STDOUT, APP/TASK/deploy)#
#2026 09 21 12:04:44.361#Z#DEBUG#6a48e96a-b5b4-11f1-b631-eeee0a9b49e1.backend-db-deployer#flowable-async-job-executor-thread-139369#
[PollExecuteTaskStatusExecution] 5fd8dc3c-33ed-4c50-a49f-c9bca4b4cad1 [2026-09-21T12:04:34.901347] Precompiling... ok (0s 20ms) (STDOUT, APP/TASK/deploy)#
#2026 09 21 12:04:44.361#Z#DEBUG#6a48e96a-b5b4-11f1-b631-eeee0a9b49e1.backend-db-deployer#flowable-async-job-executor-thread-139369#
[PollExecuteTaskStatusExecution] 5fd8dc3c-33ed-4c50-a49f-c9bca4b4cad1 [2026-09-21T12:04:34.901390] Merging... (STDOUT, APP/TASK/deploy)#
#2026 09 21 12:04:44.361#Z#DEBUG#6a48e96a-b5b4-11f1-b631-eeee0a9b49e1.backend-db-deployer#flowable-async-job-executor-thread-139369#
[PollExecuteTaskStatusExecution] 5fd8dc3c-33ed-4c50-a49f-c9bca4b4cad1 [2026-09-21T12:04:34.901394] Merging... ok (0s 5ms) (STDOUT, APP/TASK/deploy)#
#2026 09 21 12:04:44.361#Z#DEBUG#6a48e96a-b5b4-11f1-b631-eeee0a9b49e1.backend-db-deployer#flowable-async-job-executor-thread-139369#
[PollExecuteTaskStatusExecution] 5fd8dc3c-33ed-4c50-a49f-c9bca4b4cad1 [2026-09-21T12:04:34.901399] Calculating dependencies... ok (0s 44ms) (STDOUT, APP/TASK/deploy)#
#2026 09 21 12:04:44.361#Z#DEBUG#6a48e96a-b5b4-11f1-b631-eeee0a9b49e1.backend-db-deployer#flowable-async-job-executor-thread-139369#
[PollExecuteTaskStatusExecution] 5fd8dc3c-33ed-4c50-a49f-c9bca4b4cad1 [2026-09-21T12:04:34.901424] Processing work list... (STDOUT, APP/TASK/deploy)#
#2026 09 21 12:04:44.361#Z#DEBUG#6a48e96a-b5b4-11f1-b631-eeee0a9b49e1.backend-db-deployer#flowable-async-job-executor-thread-139369#
[PollExecuteTaskStatusExecution] 5fd8dc3c-33ed-4c50-a49f-c9bca4b4cad1 [2026-09-21T12:04:34.901486] Deploying "src/gen/data/my.bookshop-Books.csv"... (STDOUT, APP/TASK/deploy)#
#2026 09 21 12:04:44.361#Z#DEBUG#6a48e96a-b5b4-11f1-b631-eeee0a9b49e1.backend-db-deployer#flowable-async-job-executor-thread-139369#
[PollExecuteTaskStatusExecution] 5fd8dc3c-33ed-4c50-a49f-c9bca4b4cad1 [2026-09-21T12:04:34.901500] Deploying "src/gen/data/my.bookshop-Books.hdbtabledata"... (STDOUT, APP/TASK/deploy)#
#2026 09 21 12:04:44.361#Z#DEBUG#6a48e96a-b5b4-11f1-b631-eeee0a9b49e1.backend-db-deployer#flowable-async-job-executor-thread-139369#
[PollExecuteTaskStatusExecution] 5fd8dc3c-33ed-4c50-a49f-c9bca4b4cad1 [2026-09-21T12:04:34.901506] Deploying "src/gen/data/my.bookshop-Books.hdbtabledata"... ok (0s 0ms) (STDOUT, APP/TASK/deploy)#
#2026 09 21 12:04:44.361#Z#DEBUG#6a48e96a-b5b4-11f1-b631-eeee0a9b49e1.backend-db-deployer#flowable-async-job-executor-thread-139369#
[PollExecuteTaskStatusExecution] 5fd8dc3c-33ed-4c50-a49f-c9bca4b4cad1 [2026-09-21T12:04:34.901520] Deploying "src/gen/data/my.bookshop-Books.csv"... ok (0s 4ms) (STDOUT, APP/TASK/deploy)#
#2026 09 21 12:04:44.361#Z#DEBUG#6a48e96a-b5b4-11f1-b631-eeee0a9b49e1.backend-db-deployer#flowable-async-job-executor-thread-139369#
[PollExecuteTaskStatusExecution] 5fd8dc3c-33ed-4c50-a49f-c9bca4b4cad1 [2026-09-21T12:04:34.901523] Deploying "src/gen/data/my.bookshop-Books.hdbtabledata$0.expand"... (STDOUT, APP/TASK/deploy)#
#2026 09 21 12:04:44.361#Z#DEBUG#6a48e96a-b5b4-11f1-b631-eeee0a9b49e1.backend-db-deployer#flowable-async-job-executor-thread-139369#
[PollExecuteTaskStatusExecution] 5fd8dc3c-33ed-4c50-a49f-c9bca4b4cad1 [2026-09-21T12:04:34.901525] Expanded from "src/gen/data/my.bookshop-Books.hdbtabledata" (STDOUT, APP/TASK/deploy)#
#2026 09 21 12:04:44.361#Z#DEBUG#6a48e96a-b5b4-11f1-b631-eeee0a9b49e1.backend-db-deployer#flowable-async-job-executor-thread-139369#
[PollExecuteTaskStatusExecution] 5fd8dc3c-33ed-4c50-a49f-c9bca4b4cad1 [2026-09-21T12:04:34.901588] at "src/gen/data/my.bookshop-Books.hdbtabledata" (14:26,/imports[0]/import_settings) (STDOUT, APP/TASK/deploy)#
#2026 09 21 12:04:44.361#Z#DEBUG#6a48e96a-b5b4-11f1-b631-eeee0a9b49e1.backend-db-deployer#flowable-async-job-executor-thread-139369#
[PollExecuteTaskStatusExecution] 5fd8dc3c-33ed-4c50-a49f-c9bca4b4cad1 [2026-09-21T12:04:34.901591] at "src/gen/data/my.bookshop-Books.hdbtabledata$0.expand" (0:0) (STDOUT, APP/TASK/deploy)#
#2026 09 21 12:04:44.361#Z#DEBUG#6a48e96a-b5b4-11f1-b631-eeee0a9b49e1.backend-db-deployer#flowable-async-job-executor-thread-139369#
[PollExecuteTaskStatusExecution] 5fd8dc3c-33ed-4c50-a49f-c9bca4b4cad1 [2026-09-21T12:04:34.901686] Error: com.sap.hana.di.tabledata: The "include_filter" definitions match with 1 records that already exist in the "MY_BOOKSHOP_BOOKS" table [8251521] (STDERR, APP/TASK/deploy)#
#2026 09 21 12:04:44.361#Z#DEBUG#6a48e96a-b5b4-11f1-b631-eeee0a9b49e1.backend-db-deployer#flowable-async-job-executor-thread-139369#
[PollExecuteTaskStatusExecution] 5fd8dc3c-33ed-4c50-a49f-c9bca4b4cad1 [2026-09-21T12:04:34.901703] Error: com.sap.hana.di.tabledata: Deploying "src/gen/data/my.bookshop-Books.hdbtabledata$0.expand"... failed [8212145] (STDERR, APP/TASK/deploy)#
#2026 09 21 12:04:44.361#Z#DEBUG#6a48e96a-b5b4-11f1-b631-eeee0a9b49e1.backend-db-deployer#flowable-async-job-executor-thread-139369#
[PollExecuteTaskStatusExecution] 5fd8dc3c-33ed-4c50-a49f-c9bca4b4cad1 [2026-09-21T12:04:34.901706] Error: Worker 3 has encountered an error; all remaining jobs will be canceled [8214600] (STDERR, APP/TASK/deploy)#
#2026 09 21 12:04:44.361#Z#DEBUG#6a48e96a-b5b4-11f1-b631-eeee0a9b49e1.backend-db-deployer#flowable-async-job-executor-thread-139369#
[PollExecuteTaskStatusExecution] 5fd8dc3c-33ed-4c50-a49f-c9bca4b4cad1 [2026-09-21T12:04:34.901709] Error: Processing work list... failed [8212102] (STDERR, APP/TASK/deploy)#
#2026 09 21 12:04:44.361#Z#DEBUG#6a48e96a-b5b4-11f1-b631-eeee0a9b49e1.backend-db-deployer#flowable-async-job-executor-thread-139369#
[PollExecuteTaskStatusExecution] 5fd8dc3c-33ed-4c50-a49f-c9bca4b4cad1 [2026-09-21T12:04:34.901727] Error: Making... failed [8211605] (STDERR, APP/TASK/deploy)#
#2026 09 21 12:04:44.361#Z#DEBUG#6a48e96a-b5b4-11f1-b631-eeee0a9b49e1.backend-db-deployer#flowable-async-job-executor-thread-139369#
[PollExecuteTaskStatusExecution] 5fd8dc3c-33ed-4c50-a49f-c9bca4b4cad1 [2026-09-21T12:04:34.901731] Error: Starting make in the container "4E190AF9079C4FEE882C6D641C13F720" with 2 files to deploy, 0 files to undeploy... failed [8214168] (STDERR, APP/TASK/deploy)#
#2026 09 21 12:04:44.361#Z#DEBUG#6a48e96a-b5b4-11f1-b631-eeee0a9b49e1.backend-db-deployer#flowable-async-job-executor-thread-139369#
[PollExecuteTaskStatusExecution] 5fd8dc3c-33ed-4c50-a49f-c9bca4b4cad1 [2026-09-21T12:04:34.902382] Deployment to container 4E190AF9079C4FEE882C6D641C13F720 failed - error: HDI make failed [Deployment ID: none]. (STDERR, APP/TASK/deploy)#
#2026 09 21 12:04:44.361#Z#DEBUG#6a48e96a-b5b4-11f1-b631-eeee0a9b49e1.backend-db-deployer#flowable-async-job-executor-thread-139369#
[PollExecuteTaskStatusExecution] 5fd8dc3c-33ed-4c50-a49f-c9bca4b4cad1 [2026-09-21T12:04:34.902384] Make failed (5 errors, 0 warnings): tried to deploy 2 files, undeploy 0 files, redeploy 1 dependent files (STDOUT, APP/TASK/deploy)#
#2026 09 21 12:04:44.361#Z#DEBUG#6a48e96a-b5b4-11f1-b631-eeee0a9b49e1.backend-db-deployer#flowable-async-job-executor-thread-139369#
[PollExecuteTaskStatusExecution] 5fd8dc3c-33ed-4c50-a49f-c9bca4b4cad1 [2026-09-21T12:04:34.902944] Deployment ended at 2026-09-21 12:04:34 (STDOUT, APP/TASK/deploy)#
#2026 09 21 12:04:44.361#Z#DEBUG#6a48e96a-b5b4-11f1-b631-eeee0a9b49e1.backend-db-deployer#flowable-async-job-executor-thread-139369#
[PollExecuteTaskStatusExecution] 5fd8dc3c-33ed-4c50-a49f-c9bca4b4cad1 [2026-09-21T12:04:34.902972] Error: HDI make failed (STDERR, APP/TASK/deploy)#
#2026 09 21 12:04:44.361#Z#DEBUG#6a48e96a-b5b4-11f1-b631-eeee0a9b49e1.backend-db-deployer#flowable-async-job-executor-thread-139369#
[PollExecuteTaskStatusExecution] 5fd8dc3c-33ed-4c50-a49f-c9bca4b4cad1 [2026-09-21T12:04:34.903517] (1s 912ms) (STDOUT, APP/TASK/deploy)#
#2026 09 21 12:04:44.361#Z#DEBUG#6a48e96a-b5b4-11f1-b631-eeee0a9b49e1.backend-db-deployer#flowable-async-job-executor-thread-139369#
[PollExecuteTaskStatusExecution] 5fd8dc3c-33ed-4c50-a49f-c9bca4b4cad1 [2026-09-21T12:04:34.921964] npm notice (STDERR, APP/TASK/deploy)#
#2026 09 21 12:04:44.361#Z#DEBUG#6a48e96a-b5b4-11f1-b631-eeee0a9b49e1.backend-db-deployer#flowable-async-job-executor-thread-139369#
[PollExecuteTaskStatusExecution] 5fd8dc3c-33ed-4c50-a49f-c9bca4b4cad1 [2026-09-21T12:04:34.921999] npm notice New major version of npm available! 11.17.0 -> 12.0.2 (STDERR, APP/TASK/deploy)#
#2026 09 21 12:04:44.361#Z#DEBUG#6a48e96a-b5b4-11f1-b631-eeee0a9b49e1.backend-db-deployer#flowable-async-job-executor-thread-139369#
[PollExecuteTaskStatusExecution] 5fd8dc3c-33ed-4c50-a49f-c9bca4b4cad1 [2026-09-21T12:04:34.922004] npm notice Changelog: https://github.com/npm/cli/releases/tag/v12.0.2 (STDERR, APP/TASK/deploy)#
#2026 09 21 12:04:44.361#Z#DEBUG#6a48e96a-b5b4-11f1-b631-eeee0a9b49e1.backend-db-deployer#flowable-async-job-executor-thread-139369#
[PollExecuteTaskStatusExecution] 5fd8dc3c-33ed-4c50-a49f-c9bca4b4cad1 [2026-09-21T12:04:34.922007] npm notice To update run: npm install -g npm@12.0.2 (STDERR, APP/TASK/deploy)#
#2026 09 21 12:04:44.361#Z#DEBUG#6a48e96a-b5b4-11f1-b631-eeee0a9b49e1.backend-db-deployer#flowable-async-job-executor-thread-139369#
[PollExecuteTaskStatusExecution] 5fd8dc3c-33ed-4c50-a49f-c9bca4b4cad1 [2026-09-21T12:04:34.922010] npm notice (STDERR, APP/TASK/deploy)#
#2026 09 21 12:04:44.361#Z#DEBUG#6a48e96a-b5b4-11f1-b631-eeee0a9b49e1.backend-db-deployer#flowable-async-job-executor-thread-139369#
[PollExecuteTaskStatusExecution] 5fd8dc3c-33ed-4c50-a49f-c9bca4b4cad1 [2026-09-21T12:04:34.994794] Exit status 1 (STDOUT, APP/TASK/deploy)#
#2026 09 21 12:04:44.361#Z#DEBUG#6a48e96a-b5b4-11f1-b631-eeee0a9b49e1.backend-db-deployer#flowable-async-job-executor-thread-139369#
[PollExecuteTaskStatusExecution] 5fd8dc3c-33ed-4c50-a49f-c9bca4b4cad1 [2026-09-21T12:04:36.766745] Cell 684caff8-89cd-492b-be01-b3d0835f1763 stopping instance b2a85a8f-f280-47bb-9b35-4d615ca66496 (STDOUT, CELL)#
#2026 09 21 12:04:44.361#Z#DEBUG#6a48e96a-b5b4-11f1-b631-eeee0a9b49e1.backend-db-deployer#flowable-async-job-executor-thread-139369#
[PollExecuteTaskStatusExecution] 5fd8dc3c-33ed-4c50-a49f-c9bca4b4cad1 [2026-09-21T12:04:36.766786] Cell 684caff8-89cd-492b-be01-b3d0835f1763 destroying container for instance b2a85a8f-f280-47bb-9b35-4d615ca66496 (STDOUT, CELL)#
#2026 09 21 12:04:44.361#Z#DEBUG#6a48e96a-b5b4-11f1-b631-eeee0a9b49e1.backend-db-deployer#flowable-async-job-executor-thread-139369#
[PollExecuteTaskStatusExecution] 5fd8dc3c-33ed-4c50-a49f-c9bca4b4cad1 [2026-09-21T12:04:38.980151] Cell 684caff8-89cd-492b-be01-b3d0835f1763 successfully destroyed container for instance b2a85a8f-f280-47bb-9b35-4d615ca66496 (STDOUT, CELL)#
#2026 09 21 12:04:55.775#Z#DEBUG#6a48e96a-b5b4-11f1-b631-eeee0a9b49e1.backend-db-deployer#flowable-async-job-executor-thread-139373#
[PollExecuteTaskStatusExecution] 5fd8dc3c-33ed-4c50-a49f-c9bca4b4cad1 [2026-09-21T12:04:33.527952] @sap/hdi-deploy, version 5.7.0 (mode default), server version 4.00.000.00.1788856605 (4.0.0.0), cloud version 2026.14.19, node version 24.19.0, HDI version 1016, container API version 1007 (STDOUT, APP/TASK/deploy)#
#2026 09 21 12:04:55.775#Z#DEBUG#6a48e96a-b5b4-11f1-b631-eeee0a9b49e1.backend-db-deployer#flowable-async-job-executor-thread-139373#
[PollExecuteTaskStatusExecution] 5fd8dc3c-33ed-4c50-a49f-c9bca4b4cad1 [2026-09-21T12:04:33.527981] Deployment started at 2026-09-21 12:04:33 (STDOUT, APP/TASK/deploy)#
#2026 09 21 12:04:55.775#Z#DEBUG#6a48e96a-b5b4-11f1-b631-eeee0a9b49e1.backend-db-deployer#flowable-async-job-executor-thread-139373#
[PollExecuteTaskStatusExecution] 5fd8dc3c-33ed-4c50-a49f-c9bca4b4cad1 [2026-09-21T12:04:33.528014] Using hdb@2.29.6 for connection (STDOUT, APP/TASK/deploy)#
#2026 09 21 12:04:55.775#Z#DEBUG#6a48e96a-b5b4-11f1-b631-eeee0a9b49e1.backend-db-deployer#flowable-async-job-executor-thread-139373#
[PollExecuteTaskStatusExecution] 5fd8dc3c-33ed-4c50-a49f-c9bca4b4cad1 [2026-09-21T12:04:33.547023] No ignore file at /home/vcap/app/.hdiignore. (STDOUT, APP/TASK/deploy)#
#2026 09 21 12:04:55.775#Z#DEBUG#6a48e96a-b5b4-11f1-b631-eeee0a9b49e1.backend-db-deployer#flowable-async-job-executor-thread-139373#
[PollExecuteTaskStatusExecution] 5fd8dc3c-33ed-4c50-a49f-c9bca4b4cad1 [2026-09-21T12:04:33.547353] Collecting files... (STDOUT, APP/TASK/deploy)#
#2026 09 21 12:04:55.775#Z#DEBUG#6a48e96a-b5b4-11f1-b631-eeee0a9b49e1.backend-db-deployer#flowable-async-job-executor-thread-139373#
[PollExecuteTaskStatusExecution] 5fd8dc3c-33ed-4c50-a49f-c9bca4b4cad1 [2026-09-21T12:04:33.552704] Collecting files... ok (0s 5ms) (STDOUT, APP/TASK/deploy)#
#2026 09 21 12:04:55.775#Z#DEBUG#6a48e96a-b5b4-11f1-b631-eeee0a9b49e1.backend-db-deployer#flowable-async-job-executor-thread-139373#
[PollExecuteTaskStatusExecution] 5fd8dc3c-33ed-4c50-a49f-c9bca4b4cad1 [2026-09-21T12:04:33.552747] 3 directories collected (STDOUT, APP/TASK/deploy)#
#2026 09 21 12:04:55.775#Z#DEBUG#6a48e96a-b5b4-11f1-b631-eeee0a9b49e1.backend-db-deployer#flowable-async-job-executor-thread-139373#
[PollExecuteTaskStatusExecution] 5fd8dc3c-33ed-4c50-a49f-c9bca4b4cad1 [2026-09-21T12:04:33.552751] 10 files collected (STDOUT, APP/TASK/deploy)#
#2026 09 21 12:04:55.775#Z#DEBUG#6a48e96a-b5b4-11f1-b631-eeee0a9b49e1.backend-db-deployer#flowable-async-job-executor-thread-139373#
[PollExecuteTaskStatusExecution] 5fd8dc3c-33ed-4c50-a49f-c9bca4b4cad1 [2026-09-21T12:04:33.552754] 0 reusable modules collected (STDOUT, APP/TASK/deploy)#
#2026 09 21 12:04:55.775#Z#DEBUG#6a48e96a-b5b4-11f1-b631-eeee0a9b49e1.backend-db-deployer#flowable-async-job-executor-thread-139373#
[PollExecuteTaskStatusExecution] 5fd8dc3c-33ed-4c50-a49f-c9bca4b4cad1 [2026-09-21T12:04:33.552757] Target service: backend-db (STDOUT, APP/TASK/deploy)#
#2026 09 21 12:04:55.775#Z#DEBUG#6a48e96a-b5b4-11f1-b631-eeee0a9b49e1.backend-db-deployer#flowable-async-job-executor-thread-139373#
[PollExecuteTaskStatusExecution] 5fd8dc3c-33ed-4c50-a49f-c9bca4b4cad1 [2026-09-21T12:04:33.765842] Previous build with request ID 82 finished at 2026-09-21T12:04:22.817 with status Canceled and message: Make failed (5 errors, 0 warnings): tried to deploy 2 files, undeploy 0 files, redeploy 1 dependent files. (STDOUT, APP/TASK/deploy)#
#2026 09 21 12:04:55.775#Z#DEBUG#6a48e96a-b5b4-11f1-b631-eeee0a9b49e1.backend-db-deployer#flowable-async-job-executor-thread-139373#
[PollExecuteTaskStatusExecution] 5fd8dc3c-33ed-4c50-a49f-c9bca4b4cad1 [2026-09-21T12:04:33.765888] Processing revoke files... (STDOUT, APP/TASK/deploy)#
#2026 09 21 12:04:55.775#Z#DEBUG#6a48e96a-b5b4-11f1-b631-eeee0a9b49e1.backend-db-deployer#flowable-async-job-executor-thread-139373#
[PollExecuteTaskStatusExecution] 5fd8dc3c-33ed-4c50-a49f-c9bca4b4cad1 [2026-09-21T12:04:33.765906] Processing revoke files... ok (0s 0ms) (STDOUT, APP/TASK/deploy)#
#2026 09 21 12:04:55.775#Z#DEBUG#6a48e96a-b5b4-11f1-b631-eeee0a9b49e1.backend-db-deployer#flowable-async-job-executor-thread-139373#
[PollExecuteTaskStatusExecution] 5fd8dc3c-33ed-4c50-a49f-c9bca4b4cad1 [2026-09-21T12:04:33.766024] Processing grants files... (STDOUT, APP/TASK/deploy)#
#2026 09 21 12:04:55.775#Z#DEBUG#6a48e96a-b5b4-11f1-b631-eeee0a9b49e1.backend-db-deployer#flowable-async-job-executor-thread-139373#
[PollExecuteTaskStatusExecution] 5fd8dc3c-33ed-4c50-a49f-c9bca4b4cad1 [2026-09-21T12:04:33.766125] Processing grants files... ok (0s 0ms) (STDOUT, APP/TASK/deploy)#
#2026 09 21 12:04:55.775#Z#DEBUG#6a48e96a-b5b4-11f1-b631-eeee0a9b49e1.backend-db-deployer#flowable-async-job-executor-thread-139373#
[PollExecuteTaskStatusExecution] 5fd8dc3c-33ed-4c50-a49f-c9bca4b4cad1 [2026-09-21T12:04:33.769146] Preprocessing files... (STDOUT, APP/TASK/deploy)#
#2026 09 21 12:04:55.775#Z#DEBUG#6a48e96a-b5b4-11f1-b631-eeee0a9b49e1.backend-db-deployer#flowable-async-job-executor-thread-139373#
[PollExecuteTaskStatusExecution] 5fd8dc3c-33ed-4c50-a49f-c9bca4b4cad1 [2026-09-21T12:04:33.769259] Preprocessing files... ok (0s 0ms) (STDOUT, APP/TASK/deploy)#
#2026 09 21 12:04:55.775#Z#DEBUG#6a48e96a-b5b4-11f1-b631-eeee0a9b49e1.backend-db-deployer#flowable-async-job-executor-thread-139373#
[PollExecuteTaskStatusExecution] 5fd8dc3c-33ed-4c50-a49f-c9bca4b4cad1 [2026-09-21T12:04:33.769451] Connecting to the container "4E190AF9079C4FEE882C6D641C13F720"... (STDOUT, APP/TASK/deploy)#
#2026 09 21 12:04:55.775#Z#DEBUG#6a48e96a-b5b4-11f1-b631-eeee0a9b49e1.backend-db-deployer#flowable-async-job-executor-thread-139373#
[PollExecuteTaskStatusExecution] 5fd8dc3c-33ed-4c50-a49f-c9bca4b4cad1 [2026-09-21T12:04:33.834390] Connecting to the container "4E190AF9079C4FEE882C6D641C13F720"... ok (0s 65ms) (STDOUT, APP/TASK/deploy)#
#2026 09 21 12:04:55.775#Z#DEBUG#6a48e96a-b5b4-11f1-b631-eeee0a9b49e1.backend-db-deployer#flowable-async-job-executor-thread-139373#
[PollExecuteTaskStatusExecution] 5fd8dc3c-33ed-4c50-a49f-c9bca4b4cad1 [2026-09-21T12:04:33.834421] Locking the container "4E190AF9079C4FEE882C6D641C13F720"... (STDOUT, APP/TASK/deploy)#
#2026 09 21 12:04:55.775#Z#DEBUG#6a48e96a-b5b4-11f1-b631-eeee0a9b49e1.backend-db-deployer#flowable-async-job-executor-thread-139373#
[PollExecuteTaskStatusExecution] 5fd8dc3c-33ed-4c50-a49f-c9bca4b4cad1 [2026-09-21T12:04:33.957759] Locking the container "4E190AF9079C4FEE882C6D641C13F720"... ok (0s 123ms) (STDOUT, APP/TASK/deploy)#
#2026 09 21 12:04:55.775#Z#DEBUG#6a48e96a-b5b4-11f1-b631-eeee0a9b49e1.backend-db-deployer#flowable-async-job-executor-thread-139373#
[PollExecuteTaskStatusExecution] 5fd8dc3c-33ed-4c50-a49f-c9bca4b4cad1 [2026-09-21T12:04:33.957789] Synchronizing files with the container "4E190AF9079C4FEE882C6D641C13F720"... (STDOUT, APP/TASK/deploy)#
#2026 09 21 12:04:55.775#Z#DEBUG#6a48e96a-b5b4-11f1-b631-eeee0a9b49e1.backend-db-deployer#flowable-async-job-executor-thread-139373#
[PollExecuteTaskStatusExecution] 5fd8dc3c-33ed-4c50-a49f-c9bca4b4cad1 [2026-09-21T12:04:34.145213] Deleting files... (STDOUT, APP/TASK/deploy)#
#2026 09 21 12:04:55.775#Z#DEBUG#6a48e96a-b5b4-11f1-b631-eeee0a9b49e1.backend-db-deployer#flowable-async-job-executor-thread-139373#
[PollExecuteTaskStatusExecution] 5fd8dc3c-33ed-4c50-a49f-c9bca4b4cad1 [2026-09-21T12:04:34.309693] Deleting files... ok (STDOUT, APP/TASK/deploy)#
#2026 09 21 12:04:55.775#Z#DEBUG#6a48e96a-b5b4-11f1-b631-eeee0a9b49e1.backend-db-deployer#flowable-async-job-executor-thread-139373#
[PollExecuteTaskStatusExecution] 5fd8dc3c-33ed-4c50-a49f-c9bca4b4cad1 [2026-09-21T12:04:34.309723] Writing files... (STDOUT, APP/TASK/deploy)#
#2026 09 21 12:04:55.775#Z#DEBUG#6a48e96a-b5b4-11f1-b631-eeee0a9b49e1.backend-db-deployer#flowable-async-job-executor-thread-139373#
[PollExecuteTaskStatusExecution] 5fd8dc3c-33ed-4c50-a49f-c9bca4b4cad1 [2026-09-21T12:04:34.309729] Writing 5 items (STDOUT, APP/TASK/deploy)#
#2026 09 21 12:04:55.775#Z#DEBUG#6a48e96a-b5b4-11f1-b631-eeee0a9b49e1.backend-db-deployer#flowable-async-job-executor-thread-139373#
[PollExecuteTaskStatusExecution] 5fd8dc3c-33ed-4c50-a49f-c9bca4b4cad1 [2026-09-21T12:04:34.458824] Writing files... ok (STDOUT, APP/TASK/deploy)#
#2026 09 21 12:04:55.775#Z#DEBUG#6a48e96a-b5b4-11f1-b631-eeee0a9b49e1.backend-db-deployer#flowable-async-job-executor-thread-139373#
[PollExecuteTaskStatusExecution] 5fd8dc3c-33ed-4c50-a49f-c9bca4b4cad1 [2026-09-21T12:04:34.458868] Synchronizing files with the container "4E190AF9079C4FEE882C6D641C13F720"... ok (0s 501ms) (STDOUT, APP/TASK/deploy)#
#2026 09 21 12:04:55.775#Z#DEBUG#6a48e96a-b5b4-11f1-b631-eeee0a9b49e1.backend-db-deployer#flowable-async-job-executor-thread-139373#
[PollExecuteTaskStatusExecution] 5fd8dc3c-33ed-4c50-a49f-c9bca4b4cad1 [2026-09-21T12:04:34.459200] added files: [ (STDOUT, APP/TASK/deploy)#
#2026 09 21 12:04:55.775#Z#DEBUG#6a48e96a-b5b4-11f1-b631-eeee0a9b49e1.backend-db-deployer#flowable-async-job-executor-thread-139373#
[PollExecuteTaskStatusExecution] 5fd8dc3c-33ed-4c50-a49f-c9bca4b4cad1 [2026-09-21T12:04:34.459220] "src/gen/data/my.bookshop-Books.csv", (STDOUT, APP/TASK/deploy)#
#2026 09 21 12:04:55.775#Z#DEBUG#6a48e96a-b5b4-11f1-b631-eeee0a9b49e1.backend-db-deployer#flowable-async-job-executor-thread-139373#
[PollExecuteTaskStatusExecution] 5fd8dc3c-33ed-4c50-a49f-c9bca4b4cad1 [2026-09-21T12:04:34.459224] "src/gen/data/my.bookshop-Books.hdbtabledata" (STDOUT, APP/TASK/deploy)#
#2026 09 21 12:04:55.775#Z#DEBUG#6a48e96a-b5b4-11f1-b631-eeee0a9b49e1.backend-db-deployer#flowable-async-job-executor-thread-139373#
[PollExecuteTaskStatusExecution] 5fd8dc3c-33ed-4c50-a49f-c9bca4b4cad1 [2026-09-21T12:04:34.459228] ] (STDOUT, APP/TASK/deploy)#
#2026 09 21 12:04:55.775#Z#DEBUG#6a48e96a-b5b4-11f1-b631-eeee0a9b49e1.backend-db-deployer#flowable-async-job-executor-thread-139373#
[PollExecuteTaskStatusExecution] 5fd8dc3c-33ed-4c50-a49f-c9bca4b4cad1 [2026-09-21T12:04:34.459236] modified files: [] (STDOUT, APP/TASK/deploy)#
#2026 09 21 12:04:55.775#Z#DEBUG#6a48e96a-b5b4-11f1-b631-eeee0a9b49e1.backend-db-deployer#flowable-async-job-executor-thread-139373#
[PollExecuteTaskStatusExecution] 5fd8dc3c-33ed-4c50-a49f-c9bca4b4cad1 [2026-09-21T12:04:34.459239] deleted files: [] (STDOUT, APP/TASK/deploy)#
#2026 09 21 12:04:55.775#Z#DEBUG#6a48e96a-b5b4-11f1-b631-eeee0a9b49e1.backend-db-deployer#flowable-async-job-executor-thread-139373#
[PollExecuteTaskStatusExecution] 5fd8dc3c-33ed-4c50-a49f-c9bca4b4cad1 [2026-09-21T12:04:34.459563] 2 modified or added files are scheduled for deploy based on delta detection (STDOUT, APP/TASK/deploy)#
#2026 09 21 12:04:55.775#Z#DEBUG#6a48e96a-b5b4-11f1-b631-eeee0a9b49e1.backend-db-deployer#flowable-async-job-executor-thread-139373#
[PollExecuteTaskStatusExecution] 5fd8dc3c-33ed-4c50-a49f-c9bca4b4cad1 [2026-09-21T12:04:34.459584] 0 deleted files are scheduled for undeploy based on delta detection (filtered by undeploy allowlist) (STDOUT, APP/TASK/deploy)#
#2026 09 21 12:04:55.775#Z#DEBUG#6a48e96a-b5b4-11f1-b631-eeee0a9b49e1.backend-db-deployer#flowable-async-job-executor-thread-139373#
[PollExecuteTaskStatusExecution] 5fd8dc3c-33ed-4c50-a49f-c9bca4b4cad1 [2026-09-21T12:04:34.459784] 0 files are scheduled for deploy based on explicit specification (STDOUT, APP/TASK/deploy)#
#2026 09 21 12:04:55.775#Z#DEBUG#6a48e96a-b5b4-11f1-b631-eeee0a9b49e1.backend-db-deployer#flowable-async-job-executor-thread-139373#
[PollExecuteTaskStatusExecution] 5fd8dc3c-33ed-4c50-a49f-c9bca4b4cad1 [2026-09-21T12:04:34.459811] 0 files are scheduled for undeploy based on explicit specification (STDOUT, APP/TASK/deploy)#
#2026 09 21 12:04:55.775#Z#DEBUG#6a48e96a-b5b4-11f1-b631-eeee0a9b49e1.backend-db-deployer#flowable-async-job-executor-thread-139373#
[PollExecuteTaskStatusExecution] 5fd8dc3c-33ed-4c50-a49f-c9bca4b4cad1 [2026-09-21T12:04:34.459849] Deploying to the container "4E190AF9079C4FEE882C6D641C13F720"... (STDOUT, APP/TASK/deploy)#
#2026 09 21 12:04:55.775#Z#DEBUG#6a48e96a-b5b4-11f1-b631-eeee0a9b49e1.backend-db-deployer#flowable-async-job-executor-thread-139373#
[PollExecuteTaskStatusExecution] 5fd8dc3c-33ed-4c50-a49f-c9bca4b4cad1 [2026-09-21T12:04:34.900798] Starting make in the container "4E190AF9079C4FEE882C6D641C13F720" with 2 files to deploy, 0 files to undeploy... (STDOUT, APP/TASK/deploy)#
#2026 09 21 12:04:55.775#Z#DEBUG#6a48e96a-b5b4-11f1-b631-eeee0a9b49e1.backend-db-deployer#flowable-async-job-executor-thread-139373#
[PollExecuteTaskStatusExecution] 5fd8dc3c-33ed-4c50-a49f-c9bca4b4cad1 [2026-09-21T12:04:34.900829] Disabling table replication for the container schema "4E190AF9079C4FEE882C6D641C13F720"... (STDOUT, APP/TASK/deploy)#
#2026 09 21 12:04:55.775#Z#DEBUG#6a48e96a-b5b4-11f1-b631-eeee0a9b49e1.backend-db-deployer#flowable-async-job-executor-thread-139373#
[PollExecuteTaskStatusExecution] 5fd8dc3c-33ed-4c50-a49f-c9bca4b4cad1 [2026-09-21T12:04:34.900839] Disabling table replication for the container schema "4E190AF9079C4FEE882C6D641C13F720"... ok (0s 15ms) (STDOUT, APP/TASK/deploy)#
#2026 09 21 12:04:55.775#Z#DEBUG#6a48e96a-b5b4-11f1-b631-eeee0a9b49e1.backend-db-deployer#flowable-async-job-executor-thread-139373#
[PollExecuteTaskStatusExecution] 5fd8dc3c-33ed-4c50-a49f-c9bca4b4cad1 [2026-09-21T12:04:34.901] Migrating libraries... (STDOUT, APP/TASK/deploy)#
#2026 09 21 12:04:55.775#Z#DEBUG#6a48e96a-b5b4-11f1-b631-eeee0a9b49e1.backend-db-deployer#flowable-async-job-executor-thread-139373#
[PollExecuteTaskStatusExecution] 5fd8dc3c-33ed-4c50-a49f-c9bca4b4cad1 [2026-09-21T12:04:34.901017] Migrating libraries... ok (0s 16ms) (STDOUT, APP/TASK/deploy)#
#2026 09 21 12:04:55.775#Z#DEBUG#6a48e96a-b5b4-11f1-b631-eeee0a9b49e1.backend-db-deployer#flowable-async-job-executor-thread-139373#
[PollExecuteTaskStatusExecution] 5fd8dc3c-33ed-4c50-a49f-c9bca4b4cad1 [2026-09-21T12:04:34.901124] Making... (STDOUT, APP/TASK/deploy)#
#2026 09 21 12:04:55.775#Z#DEBUG#6a48e96a-b5b4-11f1-b631-eeee0a9b49e1.backend-db-deployer#flowable-async-job-executor-thread-139373#
[PollExecuteTaskStatusExecution] 5fd8dc3c-33ed-4c50-a49f-c9bca4b4cad1 [2026-09-21T12:04:34.901136] Preparing... (STDOUT, APP/TASK/deploy)#
#2026 09 21 12:04:55.775#Z#DEBUG#6a48e96a-b5b4-11f1-b631-eeee0a9b49e1.backend-db-deployer#flowable-async-job-executor-thread-139373#
[PollExecuteTaskStatusExecution] 5fd8dc3c-33ed-4c50-a49f-c9bca4b4cad1 [2026-09-21T12:04:34.901140] Preparing the make transaction... (STDOUT, APP/TASK/deploy)#
#2026 09 21 12:04:55.775#Z#DEBUG#6a48e96a-b5b4-11f1-b631-eeee0a9b49e1.backend-db-deployer#flowable-async-job-executor-thread-139373#
[PollExecuteTaskStatusExecution] 5fd8dc3c-33ed-4c50-a49f-c9bca4b4cad1 [2026-09-21T12:04:34.901143] Adding "src/gen/data/my.bookshop-Books.csv" for deploy... (STDOUT, APP/TASK/deploy)#
#2026 09 21 12:04:55.775#Z#DEBUG#6a48e96a-b5b4-11f1-b631-eeee0a9b49e1.backend-db-deployer#flowable-async-job-executor-thread-139373#
[PollExecuteTaskStatusExecution] 5fd8dc3c-33ed-4c50-a49f-c9bca4b4cad1 [2026-09-21T12:04:34.901146] Preparing the make transaction... ok (0s 27ms) (STDOUT, APP/TASK/deploy)#
#2026 09 21 12:04:55.775#Z#DEBUG#6a48e96a-b5b4-11f1-b631-eeee0a9b49e1.backend-db-deployer#flowable-async-job-executor-thread-139373#
[PollExecuteTaskStatusExecution] 5fd8dc3c-33ed-4c50-a49f-c9bca4b4cad1 [2026-09-21T12:04:34.901156] Adding "src/gen/data/my.bookshop-Books.csv" for deploy... ok (0s 18ms) (STDOUT, APP/TASK/deploy)#
#2026 09 21 12:04:55.775#Z#DEBUG#6a48e96a-b5b4-11f1-b631-eeee0a9b49e1.backend-db-deployer#flowable-async-job-executor-thread-139373#
[PollExecuteTaskStatusExecution] 5fd8dc3c-33ed-4c50-a49f-c9bca4b4cad1 [2026-09-21T12:04:34.901167] Adding "src/gen/data/my.bookshop-Books.hdbtabledata" for deploy... (STDOUT, APP/TASK/deploy)#
#2026 09 21 12:04:55.775#Z#DEBUG#6a48e96a-b5b4-11f1-b631-eeee0a9b49e1.backend-db-deployer#flowable-async-job-executor-thread-139373#
[PollExecuteTaskStatusExecution] 5fd8dc3c-33ed-4c50-a49f-c9bca4b4cad1 [2026-09-21T12:04:34.901170] Adding "src/gen/data/my.bookshop-Books.hdbtabledata" for deploy... ok (0s 0ms) (STDOUT, APP/TASK/deploy)#
#2026 09 21 12:04:55.775#Z#DEBUG#6a48e96a-b5b4-11f1-b631-eeee0a9b49e1.backend-db-deployer#flowable-async-job-executor-thread-139373#
[PollExecuteTaskStatusExecution] 5fd8dc3c-33ed-4c50-a49f-c9bca4b4cad1 [2026-09-21T12:04:34.901172] Preparing... ok (0s 72ms) (STDOUT, APP/TASK/deploy)#
#2026 09 21 12:04:55.775#Z#DEBUG#6a48e96a-b5b4-11f1-b631-eeee0a9b49e1.backend-db-deployer#flowable-async-job-executor-thread-139373#
[PollExecuteTaskStatusExecution] 5fd8dc3c-33ed-4c50-a49f-c9bca4b4cad1 [2026-09-21T12:04:34.901183] Calculating dependencies... (STDOUT, APP/TASK/deploy)#
#2026 09 21 12:04:55.775#Z#DEBUG#6a48e96a-b5b4-11f1-b631-eeee0a9b49e1.backend-db-deployer#flowable-async-job-executor-thread-139373#
[PollExecuteTaskStatusExecution] 5fd8dc3c-33ed-4c50-a49f-c9bca4b4cad1 [2026-09-21T12:04:34.901187] Expanding... (STDOUT, APP/TASK/deploy)#
#2026 09 21 12:04:55.775#Z#DEBUG#6a48e96a-b5b4-11f1-b631-eeee0a9b49e1.backend-db-deployer#flowable-async-job-executor-thread-139373#
[PollExecuteTaskStatusExecution] 5fd8dc3c-33ed-4c50-a49f-c9bca4b4cad1 [2026-09-21T12:04:34.901189] Expanding "src/gen/data/my.bookshop-Books.hdbtabledata"... (STDOUT, APP/TASK/deploy)#
#2026 09 21 12:04:55.775#Z#DEBUG#6a48e96a-b5b4-11f1-b631-eeee0a9b49e1.backend-db-deployer#flowable-async-job-executor-thread-139373#
[PollExecuteTaskStatusExecution] 5fd8dc3c-33ed-4c50-a49f-c9bca4b4cad1 [2026-09-21T12:04:34.901191] Expanding "src/gen/data/my.bookshop-Books.hdbtabledata"... ok (0s 1ms) (STDOUT, APP/TASK/deploy)#
#2026 09 21 12:04:55.775#Z#DEBUG#6a48e96a-b5b4-11f1-b631-eeee0a9b49e1.backend-db-deployer#flowable-async-job-executor-thread-139373#
[PollExecuteTaskStatusExecution] 5fd8dc3c-33ed-4c50-a49f-c9bca4b4cad1 [2026-09-21T12:04:34.901193] Expanding... ok (0s 19ms) (STDOUT, APP/TASK/deploy)#
#2026 09 21 12:04:55.775#Z#DEBUG#6a48e96a-b5b4-11f1-b631-eeee0a9b49e1.backend-db-deployer#flowable-async-job-executor-thread-139373#
[PollExecuteTaskStatusExecution] 5fd8dc3c-33ed-4c50-a49f-c9bca4b4cad1 [2026-09-21T12:04:34.901195] Precompiling... (STDOUT, APP/TASK/deploy)#
#2026 09 21 12:04:55.775#Z#DEBUG#6a48e96a-b5b4-11f1-b631-eeee0a9b49e1.backend-db-deployer#flowable-async-job-executor-thread-139373#
[PollExecuteTaskStatusExecution] 5fd8dc3c-33ed-4c50-a49f-c9bca4b4cad1 [2026-09-21T12:04:34.901197] Precompiling "src/gen/data/my.bookshop-Books.csv"... (STDOUT, APP/TASK/deploy)#
#2026 09 21 12:04:55.775#Z#DEBUG#6a48e96a-b5b4-11f1-b631-eeee0a9b49e1.backend-db-deployer#flowable-async-job-executor-thread-139373#
[PollExecuteTaskStatusExecution] 5fd8dc3c-33ed-4c50-a49f-c9bca4b4cad1 [2026-09-21T12:04:34.901208] Precompiling "src/gen/data/my.bookshop-Books.csv"... ok (0s 2ms) (STDOUT, APP/TASK/deploy)#
#2026 09 21 12:04:55.775#Z#DEBUG#6a48e96a-b5b4-11f1-b631-eeee0a9b49e1.backend-db-deployer#flowable-async-job-executor-thread-139373#
[PollExecuteTaskStatusExecution] 5fd8dc3c-33ed-4c50-a49f-c9bca4b4cad1 [2026-09-21T12:04:34.901210] Precompiling "src/gen/data/my.bookshop-Books.hdbtabledata"... (STDOUT, APP/TASK/deploy)#
#2026 09 21 12:04:55.775#Z#DEBUG#6a48e96a-b5b4-11f1-b631-eeee0a9b49e1.backend-db-deployer#flowable-async-job-executor-thread-139373#
[PollExecuteTaskStatusExecution] 5fd8dc3c-33ed-4c50-a49f-c9bca4b4cad1 [2026-09-21T12:04:34.901212] Precompiling "src/gen/data/my.bookshop-Books.hdbtabledata"... ok (0s 0ms) (STDOUT, APP/TASK/deploy)#
#2026 09 21 12:04:55.775#Z#DEBUG#6a48e96a-b5b4-11f1-b631-eeee0a9b49e1.backend-db-deployer#flowable-async-job-executor-thread-139373#
[PollExecuteTaskStatusExecution] 5fd8dc3c-33ed-4c50-a49f-c9bca4b4cad1 [2026-09-21T12:04:34.901215] Precompiling "src/gen/data/my.bookshop-Books.hdbtabledata$0.expand"... (STDOUT, APP/TASK/deploy)#
#2026 09 21 12:04:55.775#Z#DEBUG#6a48e96a-b5b4-11f1-b631-eeee0a9b49e1.backend-db-deployer#flowable-async-job-executor-thread-139373#
[PollExecuteTaskStatusExecution] 5fd8dc3c-33ed-4c50-a49f-c9bca4b4cad1 [2026-09-21T12:04:34.901218] Expanded from "src/gen/data/my.bookshop-Books.hdbtabledata" (STDOUT, APP/TASK/deploy)#
#2026 09 21 12:04:55.775#Z#DEBUG#6a48e96a-b5b4-11f1-b631-eeee0a9b49e1.backend-db-deployer#flowable-async-job-executor-thread-139373#
[PollExecuteTaskStatusExecution] 5fd8dc3c-33ed-4c50-a49f-c9bca4b4cad1 [2026-09-21T12:04:34.901220] Precompiling "src/gen/data/my.bookshop-Books.hdbtabledata$0.expand"... ok (0s 0ms) (STDOUT, APP/TASK/deploy)#
#2026 09 21 12:04:55.775#Z#DEBUG#6a48e96a-b5b4-11f1-b631-eeee0a9b49e1.backend-db-deployer#flowable-async-job-executor-thread-139373#
[PollExecuteTaskStatusExecution] 5fd8dc3c-33ed-4c50-a49f-c9bca4b4cad1 [2026-09-21T12:04:34.901347] Precompiling... ok (0s 20ms) (STDOUT, APP/TASK/deploy)#
#2026 09 21 12:04:55.775#Z#DEBUG#6a48e96a-b5b4-11f1-b631-eeee0a9b49e1.backend-db-deployer#flowable-async-job-executor-thread-139373#
[PollExecuteTaskStatusExecution] 5fd8dc3c-33ed-4c50-a49f-c9bca4b4cad1 [2026-09-21T12:04:34.901390] Merging... (STDOUT, APP/TASK/deploy)#
#2026 09 21 12:04:55.775#Z#DEBUG#6a48e96a-b5b4-11f1-b631-eeee0a9b49e1.backend-db-deployer#flowable-async-job-executor-thread-139373#
[PollExecuteTaskStatusExecution] 5fd8dc3c-33ed-4c50-a49f-c9bca4b4cad1 [2026-09-21T12:04:34.901394] Merging... ok (0s 5ms) (STDOUT, APP/TASK/deploy)#
#2026 09 21 12:04:55.775#Z#DEBUG#6a48e96a-b5b4-11f1-b631-eeee0a9b49e1.backend-db-deployer#flowable-async-job-executor-thread-139373#
[PollExecuteTaskStatusExecution] 5fd8dc3c-33ed-4c50-a49f-c9bca4b4cad1 [2026-09-21T12:04:34.901399] Calculating dependencies... ok (0s 44ms) (STDOUT, APP/TASK/deploy)#
#2026 09 21 12:04:55.775#Z#DEBUG#6a48e96a-b5b4-11f1-b631-eeee0a9b49e1.backend-db-deployer#flowable-async-job-executor-thread-139373#
[PollExecuteTaskStatusExecution] 5fd8dc3c-33ed-4c50-a49f-c9bca4b4cad1 [2026-09-21T12:04:34.901424] Processing work list... (STDOUT, APP/TASK/deploy)#
#2026 09 21 12:04:55.775#Z#DEBUG#6a48e96a-b5b4-11f1-b631-eeee0a9b49e1.backend-db-deployer#flowable-async-job-executor-thread-139373#
[PollExecuteTaskStatusExecution] 5fd8dc3c-33ed-4c50-a49f-c9bca4b4cad1 [2026-09-21T12:04:34.901486] Deploying "src/gen/data/my.bookshop-Books.csv"... (STDOUT, APP/TASK/deploy)#
#2026 09 21 12:04:55.775#Z#DEBUG#6a48e96a-b5b4-11f1-b631-eeee0a9b49e1.backend-db-deployer#flowable-async-job-executor-thread-139373#
[PollExecuteTaskStatusExecution] 5fd8dc3c-33ed-4c50-a49f-c9bca4b4cad1 [2026-09-21T12:04:34.901500] Deploying "src/gen/data/my.bookshop-Books.hdbtabledata"... (STDOUT, APP/TASK/deploy)#
#2026 09 21 12:04:55.775#Z#DEBUG#6a48e96a-b5b4-11f1-b631-eeee0a9b49e1.backend-db-deployer#flowable-async-job-executor-thread-139373#
[PollExecuteTaskStatusExecution] 5fd8dc3c-33ed-4c50-a49f-c9bca4b4cad1 [2026-09-21T12:04:34.901506] Deploying "src/gen/data/my.bookshop-Books.hdbtabledata"... ok (0s 0ms) (STDOUT, APP/TASK/deploy)#
#2026 09 21 12:04:55.775#Z#DEBUG#6a48e96a-b5b4-11f1-b631-eeee0a9b49e1.backend-db-deployer#flowable-async-job-executor-thread-139373#
[PollExecuteTaskStatusExecution] 5fd8dc3c-33ed-4c50-a49f-c9bca4b4cad1 [2026-09-21T12:04:34.901520] Deploying "src/gen/data/my.bookshop-Books.csv"... ok (0s 4ms) (STDOUT, APP/TASK/deploy)#
#2026 09 21 12:04:55.775#Z#DEBUG#6a48e96a-b5b4-11f1-b631-eeee0a9b49e1.backend-db-deployer#flowable-async-job-executor-thread-139373#
[PollExecuteTaskStatusExecution] 5fd8dc3c-33ed-4c50-a49f-c9bca4b4cad1 [2026-09-21T12:04:34.901523] Deploying "src/gen/data/my.bookshop-Books.hdbtabledata$0.expand"... (STDOUT, APP/TASK/deploy)#
#2026 09 21 12:04:55.775#Z#DEBUG#6a48e96a-b5b4-11f1-b631-eeee0a9b49e1.backend-db-deployer#flowable-async-job-executor-thread-139373#
[PollExecuteTaskStatusExecution] 5fd8dc3c-33ed-4c50-a49f-c9bca4b4cad1 [2026-09-21T12:04:34.901525] Expanded from "src/gen/data/my.bookshop-Books.hdbtabledata" (STDOUT, APP/TASK/deploy)#
#2026 09 21 12:04:55.775#Z#DEBUG#6a48e96a-b5b4-11f1-b631-eeee0a9b49e1.backend-db-deployer#flowable-async-job-executor-thread-139373#
[PollExecuteTaskStatusExecution] 5fd8dc3c-33ed-4c50-a49f-c9bca4b4cad1 [2026-09-21T12:04:34.901588] at "src/gen/data/my.bookshop-Books.hdbtabledata" (14:26,/imports[0]/import_settings) (STDOUT, APP/TASK/deploy)#
#2026 09 21 12:04:55.775#Z#DEBUG#6a48e96a-b5b4-11f1-b631-eeee0a9b49e1.backend-db-deployer#flowable-async-job-executor-thread-139373#
[PollExecuteTaskStatusExecution] 5fd8dc3c-33ed-4c50-a49f-c9bca4b4cad1 [2026-09-21T12:04:34.901591] at "src/gen/data/my.bookshop-Books.hdbtabledata$0.expand" (0:0) (STDOUT, APP/TASK/deploy)#
#2026 09 21 12:04:55.775#Z#DEBUG#6a48e96a-b5b4-11f1-b631-eeee0a9b49e1.backend-db-deployer#flowable-async-job-executor-thread-139373#
[PollExecuteTaskStatusExecution] 5fd8dc3c-33ed-4c50-a49f-c9bca4b4cad1 [2026-09-21T12:04:34.901686] Error: com.sap.hana.di.tabledata: The "include_filter" definitions match with 1 records that already exist in the "MY_BOOKSHOP_BOOKS" table [8251521] (STDERR, APP/TASK/deploy)#
#2026 09 21 12:04:55.775#Z#DEBUG#6a48e96a-b5b4-11f1-b631-eeee0a9b49e1.backend-db-deployer#flowable-async-job-executor-thread-139373#
[PollExecuteTaskStatusExecution] 5fd8dc3c-33ed-4c50-a49f-c9bca4b4cad1 [2026-09-21T12:04:34.901703] Error: com.sap.hana.di.tabledata: Deploying "src/gen/data/my.bookshop-Books.hdbtabledata$0.expand"... failed [8212145] (STDERR, APP/TASK/deploy)#
#2026 09 21 12:04:55.775#Z#DEBUG#6a48e96a-b5b4-11f1-b631-eeee0a9b49e1.backend-db-deployer#flowable-async-job-executor-thread-139373#
[PollExecuteTaskStatusExecution] 5fd8dc3c-33ed-4c50-a49f-c9bca4b4cad1 [2026-09-21T12:04:34.901706] Error: Worker 3 has encountered an error; all remaining jobs will be canceled [8214600] (STDERR, APP/TASK/deploy)#
#2026 09 21 12:04:55.775#Z#DEBUG#6a48e96a-b5b4-11f1-b631-eeee0a9b49e1.backend-db-deployer#flowable-async-job-executor-thread-139373#
[PollExecuteTaskStatusExecution] 5fd8dc3c-33ed-4c50-a49f-c9bca4b4cad1 [2026-09-21T12:04:34.901709] Error: Processing work list... failed [8212102] (STDERR, APP/TASK/deploy)#
#2026 09 21 12:04:55.775#Z#DEBUG#6a48e96a-b5b4-11f1-b631-eeee0a9b49e1.backend-db-deployer#flowable-async-job-executor-thread-139373#
[PollExecuteTaskStatusExecution] 5fd8dc3c-33ed-4c50-a49f-c9bca4b4cad1 [2026-09-21T12:04:34.901727] Error: Making... failed [8211605] (STDERR, APP/TASK/deploy)#
#2026 09 21 12:04:55.775#Z#DEBUG#6a48e96a-b5b4-11f1-b631-eeee0a9b49e1.backend-db-deployer#flowable-async-job-executor-thread-139373#
[PollExecuteTaskStatusExecution] 5fd8dc3c-33ed-4c50-a49f-c9bca4b4cad1 [2026-09-21T12:04:34.901731] Error: Starting make in the container "4E190AF9079C4FEE882C6D641C13F720" with 2 files to deploy, 0 files to undeploy... failed [8214168] (STDERR, APP/TASK/deploy)#
#2026 09 21 12:04:55.775#Z#DEBUG#6a48e96a-b5b4-11f1-b631-eeee0a9b49e1.backend-db-deployer#flowable-async-job-executor-thread-139373#
[PollExecuteTaskStatusExecution] 5fd8dc3c-33ed-4c50-a49f-c9bca4b4cad1 [2026-09-21T12:04:34.902382] Deployment to container 4E190AF9079C4FEE882C6D641C13F720 failed - error: HDI make failed [Deployment ID: none]. (STDERR, APP/TASK/deploy)#
#2026 09 21 12:04:55.775#Z#DEBUG#6a48e96a-b5b4-11f1-b631-eeee0a9b49e1.backend-db-deployer#flowable-async-job-executor-thread-139373#
[PollExecuteTaskStatusExecution] 5fd8dc3c-33ed-4c50-a49f-c9bca4b4cad1 [2026-09-21T12:04:34.902384] Make failed (5 errors, 0 warnings): tried to deploy 2 files, undeploy 0 files, redeploy 1 dependent files (STDOUT, APP/TASK/deploy)#
#2026 09 21 12:04:55.775#Z#DEBUG#6a48e96a-b5b4-11f1-b631-eeee0a9b49e1.backend-db-deployer#flowable-async-job-executor-thread-139373#
[PollExecuteTaskStatusExecution] 5fd8dc3c-33ed-4c50-a49f-c9bca4b4cad1 [2026-09-21T12:04:34.902944] Deployment ended at 2026-09-21 12:04:34 (STDOUT, APP/TASK/deploy)#
#2026 09 21 12:04:55.775#Z#DEBUG#6a48e96a-b5b4-11f1-b631-eeee0a9b49e1.backend-db-deployer#flowable-async-job-executor-thread-139373#
[PollExecuteTaskStatusExecution] 5fd8dc3c-33ed-4c50-a49f-c9bca4b4cad1 [2026-09-21T12:04:34.902972] Error: HDI make failed (STDERR, APP/TASK/deploy)#
#2026 09 21 12:04:55.775#Z#DEBUG#6a48e96a-b5b4-11f1-b631-eeee0a9b49e1.backend-db-deployer#flowable-async-job-executor-thread-139373#
[PollExecuteTaskStatusExecution] 5fd8dc3c-33ed-4c50-a49f-c9bca4b4cad1 [2026-09-21T12:04:34.903517] (1s 912ms) (STDOUT, APP/TASK/deploy)#
#2026 09 21 12:04:55.775#Z#DEBUG#6a48e96a-b5b4-11f1-b631-eeee0a9b49e1.backend-db-deployer#flowable-async-job-executor-thread-139373#
[PollExecuteTaskStatusExecution] 5fd8dc3c-33ed-4c50-a49f-c9bca4b4cad1 [2026-09-21T12:04:34.921964] npm notice (STDERR, APP/TASK/deploy)#
#2026 09 21 12:04:55.775#Z#DEBUG#6a48e96a-b5b4-11f1-b631-eeee0a9b49e1.backend-db-deployer#flowable-async-job-executor-thread-139373#
[PollExecuteTaskStatusExecution] 5fd8dc3c-33ed-4c50-a49f-c9bca4b4cad1 [2026-09-21T12:04:34.921999] npm notice New major version of npm available! 11.17.0 -> 12.0.2 (STDERR, APP/TASK/deploy)#
#2026 09 21 12:04:55.775#Z#DEBUG#6a48e96a-b5b4-11f1-b631-eeee0a9b49e1.backend-db-deployer#flowable-async-job-executor-thread-139373#
[PollExecuteTaskStatusExecution] 5fd8dc3c-33ed-4c50-a49f-c9bca4b4cad1 [2026-09-21T12:04:34.922004] npm notice Changelog: https://github.com/npm/cli/releases/tag/v12.0.2 (STDERR, APP/TASK/deploy)#
#2026 09 21 12:04:55.775#Z#DEBUG#6a48e96a-b5b4-11f1-b631-eeee0a9b49e1.backend-db-deployer#flowable-async-job-executor-thread-139373#
[PollExecuteTaskStatusExecution] 5fd8dc3c-33ed-4c50-a49f-c9bca4b4cad1 [2026-09-21T12:04:34.922007] npm notice To update run: npm install -g npm@12.0.2 (STDERR, APP/TASK/deploy)#
#2026 09 21 12:04:55.775#Z#DEBUG#6a48e96a-b5b4-11f1-b631-eeee0a9b49e1.backend-db-deployer#flowable-async-job-executor-thread-139373#
[PollExecuteTaskStatusExecution] 5fd8dc3c-33ed-4c50-a49f-c9bca4b4cad1 [2026-09-21T12:04:34.922010] npm notice (STDERR, APP/TASK/deploy)#
#2026 09 21 12:04:55.775#Z#DEBUG#6a48e96a-b5b4-11f1-b631-eeee0a9b49e1.backend-db-deployer#flowable-async-job-executor-thread-139373#
[PollExecuteTaskStatusExecution] 5fd8dc3c-33ed-4c50-a49f-c9bca4b4cad1 [2026-09-21T12:04:34.994794] Exit status 1 (STDOUT, APP/TASK/deploy)#
#2026 09 21 12:04:55.775#Z#DEBUG#6a48e96a-b5b4-11f1-b631-eeee0a9b49e1.backend-db-deployer#flowable-async-job-executor-thread-139373#
[PollExecuteTaskStatusExecution] 5fd8dc3c-33ed-4c50-a49f-c9bca4b4cad1 [2026-09-21T12:04:36.766745] Cell 684caff8-89cd-492b-be01-b3d0835f1763 stopping instance b2a85a8f-f280-47bb-9b35-4d615ca66496 (STDOUT, CELL)#
#2026 09 21 12:04:55.775#Z#DEBUG#6a48e96a-b5b4-11f1-b631-eeee0a9b49e1.backend-db-deployer#flowable-async-job-executor-thread-139373#
[PollExecuteTaskStatusExecution] 5fd8dc3c-33ed-4c50-a49f-c9bca4b4cad1 [2026-09-21T12:04:36.766786] Cell 684caff8-89cd-492b-be01-b3d0835f1763 destroying container for instance b2a85a8f-f280-47bb-9b35-4d615ca66496 (STDOUT, CELL)#
#2026 09 21 12:04:55.775#Z#DEBUG#6a48e96a-b5b4-11f1-b631-eeee0a9b49e1.backend-db-deployer#flowable-async-job-executor-thread-139373#
[PollExecuteTaskStatusExecution] 5fd8dc3c-33ed-4c50-a49f-c9bca4b4cad1 [2026-09-21T12:04:38.980151] Cell 684caff8-89cd-492b-be01-b3d0835f1763 successfully destroyed container for instance b2a85a8f-f280-47bb-9b35-4d615ca66496 (STDOUT, CELL)#
#2026 09 21 12:04:55.775#Z#DEBUG#6a48e96a-b5b4-11f1-b631-eeee0a9b49e1.backend-db-deployer#flowable-async-job-executor-thread-139373#
[PollExecuteTaskStatusExecution] 5fd8dc3c-33ed-4c50-a49f-c9bca4b4cad1 [2026-09-21T12:04:46.467293] Cell c839c7b1-088e-41af-b9b7-66256aacd457 creating container for instance 54c9c7e5-b7e1-477a-b3a7-1377c4f93219 (STDOUT, CELL)#
#2026 09 21 12:04:55.775#Z#DEBUG#6a48e96a-b5b4-11f1-b631-eeee0a9b49e1.backend-db-deployer#flowable-async-job-executor-thread-139373#
[PollExecuteTaskStatusExecution] 5fd8dc3c-33ed-4c50-a49f-c9bca4b4cad1 [2026-09-21T12:04:47.012344] Security group rules were updated (STDOUT, CELL)#
#2026 09 21 12:04:55.775#Z#DEBUG#6a48e96a-b5b4-11f1-b631-eeee0a9b49e1.backend-db-deployer#flowable-async-job-executor-thread-139373#
[PollExecuteTaskStatusExecution] 5fd8dc3c-33ed-4c50-a49f-c9bca4b4cad1 [2026-09-21T12:04:47.049579] Cell c839c7b1-088e-41af-b9b7-66256aacd457 successfully created container for instance 54c9c7e5-b7e1-477a-b3a7-1377c4f93219 (STDOUT, CELL)#
#2026 09 21 12:04:55.775#Z#DEBUG#6a48e96a-b5b4-11f1-b631-eeee0a9b49e1.backend-db-deployer#flowable-async-job-executor-thread-139373#
[PollExecuteTaskStatusExecution] 5fd8dc3c-33ed-4c50-a49f-c9bca4b4cad1 [2026-09-21T12:04:51.373413] Invoking pre-start scripts. (STDOUT, APP/TASK/deploy)#
#2026 09 21 12:04:55.775#Z#DEBUG#6a48e96a-b5b4-11f1-b631-eeee0a9b49e1.backend-db-deployer#flowable-async-job-executor-thread-139373#
[PollExecuteTaskStatusExecution] 5fd8dc3c-33ed-4c50-a49f-c9bca4b4cad1 [2026-09-21T12:04:51.588300] Invoking start command. (STDOUT, APP/TASK/deploy)#
#2026 09 21 12:04:55.775#Z#DEBUG#6a48e96a-b5b4-11f1-b631-eeee0a9b49e1.backend-db-deployer#flowable-async-job-executor-thread-139373#
[PollExecuteTaskStatusExecution] 5fd8dc3c-33ed-4c50-a49f-c9bca4b4cad1 [2026-09-21T12:04:52.059293] > start (STDOUT, APP/TASK/deploy)#
#2026 09 21 12:04:55.775#Z#DEBUG#6a48e96a-b5b4-11f1-b631-eeee0a9b49e1.backend-db-deployer#flowable-async-job-executor-thread-139373#
[PollExecuteTaskStatusExecution] 5fd8dc3c-33ed-4c50-a49f-c9bca4b4cad1 [2026-09-21T12:04:52.059324] > node node_modules/@sap/hdi-deploy/deploy.js --use-hdb --parameter com.sap.hana.di.table/try_fast_table_migration=true (STDOUT, APP/TASK/deploy)#
#2026 09 21 12:04:55.775#Z#DEBUG#6a48e96a-b5b4-11f1-b631-eeee0a9b49e1.backend-db-deployer#flowable-async-job-executor-thread-139373#
[PollExecuteTaskStatusExecution] 5fd8dc3c-33ed-4c50-a49f-c9bca4b4cad1 [2026-09-21T12:04:52.214313] VCAP_SERVICES: (STDOUT, APP/TASK/deploy)#
#2026 09 21 12:04:55.775#Z#DEBUG#6a48e96a-b5b4-11f1-b631-eeee0a9b49e1.backend-db-deployer#flowable-async-job-executor-thread-139373#
[PollExecuteTaskStatusExecution] 5fd8dc3c-33ed-4c50-a49f-c9bca4b4cad1 [2026-09-21T12:04:52.215042] { (STDOUT, APP/TASK/deploy)#
#2026 09 21 12:04:55.775#Z#DEBUG#6a48e96a-b5b4-11f1-b631-eeee0a9b49e1.backend-db-deployer#flowable-async-job-executor-thread-139373#
[PollExecuteTaskStatusExecution] 5fd8dc3c-33ed-4c50-a49f-c9bca4b4cad1 [2026-09-21T12:04:52.215063] "hana": [ (STDOUT, APP/TASK/deploy)#
#2026 09 21 12:04:55.775#Z#DEBUG#6a48e96a-b5b4-11f1-b631-eeee0a9b49e1.backend-db-deployer#flowable-async-job-executor-thread-139373#
[PollExecuteTaskStatusExecution] 5fd8dc3c-33ed-4c50-a49f-c9bca4b4cad1 [2026-09-21T12:04:52.215066] { (STDOUT, APP/TASK/deploy)#
#2026 09 21 12:04:55.775#Z#DEBUG#6a48e96a-b5b4-11f1-b631-eeee0a9b49e1.backend-db-deployer#flowable-async-job-executor-thread-139373#
[PollExecuteTaskStatusExecution] 5fd8dc3c-33ed-4c50-a49f-c9bca4b4cad1 [2026-09-21T12:04:52.215074] "name": "backend-db", (STDOUT, APP/TASK/deploy)#
#2026 09 21 12:04:55.775#Z#DEBUG#6a48e96a-b5b4-11f1-b631-eeee0a9b49e1.backend-db-deployer#flowable-async-job-executor-thread-139373#
[PollExecuteTaskStatusExecution] 5fd8dc3c-33ed-4c50-a49f-c9bca4b4cad1 [2026-09-21T12:04:52.215088] "label": "hana", (STDOUT, APP/TASK/deploy)#
#2026 09 21 12:04:55.775#Z#DEBUG#6a48e96a-b5b4-11f1-b631-eeee0a9b49e1.backend-db-deployer#flowable-async-job-executor-thread-139373#
[PollExecuteTaskStatusExecution] 5fd8dc3c-33ed-4c50-a49f-c9bca4b4cad1 [2026-09-21T12:04:52.215091] "plan": "hdi-shared", (STDOUT, APP/TASK/deploy)#
#2026 09 21 12:04:55.775#Z#DEBUG#6a48e96a-b5b4-11f1-b631-eeee0a9b49e1.backend-db-deployer#flowable-async-job-executor-thread-139373#
[PollExecuteTaskStatusExecution] 5fd8dc3c-33ed-4c50-a49f-c9bca4b4cad1 [2026-09-21T12:04:52.215093] "credentials": { (STDOUT, APP/TASK/deploy)#
#2026 09 21 12:04:55.775#Z#DEBUG#6a48e96a-b5b4-11f1-b631-eeee0a9b49e1.backend-db-deployer#flowable-async-job-executor-thread-139373#
[PollExecuteTaskStatusExecution] 5fd8dc3c-33ed-4c50-a49f-c9bca4b4cad1 [2026-09-21T12:04:52.215097] "schema": "4E190AF9079C4FEE882C6D641C13F720", (STDOUT, APP/TASK/deploy)#
#2026 09 21 12:04:55.775#Z#DEBUG#6a48e96a-b5b4-11f1-b631-eeee0a9b49e1.backend-db-deployer#flowable-async-job-executor-thread-139373#
[PollExecuteTaskStatusExecution] 5fd8dc3c-33ed-4c50-a49f-c9bca4b4cad1 [2026-09-21T12:04:52.215100] "database_id": "527b89d3-da1d-435f-873e-e73c1e06777e", (STDOUT, APP/TASK/deploy)#
#2026 09 21 12:04:55.775#Z#DEBUG#6a48e96a-b5b4-11f1-b631-eeee0a9b49e1.backend-db-deployer#flowable-async-job-executor-thread-139373#
[PollExecuteTaskStatusExecution] 5fd8dc3c-33ed-4c50-a49f-c9bca4b4cad1 [2026-09-21T12:04:52.215103] "user": "4E190AF9079C4FEE882C6D641C13F720_554OCBTO9C3J858HCKJ9FI34Q_RT", (STDOUT, APP/TASK/deploy)#
#2026 09 21 12:04:55.775#Z#DEBUG#6a48e96a-b5b4-11f1-b631-eeee0a9b49e1.backend-db-deployer#flowable-async-job-executor-thread-139373#
[PollExecuteTaskStatusExecution] 5fd8dc3c-33ed-4c50-a49f-c9bca4b4cad1 [2026-09-21T12:04:52.215106] "hdi_user": "4E190AF9079C4FEE882C6D641C13F720_554OCBTO9C3J858HCKJ9FI34Q_DT" (STDOUT, APP/TASK/deploy)#
#2026 09 21 12:04:55.775#Z#DEBUG#6a48e96a-b5b4-11f1-b631-eeee0a9b49e1.backend-db-deployer#flowable-async-job-executor-thread-139373#
[PollExecuteTaskStatusExecution] 5fd8dc3c-33ed-4c50-a49f-c9bca4b4cad1 [2026-09-21T12:04:52.215111] }, (STDOUT, APP/TASK/deploy)#
#2026 09 21 12:04:55.775#Z#DEBUG#6a48e96a-b5b4-11f1-b631-eeee0a9b49e1.backend-db-deployer#flowable-async-job-executor-thread-139373#
[PollExecuteTaskStatusExecution] 5fd8dc3c-33ed-4c50-a49f-c9bca4b4cad1 [2026-09-21T12:04:52.215115] "tags": [ (STDOUT, APP/TASK/deploy)#
#2026 09 21 12:04:55.775#Z#DEBUG#6a48e96a-b5b4-11f1-b631-eeee0a9b49e1.backend-db-deployer#flowable-async-job-executor-thread-139373#
[PollExecuteTaskStatusExecution] 5fd8dc3c-33ed-4c50-a49f-c9bca4b4cad1 [2026-09-21T12:04:52.215117] "hana", (STDOUT, APP/TASK/deploy)#
#2026 09 21 12:04:55.775#Z#DEBUG#6a48e96a-b5b4-11f1-b631-eeee0a9b49e1.backend-db-deployer#flowable-async-job-executor-thread-139373#
[PollExecuteTaskStatusExecution] 5fd8dc3c-33ed-4c50-a49f-c9bca4b4cad1 [2026-09-21T12:04:52.215119] "database", (STDOUT, APP/TASK/deploy)#
#2026 09 21 12:04:55.775#Z#DEBUG#6a48e96a-b5b4-11f1-b631-eeee0a9b49e1.backend-db-deployer#flowable-async-job-executor-thread-139373#
[PollExecuteTaskStatusExecution] 5fd8dc3c-33ed-4c50-a49f-c9bca4b4cad1 [2026-09-21T12:04:52.215121] "relational" (STDOUT, APP/TASK/deploy)#
#2026 09 21 12:04:55.775#Z#DEBUG#6a48e96a-b5b4-11f1-b631-eeee0a9b49e1.backend-db-deployer#flowable-async-job-executor-thread-139373#
[PollExecuteTaskStatusExecution] 5fd8dc3c-33ed-4c50-a49f-c9bca4b4cad1 [2026-09-21T12:04:52.215124] ] (STDOUT, APP/TASK/deploy)#
#2026 09 21 12:04:55.775#Z#DEBUG#6a48e96a-b5b4-11f1-b631-eeee0a9b49e1.backend-db-deployer#flowable-async-job-executor-thread-139373#
[PollExecuteTaskStatusExecution] 5fd8dc3c-33ed-4c50-a49f-c9bca4b4cad1 [2026-09-21T12:04:52.215126] } (STDOUT, APP/TASK/deploy)#
#2026 09 21 12:04:55.775#Z#DEBUG#6a48e96a-b5b4-11f1-b631-eeee0a9b49e1.backend-db-deployer#flowable-async-job-executor-thread-139373#
[PollExecuteTaskStatusExecution] 5fd8dc3c-33ed-4c50-a49f-c9bca4b4cad1 [2026-09-21T12:04:52.215132] ] (STDOUT, APP/TASK/deploy)#
#2026 09 21 12:04:55.775#Z#DEBUG#6a48e96a-b5b4-11f1-b631-eeee0a9b49e1.backend-db-deployer#flowable-async-job-executor-thread-139373#
[PollExecuteTaskStatusExecution] 5fd8dc3c-33ed-4c50-a49f-c9bca4b4cad1 [2026-09-21T12:04:52.215134] } (STDOUT, APP/TASK/deploy)#
#2026 09 21 12:04:55.775#Z#DEBUG#6a48e96a-b5b4-11f1-b631-eeee0a9b49e1.backend-db-deployer#flowable-async-job-executor-thread-139373#
[PollExecuteTaskStatusExecution] 5fd8dc3c-33ed-4c50-a49f-c9bca4b4cad1 [2026-09-21T12:04:52.657577] @sap/hdi-deploy, version 5.7.0 (mode default), server version 4.00.000.00.1788856605 (4.0.0.0), cloud version 2026.14.19, node version 24.19.0, HDI version 1016, container API version 1007 (STDOUT, APP/TASK/deploy)#
#2026 09 21 12:04:55.775#Z#DEBUG#6a48e96a-b5b4-11f1-b631-eeee0a9b49e1.backend-db-deployer#flowable-async-job-executor-thread-139373#
[PollExecuteTaskStatusExecution] 5fd8dc3c-33ed-4c50-a49f-c9bca4b4cad1 [2026-09-21T12:04:52.657623] Deployment started at 2026-09-21 12:04:52 (STDOUT, APP/TASK/deploy)#
#2026 09 21 12:04:55.775#Z#DEBUG#6a48e96a-b5b4-11f1-b631-eeee0a9b49e1.backend-db-deployer#flowable-async-job-executor-thread-139373#
[PollExecuteTaskStatusExecution] 5fd8dc3c-33ed-4c50-a49f-c9bca4b4cad1 [2026-09-21T12:04:52.658742] Using hdb@2.29.6 for connection (STDOUT, APP/TASK/deploy)#
#2026 09 21 12:04:55.775#Z#DEBUG#6a48e96a-b5b4-11f1-b631-eeee0a9b49e1.backend-db-deployer#flowable-async-job-executor-thread-139373#
[PollExecuteTaskStatusExecution] 5fd8dc3c-33ed-4c50-a49f-c9bca4b4cad1 [2026-09-21T12:04:52.681073] No ignore file at /home/vcap/app/.hdiignore. (STDOUT, APP/TASK/deploy)#
#2026 09 21 12:04:55.775#Z#DEBUG#6a48e96a-b5b4-11f1-b631-eeee0a9b49e1.backend-db-deployer#flowable-async-job-executor-thread-139373#
[PollExecuteTaskStatusExecution] 5fd8dc3c-33ed-4c50-a49f-c9bca4b4cad1 [2026-09-21T12:04:52.681490] Collecting files... (STDOUT, APP/TASK/deploy)#
#2026 09 21 12:04:55.775#Z#DEBUG#6a48e96a-b5b4-11f1-b631-eeee0a9b49e1.backend-db-deployer#flowable-async-job-executor-thread-139373#
[PollExecuteTaskStatusExecution] 5fd8dc3c-33ed-4c50-a49f-c9bca4b4cad1 [2026-09-21T12:04:52.686488] Collecting files... ok (0s 5ms) (STDOUT, APP/TASK/deploy)#
#2026 09 21 12:04:55.775#Z#DEBUG#6a48e96a-b5b4-11f1-b631-eeee0a9b49e1.backend-db-deployer#flowable-async-job-executor-thread-139373#
[PollExecuteTaskStatusExecution] 5fd8dc3c-33ed-4c50-a49f-c9bca4b4cad1 [2026-09-21T12:04:52.686626] 3 directories collected (STDOUT, APP/TASK/deploy)#
#2026 09 21 12:04:55.775#Z#DEBUG#6a48e96a-b5b4-11f1-b631-eeee0a9b49e1.backend-db-deployer#flowable-async-job-executor-thread-139373#
[PollExecuteTaskStatusExecution] 5fd8dc3c-33ed-4c50-a49f-c9bca4b4cad1 [2026-09-21T12:04:52.686645] 10 files collected (STDOUT, APP/TASK/deploy)#
#2026 09 21 12:04:55.775#Z#DEBUG#6a48e96a-b5b4-11f1-b631-eeee0a9b49e1.backend-db-deployer#flowable-async-job-executor-thread-139373#
[PollExecuteTaskStatusExecution] 5fd8dc3c-33ed-4c50-a49f-c9bca4b4cad1 [2026-09-21T12:04:52.686650] 0 reusable modules collected (STDOUT, APP/TASK/deploy)#
#2026 09 21 12:04:55.775#Z#DEBUG#6a48e96a-b5b4-11f1-b631-eeee0a9b49e1.backend-db-deployer#flowable-async-job-executor-thread-139373#
[PollExecuteTaskStatusExecution] 5fd8dc3c-33ed-4c50-a49f-c9bca4b4cad1 [2026-09-21T12:04:52.686653] Target service: backend-db (STDOUT, APP/TASK/deploy)#
#2026 09 21 12:04:55.775#Z#DEBUG#6a48e96a-b5b4-11f1-b631-eeee0a9b49e1.backend-db-deployer#flowable-async-job-executor-thread-139373#
[PollExecuteTaskStatusExecution] 5fd8dc3c-33ed-4c50-a49f-c9bca4b4cad1 [2026-09-21T12:04:52.856370] Previous build with request ID 87 finished at 2026-09-21T12:04:34.864 with status Canceled and message: Make failed (5 errors, 0 warnings): tried to deploy 2 files, undeploy 0 files, redeploy 1 dependent files. (STDOUT, APP/TASK/deploy)#
#2026 09 21 12:04:55.775#Z#DEBUG#6a48e96a-b5b4-11f1-b631-eeee0a9b49e1.backend-db-deployer#flowable-async-job-executor-thread-139373#
[PollExecuteTaskStatusExecution] 5fd8dc3c-33ed-4c50-a49f-c9bca4b4cad1 [2026-09-21T12:04:52.856514] Processing revoke files... (STDOUT, APP/TASK/deploy)#
#2026 09 21 12:04:55.775#Z#DEBUG#6a48e96a-b5b4-11f1-b631-eeee0a9b49e1.backend-db-deployer#flowable-async-job-executor-thread-139373#
[PollExecuteTaskStatusExecution] 5fd8dc3c-33ed-4c50-a49f-c9bca4b4cad1 [2026-09-21T12:04:52.856599] Processing revoke files... ok (0s 0ms) (STDOUT, APP/TASK/deploy)#
#2026 09 21 12:04:55.775#Z#DEBUG#6a48e96a-b5b4-11f1-b631-eeee0a9b49e1.backend-db-deployer#flowable-async-job-executor-thread-139373#
[PollExecuteTaskStatusExecution] 5fd8dc3c-33ed-4c50-a49f-c9bca4b4cad1 [2026-09-21T12:04:52.856749] Processing grants files... (STDOUT, APP/TASK/deploy)#
#2026 09 21 12:04:55.775#Z#DEBUG#6a48e96a-b5b4-11f1-b631-eeee0a9b49e1.backend-db-deployer#flowable-async-job-executor-thread-139373#
[PollExecuteTaskStatusExecution] 5fd8dc3c-33ed-4c50-a49f-c9bca4b4cad1 [2026-09-21T12:04:52.856937] Processing grants files... ok (0s 0ms) (STDOUT, APP/TASK/deploy)#
#2026 09 21 12:04:55.775#Z#DEBUG#6a48e96a-b5b4-11f1-b631-eeee0a9b49e1.backend-db-deployer#flowable-async-job-executor-thread-139373#
[PollExecuteTaskStatusExecution] 5fd8dc3c-33ed-4c50-a49f-c9bca4b4cad1 [2026-09-21T12:04:52.859834] Preprocessing files... (STDOUT, APP/TASK/deploy)#
#2026 09 21 12:04:55.775#Z#DEBUG#6a48e96a-b5b4-11f1-b631-eeee0a9b49e1.backend-db-deployer#flowable-async-job-executor-thread-139373#
[PollExecuteTaskStatusExecution] 5fd8dc3c-33ed-4c50-a49f-c9bca4b4cad1 [2026-09-21T12:04:52.860081] Preprocessing files... ok (0s 0ms) (STDOUT, APP/TASK/deploy)#
#2026 09 21 12:04:55.775#Z#DEBUG#6a48e96a-b5b4-11f1-b631-eeee0a9b49e1.backend-db-deployer#flowable-async-job-executor-thread-139373#
[PollExecuteTaskStatusExecution] 5fd8dc3c-33ed-4c50-a49f-c9bca4b4cad1 [2026-09-21T12:04:52.860112] Connecting to the container "4E190AF9079C4FEE882C6D641C13F720"... (STDOUT, APP/TASK/deploy)#
#2026 09 21 12:04:55.775#Z#DEBUG#6a48e96a-b5b4-11f1-b631-eeee0a9b49e1.backend-db-deployer#flowable-async-job-executor-thread-139373#
[PollExecuteTaskStatusExecution] 5fd8dc3c-33ed-4c50-a49f-c9bca4b4cad1 [2026-09-21T12:04:52.931911] Connecting to the container "4E190AF9079C4FEE882C6D641C13F720"... ok (0s 72ms) (STDOUT, APP/TASK/deploy)#
#2026 09 21 12:04:55.775#Z#DEBUG#6a48e96a-b5b4-11f1-b631-eeee0a9b49e1.backend-db-deployer#flowable-async-job-executor-thread-139373#
[PollExecuteTaskStatusExecution] 5fd8dc3c-33ed-4c50-a49f-c9bca4b4cad1 [2026-09-21T12:04:52.932158] Locking the container "4E190AF9079C4FEE882C6D641C13F720"... (STDOUT, APP/TASK/deploy)#
#2026 09 21 12:04:55.775#Z#DEBUG#6a48e96a-b5b4-11f1-b631-eeee0a9b49e1.backend-db-deployer#flowable-async-job-executor-thread-139373#
[PollExecuteTaskStatusExecution] 5fd8dc3c-33ed-4c50-a49f-c9bca4b4cad1 [2026-09-21T12:04:53.059250] Locking the container "4E190AF9079C4FEE882C6D641C13F720"... ok (0s 127ms) (STDOUT, APP/TASK/deploy)#
#2026 09 21 12:04:55.775#Z#DEBUG#6a48e96a-b5b4-11f1-b631-eeee0a9b49e1.backend-db-deployer#flowable-async-job-executor-thread-139373#
[PollExecuteTaskStatusExecution] 5fd8dc3c-33ed-4c50-a49f-c9bca4b4cad1 [2026-09-21T12:04:53.059278] Synchronizing files with the container "4E190AF9079C4FEE882C6D641C13F720"... (STDOUT, APP/TASK/deploy)#
#2026 09 21 12:04:55.775#Z#DEBUG#6a48e96a-b5b4-11f1-b631-eeee0a9b49e1.backend-db-deployer#flowable-async-job-executor-thread-139373#
[PollExecuteTaskStatusExecution] 5fd8dc3c-33ed-4c50-a49f-c9bca4b4cad1 [2026-09-21T12:04:53.237716] Deleting files... (STDOUT, APP/TASK/deploy)#
#2026 09 21 12:04:55.775#Z#DEBUG#6a48e96a-b5b4-11f1-b631-eeee0a9b49e1.backend-db-deployer#flowable-async-job-executor-thread-139373#
[PollExecuteTaskStatusExecution] 5fd8dc3c-33ed-4c50-a49f-c9bca4b4cad1 [2026-09-21T12:04:53.359260] Deleting files... ok (STDOUT, APP/TASK/deploy)#
#2026 09 21 12:04:55.775#Z#DEBUG#6a48e96a-b5b4-11f1-b631-eeee0a9b49e1.backend-db-deployer#flowable-async-job-executor-thread-139373#
[PollExecuteTaskStatusExecution] 5fd8dc3c-33ed-4c50-a49f-c9bca4b4cad1 [2026-09-21T12:04:53.359292] Writing files... (STDOUT, APP/TASK/deploy)#
#2026 09 21 12:04:55.775#Z#DEBUG#6a48e96a-b5b4-11f1-b631-eeee0a9b49e1.backend-db-deployer#flowable-async-job-executor-thread-139373#
[PollExecuteTaskStatusExecution] 5fd8dc3c-33ed-4c50-a49f-c9bca4b4cad1 [2026-09-21T12:04:53.359448] Writing 5 items (STDOUT, APP/TASK/deploy)#
#2026 09 21 12:04:55.775#Z#DEBUG#6a48e96a-b5b4-11f1-b631-eeee0a9b49e1.backend-db-deployer#flowable-async-job-executor-thread-139373#
[PollExecuteTaskStatusExecution] 5fd8dc3c-33ed-4c50-a49f-c9bca4b4cad1 [2026-09-21T12:04:53.539376] Writing files... ok (STDOUT, APP/TASK/deploy)#
#2026 09 21 12:04:55.775#Z#DEBUG#6a48e96a-b5b4-11f1-b631-eeee0a9b49e1.backend-db-deployer#flowable-async-job-executor-thread-139373#
[PollExecuteTaskStatusExecution] 5fd8dc3c-33ed-4c50-a49f-c9bca4b4cad1 [2026-09-21T12:04:53.539422] Synchronizing files with the container "4E190AF9079C4FEE882C6D641C13F720"... ok (0s 480ms) (STDOUT, APP/TASK/deploy)#
#2026 09 21 12:04:55.775#Z#DEBUG#6a48e96a-b5b4-11f1-b631-eeee0a9b49e1.backend-db-deployer#flowable-async-job-executor-thread-139373#
[PollExecuteTaskStatusExecution] 5fd8dc3c-33ed-4c50-a49f-c9bca4b4cad1 [2026-09-21T12:04:53.539804] added files: [ (STDOUT, APP/TASK/deploy)#
#2026 09 21 12:04:55.775#Z#DEBUG#6a48e96a-b5b4-11f1-b631-eeee0a9b49e1.backend-db-deployer#flowable-async-job-executor-thread-139373#
[PollExecuteTaskStatusExecution] 5fd8dc3c-33ed-4c50-a49f-c9bca4b4cad1 [2026-09-21T12:04:53.539828] "src/gen/data/my.bookshop-Books.csv", (STDOUT, APP/TASK/deploy)#
#2026 09 21 12:04:55.775#Z#DEBUG#6a48e96a-b5b4-11f1-b631-eeee0a9b49e1.backend-db-deployer#flowable-async-job-executor-thread-139373#
[PollExecuteTaskStatusExecution] 5fd8dc3c-33ed-4c50-a49f-c9bca4b4cad1 [2026-09-21T12:04:53.539831] "src/gen/data/my.bookshop-Books.hdbtabledata" (STDOUT, APP/TASK/deploy)#
#2026 09 21 12:04:55.775#Z#DEBUG#6a48e96a-b5b4-11f1-b631-eeee0a9b49e1.backend-db-deployer#flowable-async-job-executor-thread-139373#
[PollExecuteTaskStatusExecution] 5fd8dc3c-33ed-4c50-a49f-c9bca4b4cad1 [2026-09-21T12:04:53.539833] ] (STDOUT, APP/TASK/deploy)#
#2026 09 21 12:04:55.775#Z#DEBUG#6a48e96a-b5b4-11f1-b631-eeee0a9b49e1.backend-db-deployer#flowable-async-job-executor-thread-139373#
[PollExecuteTaskStatusExecution] 5fd8dc3c-33ed-4c50-a49f-c9bca4b4cad1 [2026-09-21T12:04:53.539852] modified files: [] (STDOUT, APP/TASK/deploy)#
#2026 09 21 12:04:55.775#Z#DEBUG#6a48e96a-b5b4-11f1-b631-eeee0a9b49e1.backend-db-deployer#flowable-async-job-executor-thread-139373#
[PollExecuteTaskStatusExecution] 5fd8dc3c-33ed-4c50-a49f-c9bca4b4cad1 [2026-09-21T12:04:53.539855] deleted files: [] (STDOUT, APP/TASK/deploy)#
#2026 09 21 12:04:55.775#Z#DEBUG#6a48e96a-b5b4-11f1-b631-eeee0a9b49e1.backend-db-deployer#flowable-async-job-executor-thread-139373#
[PollExecuteTaskStatusExecution] 5fd8dc3c-33ed-4c50-a49f-c9bca4b4cad1 [2026-09-21T12:04:53.540068] 2 modified or added files are scheduled for deploy based on delta detection (STDOUT, APP/TASK/deploy)#
#2026 09 21 12:04:55.775#Z#DEBUG#6a48e96a-b5b4-11f1-b631-eeee0a9b49e1.backend-db-deployer#flowable-async-job-executor-thread-139373#
[PollExecuteTaskStatusExecution] 5fd8dc3c-33ed-4c50-a49f-c9bca4b4cad1 [2026-09-21T12:04:53.540231] 0 deleted files are scheduled for undeploy based on delta detection (filtered by undeploy allowlist) (STDOUT, APP/TASK/deploy)#
#2026 09 21 12:04:55.775#Z#DEBUG#6a48e96a-b5b4-11f1-b631-eeee0a9b49e1.backend-db-deployer#flowable-async-job-executor-thread-139373#
[PollExecuteTaskStatusExecution] 5fd8dc3c-33ed-4c50-a49f-c9bca4b4cad1 [2026-09-21T12:04:53.540366] 0 files are scheduled for deploy based on explicit specification (STDOUT, APP/TASK/deploy)#
#2026 09 21 12:04:55.775#Z#DEBUG#6a48e96a-b5b4-11f1-b631-eeee0a9b49e1.backend-db-deployer#flowable-async-job-executor-thread-139373#
[PollExecuteTaskStatusExecution] 5fd8dc3c-33ed-4c50-a49f-c9bca4b4cad1 [2026-09-21T12:04:53.540382] 0 files are scheduled for undeploy based on explicit specification (STDOUT, APP/TASK/deploy)#
#2026 09 21 12:04:55.775#Z#DEBUG#6a48e96a-b5b4-11f1-b631-eeee0a9b49e1.backend-db-deployer#flowable-async-job-executor-thread-139373#
[PollExecuteTaskStatusExecution] 5fd8dc3c-33ed-4c50-a49f-c9bca4b4cad1 [2026-09-21T12:04:53.540511] Deploying to the container "4E190AF9079C4FEE882C6D641C13F720"... (STDOUT, APP/TASK/deploy)#
#2026 09 21 12:04:55.775#Z#DEBUG#6a48e96a-b5b4-11f1-b631-eeee0a9b49e1.backend-db-deployer#flowable-async-job-executor-thread-139373#
[PollExecuteTaskStatusExecution] 5fd8dc3c-33ed-4c50-a49f-c9bca4b4cad1 [2026-09-21T12:04:54.037044] Starting make in the container "4E190AF9079C4FEE882C6D641C13F720" with 2 files to deploy, 0 files to undeploy... (STDOUT, APP/TASK/deploy)#
#2026 09 21 12:04:55.775#Z#DEBUG#6a48e96a-b5b4-11f1-b631-eeee0a9b49e1.backend-db-deployer#flowable-async-job-executor-thread-139373#
[PollExecuteTaskStatusExecution] 5fd8dc3c-33ed-4c50-a49f-c9bca4b4cad1 [2026-09-21T12:04:54.037077] Disabling table replication for the container schema "4E190AF9079C4FEE882C6D641C13F720"... (STDOUT, APP/TASK/deploy)#
#2026 09 21 12:04:55.775#Z#DEBUG#6a48e96a-b5b4-11f1-b631-eeee0a9b49e1.backend-db-deployer#flowable-async-job-executor-thread-139373#
[PollExecuteTaskStatusExecution] 5fd8dc3c-33ed-4c50-a49f-c9bca4b4cad1 [2026-09-21T12:04:54.037088] Disabling table replication for the container schema "4E190AF9079C4FEE882C6D641C13F720"... ok (0s 12ms) (STDOUT, APP/TASK/deploy)#
#2026 09 21 12:04:55.775#Z#DEBUG#6a48e96a-b5b4-11f1-b631-eeee0a9b49e1.backend-db-deployer#flowable-async-job-executor-thread-139373#
[PollExecuteTaskStatusExecution] 5fd8dc3c-33ed-4c50-a49f-c9bca4b4cad1 [2026-09-21T12:04:54.037093] Migrating libraries... (STDOUT, APP/TASK/deploy)#
#2026 09 21 12:04:55.775#Z#DEBUG#6a48e96a-b5b4-11f1-b631-eeee0a9b49e1.backend-db-deployer#flowable-async-job-executor-thread-139373#
[PollExecuteTaskStatusExecution] 5fd8dc3c-33ed-4c50-a49f-c9bca4b4cad1 [2026-09-21T12:04:54.037118] Migrating libraries... ok (0s 16ms) (STDOUT, APP/TASK/deploy)#
#2026 09 21 12:04:55.775#Z#DEBUG#6a48e96a-b5b4-11f1-b631-eeee0a9b49e1.backend-db-deployer#flowable-async-job-executor-thread-139373#
[PollExecuteTaskStatusExecution] 5fd8dc3c-33ed-4c50-a49f-c9bca4b4cad1 [2026-09-21T12:04:54.037121] Making... (STDOUT, APP/TASK/deploy)#
#2026 09 21 12:04:55.775#Z#DEBUG#6a48e96a-b5b4-11f1-b631-eeee0a9b49e1.backend-db-deployer#flowable-async-job-executor-thread-139373#
[PollExecuteTaskStatusExecution] 5fd8dc3c-33ed-4c50-a49f-c9bca4b4cad1 [2026-09-21T12:04:54.037123] Preparing... (STDOUT, APP/TASK/deploy)#
#2026 09 21 12:04:55.775#Z#DEBUG#6a48e96a-b5b4-11f1-b631-eeee0a9b49e1.backend-db-deployer#flowable-async-job-executor-thread-139373#
[PollExecuteTaskStatusExecution] 5fd8dc3c-33ed-4c50-a49f-c9bca4b4cad1 [2026-09-21T12:04:54.037143] Preparing the make transaction... (STDOUT, APP/TASK/deploy)#
#2026 09 21 12:04:55.775#Z#DEBUG#6a48e96a-b5b4-11f1-b631-eeee0a9b49e1.backend-db-deployer#flowable-async-job-executor-thread-139373#
[PollExecuteTaskStatusExecution] 5fd8dc3c-33ed-4c50-a49f-c9bca4b4cad1 [2026-09-21T12:04:54.037151] Adding "src/gen/data/my.bookshop-Books.csv" for deploy... (STDOUT, APP/TASK/deploy)#
#2026 09 21 12:04:55.775#Z#DEBUG#6a48e96a-b5b4-11f1-b631-eeee0a9b49e1.backend-db-deployer#flowable-async-job-executor-thread-139373#
[PollExecuteTaskStatusExecution] 5fd8dc3c-33ed-4c50-a49f-c9bca4b4cad1 [2026-09-21T12:04:54.037288] Adding "src/gen/data/my.bookshop-Books.csv" for deploy... ok (0s 30ms) (STDOUT, APP/TASK/deploy)#
#2026 09 21 12:04:55.775#Z#DEBUG#6a48e96a-b5b4-11f1-b631-eeee0a9b49e1.backend-db-deployer#flowable-async-job-executor-thread-139373#
[PollExecuteTaskStatusExecution] 5fd8dc3c-33ed-4c50-a49f-c9bca4b4cad1 [2026-09-21T12:04:54.037305] Adding "src/gen/data/my.bookshop-Books.hdbtabledata" for deploy... (STDOUT, APP/TASK/deploy)#
#2026 09 21 12:04:55.775#Z#DEBUG#6a48e96a-b5b4-11f1-b631-eeee0a9b49e1.backend-db-deployer#flowable-async-job-executor-thread-139373#
[PollExecuteTaskStatusExecution] 5fd8dc3c-33ed-4c50-a49f-c9bca4b4cad1 [2026-09-21T12:04:54.037308] Adding "src/gen/data/my.bookshop-Books.hdbtabledata" for deploy... ok (0s 0ms) (STDOUT, APP/TASK/deploy)#
#2026 09 21 12:04:55.775#Z#DEBUG#6a48e96a-b5b4-11f1-b631-eeee0a9b49e1.backend-db-deployer#flowable-async-job-executor-thread-139373#
[PollExecuteTaskStatusExecution] 5fd8dc3c-33ed-4c50-a49f-c9bca4b4cad1 [2026-09-21T12:04:54.037312] Preparing... ok (0s 48ms) (STDOUT, APP/TASK/deploy)#
#2026 09 21 12:04:55.775#Z#DEBUG#6a48e96a-b5b4-11f1-b631-eeee0a9b49e1.backend-db-deployer#flowable-async-job-executor-thread-139373#
[PollExecuteTaskStatusExecution] 5fd8dc3c-33ed-4c50-a49f-c9bca4b4cad1 [2026-09-21T12:04:54.037317] Preparing the make transaction... ok (0s 32ms) (STDOUT, APP/TASK/deploy)#
#2026 09 21 12:04:55.775#Z#DEBUG#6a48e96a-b5b4-11f1-b631-eeee0a9b49e1.backend-db-deployer#flowable-async-job-executor-thread-139373#
[PollExecuteTaskStatusExecution] 5fd8dc3c-33ed-4c50-a49f-c9bca4b4cad1 [2026-09-21T12:04:54.037319] Calculating dependencies... (STDOUT, APP/TASK/deploy)#
#2026 09 21 12:04:55.775#Z#DEBUG#6a48e96a-b5b4-11f1-b631-eeee0a9b49e1.backend-db-deployer#flowable-async-job-executor-thread-139373#
[PollExecuteTaskStatusExecution] 5fd8dc3c-33ed-4c50-a49f-c9bca4b4cad1 [2026-09-21T12:04:54.037323] Expanding... (STDOUT, APP/TASK/deploy)#
#2026 09 21 12:04:55.775#Z#DEBUG#6a48e96a-b5b4-11f1-b631-eeee0a9b49e1.backend-db-deployer#flowable-async-job-executor-thread-139373#
[PollExecuteTaskStatusExecution] 5fd8dc3c-33ed-4c50-a49f-c9bca4b4cad1 [2026-09-21T12:04:54.037325] Expanding "src/gen/data/my.bookshop-Books.hdbtabledata"... (STDOUT, APP/TASK/deploy)#
#2026 09 21 12:04:55.775#Z#DEBUG#6a48e96a-b5b4-11f1-b631-eeee0a9b49e1.backend-db-deployer#flowable-async-job-executor-thread-139373#
[PollExecuteTaskStatusExecution] 5fd8dc3c-33ed-4c50-a49f-c9bca4b4cad1 [2026-09-21T12:04:54.037329] Expanding "src/gen/data/my.bookshop-Books.hdbtabledata"... ok (0s 2ms) (STDOUT, APP/TASK/deploy)#
#2026 09 21 12:04:55.775#Z#DEBUG#6a48e96a-b5b4-11f1-b631-eeee0a9b49e1.backend-db-deployer#flowable-async-job-executor-thread-139373#
[PollExecuteTaskStatusExecution] 5fd8dc3c-33ed-4c50-a49f-c9bca4b4cad1 [2026-09-21T12:04:54.037344] Expanding... ok (0s 31ms) (STDOUT, APP/TASK/deploy)#
#2026 09 21 12:04:55.775#Z#DEBUG#6a48e96a-b5b4-11f1-b631-eeee0a9b49e1.backend-db-deployer#flowable-async-job-executor-thread-139373#
[PollExecuteTaskStatusExecution] 5fd8dc3c-33ed-4c50-a49f-c9bca4b4cad1 [2026-09-21T12:04:54.037345] Precompiling... (STDOUT, APP/TASK/deploy)#
#2026 09 21 12:04:55.775#Z#DEBUG#6a48e96a-b5b4-11f1-b631-eeee0a9b49e1.backend-db-deployer#flowable-async-job-executor-thread-139373#
[PollExecuteTaskStatusExecution] 5fd8dc3c-33ed-4c50-a49f-c9bca4b4cad1 [2026-09-21T12:04:54.037353] Precompiling "src/gen/data/my.bookshop-Books.csv"... (STDOUT, APP/TASK/deploy)#
#2026 09 21 12:04:55.775#Z#DEBUG#6a48e96a-b5b4-11f1-b631-eeee0a9b49e1.backend-db-deployer#flowable-async-job-executor-thread-139373#
[PollExecuteTaskStatusExecution] 5fd8dc3c-33ed-4c50-a49f-c9bca4b4cad1 [2026-09-21T12:04:54.037356] Precompiling "src/gen/data/my.bookshop-Books.hdbtabledata"... (STDOUT, APP/TASK/deploy)#
#2026 09 21 12:04:55.775#Z#DEBUG#6a48e96a-b5b4-11f1-b631-eeee0a9b49e1.backend-db-deployer#flowable-async-job-executor-thread-139373#
[PollExecuteTaskStatusExecution] 5fd8dc3c-33ed-4c50-a49f-c9bca4b4cad1 [2026-09-21T12:04:54.037358] Precompiling "src/gen/data/my.bookshop-Books.hdbtabledata"... ok (0s 0ms) (STDOUT, APP/TASK/deploy)#
#2026 09 21 12:04:55.775#Z#DEBUG#6a48e96a-b5b4-11f1-b631-eeee0a9b49e1.backend-db-deployer#flowable-async-job-executor-thread-139373#
[PollExecuteTaskStatusExecution] 5fd8dc3c-33ed-4c50-a49f-c9bca4b4cad1 [2026-09-21T12:04:54.037360] Precompiling "src/gen/data/my.bookshop-Books.hdbtabledata$0.expand"... (STDOUT, APP/TASK/deploy)#
#2026 09 21 12:04:55.775#Z#DEBUG#6a48e96a-b5b4-11f1-b631-eeee0a9b49e1.backend-db-deployer#flowable-async-job-executor-thread-139373#
[PollExecuteTaskStatusExecution] 5fd8dc3c-33ed-4c50-a49f-c9bca4b4cad1 [2026-09-21T12:04:54.037362] Expanded from "src/gen/data/my.bookshop-Books.hdbtabledata" (STDOUT, APP/TASK/deploy)#
#2026 09 21 12:04:55.775#Z#DEBUG#6a48e96a-b5b4-11f1-b631-eeee0a9b49e1.backend-db-deployer#flowable-async-job-executor-thread-139373#
[PollExecuteTaskStatusExecution] 5fd8dc3c-33ed-4c50-a49f-c9bca4b4cad1 [2026-09-21T12:04:54.037382] Precompiling "src/gen/data/my.bookshop-Books.hdbtabledata$0.expand"... ok (0s 1ms) (STDOUT, APP/TASK/deploy)#
#2026 09 21 12:04:55.775#Z#DEBUG#6a48e96a-b5b4-11f1-b631-eeee0a9b49e1.backend-db-deployer#flowable-async-job-executor-thread-139373#
[PollExecuteTaskStatusExecution] 5fd8dc3c-33ed-4c50-a49f-c9bca4b4cad1 [2026-09-21T12:04:54.037387] Precompiling "src/gen/data/my.bookshop-Books.csv"... ok (0s 2ms) (STDOUT, APP/TASK/deploy)#
#2026 09 21 12:04:55.775#Z#DEBUG#6a48e96a-b5b4-11f1-b631-eeee0a9b49e1.backend-db-deployer#flowable-async-job-executor-thread-139373#
[PollExecuteTaskStatusExecution] 5fd8dc3c-33ed-4c50-a49f-c9bca4b4cad1 [2026-09-21T12:04:54.037392] Precompiling... ok (0s 21ms) (STDOUT, APP/TASK/deploy)#
#2026 09 21 12:04:55.775#Z#DEBUG#6a48e96a-b5b4-11f1-b631-eeee0a9b49e1.backend-db-deployer#flowable-async-job-executor-thread-139373#
[PollExecuteTaskStatusExecution] 5fd8dc3c-33ed-4c50-a49f-c9bca4b4cad1 [2026-09-21T12:04:54.037395] Merging... (STDOUT, APP/TASK/deploy)#
#2026 09 21 12:04:55.775#Z#DEBUG#6a48e96a-b5b4-11f1-b631-eeee0a9b49e1.backend-db-deployer#flowable-async-job-executor-thread-139373#
[PollExecuteTaskStatusExecution] 5fd8dc3c-33ed-4c50-a49f-c9bca4b4cad1 [2026-09-21T12:04:54.037398] Merging... ok (0s 7ms) (STDOUT, APP/TASK/deploy)#
#2026 09 21 12:04:55.775#Z#DEBUG#6a48e96a-b5b4-11f1-b631-eeee0a9b49e1.backend-db-deployer#flowable-async-job-executor-thread-139373#
[PollExecuteTaskStatusExecution] 5fd8dc3c-33ed-4c50-a49f-c9bca4b4cad1 [2026-09-21T12:04:54.037401] Calculating dependencies... ok (0s 59ms) (STDOUT, APP/TASK/deploy)#
#2026 09 21 12:04:55.775#Z#DEBUG#6a48e96a-b5b4-11f1-b631-eeee0a9b49e1.backend-db-deployer#flowable-async-job-executor-thread-139373#
[PollExecuteTaskStatusExecution] 5fd8dc3c-33ed-4c50-a49f-c9bca4b4cad1 [2026-09-21T12:04:54.037416] Processing work list... (STDOUT, APP/TASK/deploy)#
#2026 09 21 12:04:55.775#Z#DEBUG#6a48e96a-b5b4-11f1-b631-eeee0a9b49e1.backend-db-deployer#flowable-async-job-executor-thread-139373#
[PollExecuteTaskStatusExecution] 5fd8dc3c-33ed-4c50-a49f-c9bca4b4cad1 [2026-09-21T12:04:54.037431] Deploying "src/gen/data/my.bookshop-Books.csv"... (STDOUT, APP/TASK/deploy)#
#2026 09 21 12:04:55.775#Z#DEBUG#6a48e96a-b5b4-11f1-b631-eeee0a9b49e1.backend-db-deployer#flowable-async-job-executor-thread-139373#
[PollExecuteTaskStatusExecution] 5fd8dc3c-33ed-4c50-a49f-c9bca4b4cad1 [2026-09-21T12:04:54.037455] Deploying "src/gen/data/my.bookshop-Books.hdbtabledata"... (STDOUT, APP/TASK/deploy)#
#2026 09 21 12:04:55.775#Z#DEBUG#6a48e96a-b5b4-11f1-b631-eeee0a9b49e1.backend-db-deployer#flowable-async-job-executor-thread-139373#
[PollExecuteTaskStatusExecution] 5fd8dc3c-33ed-4c50-a49f-c9bca4b4cad1 [2026-09-21T12:04:54.037467] Deploying "src/gen/data/my.bookshop-Books.hdbtabledata"... ok (0s 0ms) (STDOUT, APP/TASK/deploy)#
#2026 09 21 12:04:55.775#Z#DEBUG#6a48e96a-b5b4-11f1-b631-eeee0a9b49e1.backend-db-deployer#flowable-async-job-executor-thread-139373#
[PollExecuteTaskStatusExecution] 5fd8dc3c-33ed-4c50-a49f-c9bca4b4cad1 [2026-09-21T12:04:54.037469] Deploying "src/gen/data/my.bookshop-Books.csv"... ok (0s 4ms) (STDOUT, APP/TASK/deploy)#
#2026 09 21 12:04:55.775#Z#DEBUG#6a48e96a-b5b4-11f1-b631-eeee0a9b49e1.backend-db-deployer#flowable-async-job-executor-thread-139373#
[PollExecuteTaskStatusExecution] 5fd8dc3c-33ed-4c50-a49f-c9bca4b4cad1 [2026-09-21T12:04:54.037485] Deploying "src/gen/data/my.bookshop-Books.hdbtabledata$0.expand"... (STDOUT, APP/TASK/deploy)#
#2026 09 21 12:04:55.775#Z#DEBUG#6a48e96a-b5b4-11f1-b631-eeee0a9b49e1.backend-db-deployer#flowable-async-job-executor-thread-139373#
[PollExecuteTaskStatusExecution] 5fd8dc3c-33ed-4c50-a49f-c9bca4b4cad1 [2026-09-21T12:04:54.037488] Expanded from "src/gen/data/my.bookshop-Books.hdbtabledata" (STDOUT, APP/TASK/deploy)#
#2026 09 21 12:04:55.775#Z#DEBUG#6a48e96a-b5b4-11f1-b631-eeee0a9b49e1.backend-db-deployer#flowable-async-job-executor-thread-139373#
[PollExecuteTaskStatusExecution] 5fd8dc3c-33ed-4c50-a49f-c9bca4b4cad1 [2026-09-21T12:04:54.037713] at "src/gen/data/my.bookshop-Books.hdbtabledata" (14:26,/imports[0]/import_settings) (STDOUT, APP/TASK/deploy)#
#2026 09 21 12:04:55.775#Z#DEBUG#6a48e96a-b5b4-11f1-b631-eeee0a9b49e1.backend-db-deployer#flowable-async-job-executor-thread-139373#
[PollExecuteTaskStatusExecution] 5fd8dc3c-33ed-4c50-a49f-c9bca4b4cad1 [2026-09-21T12:04:54.037750] at "src/gen/data/my.bookshop-Books.hdbtabledata$0.expand" (0:0) (STDOUT, APP/TASK/deploy)#
#2026 09 21 12:04:55.775#Z#DEBUG#6a48e96a-b5b4-11f1-b631-eeee0a9b49e1.backend-db-deployer#flowable-async-job-executor-thread-139373#
[PollExecuteTaskStatusExecution] 5fd8dc3c-33ed-4c50-a49f-c9bca4b4cad1 [2026-09-21T12:04:54.037815] Make failed (5 errors, 0 warnings): tried to deploy 2 files, undeploy 0 files, redeploy 1 dependent files (STDOUT, APP/TASK/deploy)#
#2026 09 21 12:04:55.775#Z#DEBUG#6a48e96a-b5b4-11f1-b631-eeee0a9b49e1.backend-db-deployer#flowable-async-job-executor-thread-139373#
[PollExecuteTaskStatusExecution] 5fd8dc3c-33ed-4c50-a49f-c9bca4b4cad1 [2026-09-21T12:04:54.037835] Error: com.sap.hana.di.tabledata: The "include_filter" definitions match with 1 records that already exist in the "MY_BOOKSHOP_BOOKS" table [8251521] (STDERR, APP/TASK/deploy)#
#2026 09 21 12:04:55.775#Z#DEBUG#6a48e96a-b5b4-11f1-b631-eeee0a9b49e1.backend-db-deployer#flowable-async-job-executor-thread-139373#
[PollExecuteTaskStatusExecution] 5fd8dc3c-33ed-4c50-a49f-c9bca4b4cad1 [2026-09-21T12:04:54.037844] Error: com.sap.hana.di.tabledata: Deploying "src/gen/data/my.bookshop-Books.hdbtabledata$0.expand"... failed [8212145] (STDERR, APP/TASK/deploy)#
#2026 09 21 12:04:55.775#Z#DEBUG#6a48e96a-b5b4-11f1-b631-eeee0a9b49e1.backend-db-deployer#flowable-async-job-executor-thread-139373#
[PollExecuteTaskStatusExecution] 5fd8dc3c-33ed-4c50-a49f-c9bca4b4cad1 [2026-09-21T12:04:54.037847] Error: Worker 2 has encountered an error; all remaining jobs will be canceled [8214600] (STDERR, APP/TASK/deploy)#
#2026 09 21 12:04:55.775#Z#DEBUG#6a48e96a-b5b4-11f1-b631-eeee0a9b49e1.backend-db-deployer#flowable-async-job-executor-thread-139373#
[PollExecuteTaskStatusExecution] 5fd8dc3c-33ed-4c50-a49f-c9bca4b4cad1 [2026-09-21T12:04:54.037850] Error: Processing work list... failed [8212102] (STDERR, APP/TASK/deploy)#
#2026 09 21 12:04:55.775#Z#DEBUG#6a48e96a-b5b4-11f1-b631-eeee0a9b49e1.backend-db-deployer#flowable-async-job-executor-thread-139373#
[PollExecuteTaskStatusExecution] 5fd8dc3c-33ed-4c50-a49f-c9bca4b4cad1 [2026-09-21T12:04:54.037917] Error: Making... failed [8211605] (STDERR, APP/TASK/deploy)#
#2026 09 21 12:04:55.775#Z#DEBUG#6a48e96a-b5b4-11f1-b631-eeee0a9b49e1.backend-db-deployer#flowable-async-job-executor-thread-139373#
[PollExecuteTaskStatusExecution] 5fd8dc3c-33ed-4c50-a49f-c9bca4b4cad1 [2026-09-21T12:04:54.037939] Error: Starting make in the container "4E190AF9079C4FEE882C6D641C13F720" with 2 files to deploy, 0 files to undeploy... failed [8214168] (STDERR, APP/TASK/deploy)#
#2026 09 21 12:04:55.775#Z#DEBUG#6a48e96a-b5b4-11f1-b631-eeee0a9b49e1.backend-db-deployer#flowable-async-job-executor-thread-139373#
[PollExecuteTaskStatusExecution] 5fd8dc3c-33ed-4c50-a49f-c9bca4b4cad1 [2026-09-21T12:04:54.038464] Deployment to container 4E190AF9079C4FEE882C6D641C13F720 failed - error: HDI make failed [Deployment ID: none]. (STDERR, APP/TASK/deploy)#
#2026 09 21 12:04:55.775#Z#DEBUG#6a48e96a-b5b4-11f1-b631-eeee0a9b49e1.backend-db-deployer#flowable-async-job-executor-thread-139373#
[PollExecuteTaskStatusExecution] 5fd8dc3c-33ed-4c50-a49f-c9bca4b4cad1 [2026-09-21T12:04:54.039060] Deployment ended at 2026-09-21 12:04:54 (STDOUT, APP/TASK/deploy)#
#2026 09 21 12:04:55.775#Z#DEBUG#6a48e96a-b5b4-11f1-b631-eeee0a9b49e1.backend-db-deployer#flowable-async-job-executor-thread-139373#
[PollExecuteTaskStatusExecution] 5fd8dc3c-33ed-4c50-a49f-c9bca4b4cad1 [2026-09-21T12:04:54.039092] Error: HDI make failed (STDERR, APP/TASK/deploy)#
#2026 09 21 12:04:55.775#Z#DEBUG#6a48e96a-b5b4-11f1-b631-eeee0a9b49e1.backend-db-deployer#flowable-async-job-executor-thread-139373#
[PollExecuteTaskStatusExecution] 5fd8dc3c-33ed-4c50-a49f-c9bca4b4cad1 [2026-09-21T12:04:54.039621] (1s 929ms) (STDOUT, APP/TASK/deploy)#
#2026 09 21 12:04:55.775#Z#DEBUG#6a48e96a-b5b4-11f1-b631-eeee0a9b49e1.backend-db-deployer#flowable-async-job-executor-thread-139373#
[PollExecuteTaskStatusExecution] 5fd8dc3c-33ed-4c50-a49f-c9bca4b4cad1 [2026-09-21T12:04:54.056483] npm notice (STDERR, APP/TASK/deploy)#
#2026 09 21 12:04:55.775#Z#DEBUG#6a48e96a-b5b4-11f1-b631-eeee0a9b49e1.backend-db-deployer#flowable-async-job-executor-thread-139373#
[PollExecuteTaskStatusExecution] 5fd8dc3c-33ed-4c50-a49f-c9bca4b4cad1 [2026-09-21T12:04:54.056513] npm notice New major version of npm available! 11.17.0 -> 12.0.2 (STDERR, APP/TASK/deploy)#
#2026 09 21 12:04:55.775#Z#DEBUG#6a48e96a-b5b4-11f1-b631-eeee0a9b49e1.backend-db-deployer#flowable-async-job-executor-thread-139373#
[PollExecuteTaskStatusExecution] 5fd8dc3c-33ed-4c50-a49f-c9bca4b4cad1 [2026-09-21T12:04:54.056518] npm notice Changelog: https://github.com/npm/cli/releases/tag/v12.0.2 (STDERR, APP/TASK/deploy)#
#2026 09 21 12:04:55.775#Z#DEBUG#6a48e96a-b5b4-11f1-b631-eeee0a9b49e1.backend-db-deployer#flowable-async-job-executor-thread-139373#
[PollExecuteTaskStatusExecution] 5fd8dc3c-33ed-4c50-a49f-c9bca4b4cad1 [2026-09-21T12:04:54.056521] npm notice To update run: npm install -g npm@12.0.2 (STDERR, APP/TASK/deploy)#
#2026 09 21 12:04:55.775#Z#DEBUG#6a48e96a-b5b4-11f1-b631-eeee0a9b49e1.backend-db-deployer#flowable-async-job-executor-thread-139373#
[PollExecuteTaskStatusExecution] 5fd8dc3c-33ed-4c50-a49f-c9bca4b4cad1 [2026-09-21T12:04:54.056524] npm notice (STDERR, APP/TASK/deploy)#
#2026 09 21 12:04:55.775#Z#DEBUG#6a48e96a-b5b4-11f1-b631-eeee0a9b49e1.backend-db-deployer#flowable-async-job-executor-thread-139373#
[PollExecuteTaskStatusExecution] 5fd8dc3c-33ed-4c50-a49f-c9bca4b4cad1 [2026-09-21T12:04:54.131727] Exit status 1 (STDOUT, APP/TASK/deploy)#
#2026 09 21 12:04:55.775#Z#DEBUG#6a48e96a-b5b4-11f1-b631-eeee0a9b49e1.backend-db-deployer#flowable-async-job-executor-thread-139373#
[PollExecuteTaskStatusExecution] 5fd8dc3c-33ed-4c50-a49f-c9bca4b4cad1 [2026-09-21T12:04:55.187884] Cell c839c7b1-088e-41af-b9b7-66256aacd457 stopping instance 54c9c7e5-b7e1-477a-b3a7-1377c4f93219 (STDOUT, CELL)#
#2026 09 21 12:04:55.775#Z#DEBUG#6a48e96a-b5b4-11f1-b631-eeee0a9b49e1.backend-db-deployer#flowable-async-job-executor-thread-139373#
[PollExecuteTaskStatusExecution] 5fd8dc3c-33ed-4c50-a49f-c9bca4b4cad1 [2026-09-21T12:04:55.187935] Cell c839c7b1-088e-41af-b9b7-66256aacd457 destroying container for instance 54c9c7e5-b7e1-477a-b3a7-1377c4f93219 (STDOUT, CELL)#
#2026 09 21 12:05:06.747#Z#DEBUG#6a48e96a-b5b4-11f1-b631-eeee0a9b49e1.backend-db-deployer#flowable-async-job-executor-thread-139379#
[PollExecuteTaskStatusExecution] 5fd8dc3c-33ed-4c50-a49f-c9bca4b4cad1 [2026-09-21T12:04:33.527952] @sap/hdi-deploy, version 5.7.0 (mode default), server version 4.00.000.00.1788856605 (4.0.0.0), cloud version 2026.14.19, node version 24.19.0, HDI version 1016, container API version 1007 (STDOUT, APP/TASK/deploy)#
#2026 09 21 12:05:06.747#Z#DEBUG#6a48e96a-b5b4-11f1-b631-eeee0a9b49e1.backend-db-deployer#flowable-async-job-executor-thread-139379#
[PollExecuteTaskStatusExecution] 5fd8dc3c-33ed-4c50-a49f-c9bca4b4cad1 [2026-09-21T12:04:33.527981] Deployment started at 2026-09-21 12:04:33 (STDOUT, APP/TASK/deploy)#
#2026 09 21 12:05:06.747#Z#DEBUG#6a48e96a-b5b4-11f1-b631-eeee0a9b49e1.backend-db-deployer#flowable-async-job-executor-thread-139379#
[PollExecuteTaskStatusExecution] 5fd8dc3c-33ed-4c50-a49f-c9bca4b4cad1 [2026-09-21T12:04:33.528014] Using hdb@2.29.6 for connection (STDOUT, APP/TASK/deploy)#
#2026 09 21 12:05:06.747#Z#DEBUG#6a48e96a-b5b4-11f1-b631-eeee0a9b49e1.backend-db-deployer#flowable-async-job-executor-thread-139379#
[PollExecuteTaskStatusExecution] 5fd8dc3c-33ed-4c50-a49f-c9bca4b4cad1 [2026-09-21T12:04:33.547023] No ignore file at /home/vcap/app/.hdiignore. (STDOUT, APP/TASK/deploy)#
#2026 09 21 12:05:06.747#Z#DEBUG#6a48e96a-b5b4-11f1-b631-eeee0a9b49e1.backend-db-deployer#flowable-async-job-executor-thread-139379#
[PollExecuteTaskStatusExecution] 5fd8dc3c-33ed-4c50-a49f-c9bca4b4cad1 [2026-09-21T12:04:33.547353] Collecting files... (STDOUT, APP/TASK/deploy)#
#2026 09 21 12:05:06.747#Z#DEBUG#6a48e96a-b5b4-11f1-b631-eeee0a9b49e1.backend-db-deployer#flowable-async-job-executor-thread-139379#
[PollExecuteTaskStatusExecution] 5fd8dc3c-33ed-4c50-a49f-c9bca4b4cad1 [2026-09-21T12:04:33.552704] Collecting files... ok (0s 5ms) (STDOUT, APP/TASK/deploy)#
#2026 09 21 12:05:06.747#Z#DEBUG#6a48e96a-b5b4-11f1-b631-eeee0a9b49e1.backend-db-deployer#flowable-async-job-executor-thread-139379#
[PollExecuteTaskStatusExecution] 5fd8dc3c-33ed-4c50-a49f-c9bca4b4cad1 [2026-09-21T12:04:33.552747] 3 directories collected (STDOUT, APP/TASK/deploy)#
#2026 09 21 12:05:06.747#Z#DEBUG#6a48e96a-b5b4-11f1-b631-eeee0a9b49e1.backend-db-deployer#flowable-async-job-executor-thread-139379#
[PollExecuteTaskStatusExecution] 5fd8dc3c-33ed-4c50-a49f-c9bca4b4cad1 [2026-09-21T12:04:33.552751] 10 files collected (STDOUT, APP/TASK/deploy)#
#2026 09 21 12:05:06.747#Z#DEBUG#6a48e96a-b5b4-11f1-b631-eeee0a9b49e1.backend-db-deployer#flowable-async-job-executor-thread-139379#
[PollExecuteTaskStatusExecution] 5fd8dc3c-33ed-4c50-a49f-c9bca4b4cad1 [2026-09-21T12:04:33.552754] 0 reusable modules collected (STDOUT, APP/TASK/deploy)#
#2026 09 21 12:05:06.747#Z#DEBUG#6a48e96a-b5b4-11f1-b631-eeee0a9b49e1.backend-db-deployer#flowable-async-job-executor-thread-139379#
[PollExecuteTaskStatusExecution] 5fd8dc3c-33ed-4c50-a49f-c9bca4b4cad1 [2026-09-21T12:04:33.552757] Target service: backend-db (STDOUT, APP/TASK/deploy)#
#2026 09 21 12:05:06.747#Z#DEBUG#6a48e96a-b5b4-11f1-b631-eeee0a9b49e1.backend-db-deployer#flowable-async-job-executor-thread-139379#
[PollExecuteTaskStatusExecution] 5fd8dc3c-33ed-4c50-a49f-c9bca4b4cad1 [2026-09-21T12:04:33.765842] Previous build with request ID 82 finished at 2026-09-21T12:04:22.817 with status Canceled and message: Make failed (5 errors, 0 warnings): tried to deploy 2 files, undeploy 0 files, redeploy 1 dependent files. (STDOUT, APP/TASK/deploy)#
#2026 09 21 12:05:06.747#Z#DEBUG#6a48e96a-b5b4-11f1-b631-eeee0a9b49e1.backend-db-deployer#flowable-async-job-executor-thread-139379#
[PollExecuteTaskStatusExecution] 5fd8dc3c-33ed-4c50-a49f-c9bca4b4cad1 [2026-09-21T12:04:33.765888] Processing revoke files... (STDOUT, APP/TASK/deploy)#
#2026 09 21 12:05:06.747#Z#DEBUG#6a48e96a-b5b4-11f1-b631-eeee0a9b49e1.backend-db-deployer#flowable-async-job-executor-thread-139379#
[PollExecuteTaskStatusExecution] 5fd8dc3c-33ed-4c50-a49f-c9bca4b4cad1 [2026-09-21T12:04:33.765906] Processing revoke files... ok (0s 0ms) (STDOUT, APP/TASK/deploy)#
#2026 09 21 12:05:06.747#Z#DEBUG#6a48e96a-b5b4-11f1-b631-eeee0a9b49e1.backend-db-deployer#flowable-async-job-executor-thread-139379#
[PollExecuteTaskStatusExecution] 5fd8dc3c-33ed-4c50-a49f-c9bca4b4cad1 [2026-09-21T12:04:33.766024] Processing grants files... (STDOUT, APP/TASK/deploy)#
#2026 09 21 12:05:06.747#Z#DEBUG#6a48e96a-b5b4-11f1-b631-eeee0a9b49e1.backend-db-deployer#flowable-async-job-executor-thread-139379#
[PollExecuteTaskStatusExecution] 5fd8dc3c-33ed-4c50-a49f-c9bca4b4cad1 [2026-09-21T12:04:33.766125] Processing grants files... ok (0s 0ms) (STDOUT, APP/TASK/deploy)#
#2026 09 21 12:05:06.747#Z#DEBUG#6a48e96a-b5b4-11f1-b631-eeee0a9b49e1.backend-db-deployer#flowable-async-job-executor-thread-139379#
[PollExecuteTaskStatusExecution] 5fd8dc3c-33ed-4c50-a49f-c9bca4b4cad1 [2026-09-21T12:04:33.769146] Preprocessing files... (STDOUT, APP/TASK/deploy)#
#2026 09 21 12:05:06.747#Z#DEBUG#6a48e96a-b5b4-11f1-b631-eeee0a9b49e1.backend-db-deployer#flowable-async-job-executor-thread-139379#
[PollExecuteTaskStatusExecution] 5fd8dc3c-33ed-4c50-a49f-c9bca4b4cad1 [2026-09-21T12:04:33.769259] Preprocessing files... ok (0s 0ms) (STDOUT, APP/TASK/deploy)#
#2026 09 21 12:05:06.747#Z#DEBUG#6a48e96a-b5b4-11f1-b631-eeee0a9b49e1.backend-db-deployer#flowable-async-job-executor-thread-139379#
[PollExecuteTaskStatusExecution] 5fd8dc3c-33ed-4c50-a49f-c9bca4b4cad1 [2026-09-21T12:04:33.769451] Connecting to the container "4E190AF9079C4FEE882C6D641C13F720"... (STDOUT, APP/TASK/deploy)#
#2026 09 21 12:05:06.747#Z#DEBUG#6a48e96a-b5b4-11f1-b631-eeee0a9b49e1.backend-db-deployer#flowable-async-job-executor-thread-139379#
[PollExecuteTaskStatusExecution] 5fd8dc3c-33ed-4c50-a49f-c9bca4b4cad1 [2026-09-21T12:04:33.834390] Connecting to the container "4E190AF9079C4FEE882C6D641C13F720"... ok (0s 65ms) (STDOUT, APP/TASK/deploy)#
#2026 09 21 12:05:06.747#Z#DEBUG#6a48e96a-b5b4-11f1-b631-eeee0a9b49e1.backend-db-deployer#flowable-async-job-executor-thread-139379#
[PollExecuteTaskStatusExecution] 5fd8dc3c-33ed-4c50-a49f-c9bca4b4cad1 [2026-09-21T12:04:33.834421] Locking the container "4E190AF9079C4FEE882C6D641C13F720"... (STDOUT, APP/TASK/deploy)#
#2026 09 21 12:05:06.747#Z#DEBUG#6a48e96a-b5b4-11f1-b631-eeee0a9b49e1.backend-db-deployer#flowable-async-job-executor-thread-139379#
[PollExecuteTaskStatusExecution] 5fd8dc3c-33ed-4c50-a49f-c9bca4b4cad1 [2026-09-21T12:04:33.957759] Locking the container "4E190AF9079C4FEE882C6D641C13F720"... ok (0s 123ms) (STDOUT, APP/TASK/deploy)#
#2026 09 21 12:05:06.747#Z#DEBUG#6a48e96a-b5b4-11f1-b631-eeee0a9b49e1.backend-db-deployer#flowable-async-job-executor-thread-139379#
[PollExecuteTaskStatusExecution] 5fd8dc3c-33ed-4c50-a49f-c9bca4b4cad1 [2026-09-21T12:04:33.957789] Synchronizing files with the container "4E190AF9079C4FEE882C6D641C13F720"... (STDOUT, APP/TASK/deploy)#
#2026 09 21 12:05:06.747#Z#DEBUG#6a48e96a-b5b4-11f1-b631-eeee0a9b49e1.backend-db-deployer#flowable-async-job-executor-thread-139379#
[PollExecuteTaskStatusExecution] 5fd8dc3c-33ed-4c50-a49f-c9bca4b4cad1 [2026-09-21T12:04:34.145213] Deleting files... (STDOUT, APP/TASK/deploy)#
#2026 09 21 12:05:06.747#Z#DEBUG#6a48e96a-b5b4-11f1-b631-eeee0a9b49e1.backend-db-deployer#flowable-async-job-executor-thread-139379#
[PollExecuteTaskStatusExecution] 5fd8dc3c-33ed-4c50-a49f-c9bca4b4cad1 [2026-09-21T12:04:34.309693] Deleting files... ok (STDOUT, APP/TASK/deploy)#
#2026 09 21 12:05:06.747#Z#DEBUG#6a48e96a-b5b4-11f1-b631-eeee0a9b49e1.backend-db-deployer#flowable-async-job-executor-thread-139379#
[PollExecuteTaskStatusExecution] 5fd8dc3c-33ed-4c50-a49f-c9bca4b4cad1 [2026-09-21T12:04:34.309723] Writing files... (STDOUT, APP/TASK/deploy)#
#2026 09 21 12:05:06.747#Z#DEBUG#6a48e96a-b5b4-11f1-b631-eeee0a9b49e1.backend-db-deployer#flowable-async-job-executor-thread-139379#
[PollExecuteTaskStatusExecution] 5fd8dc3c-33ed-4c50-a49f-c9bca4b4cad1 [2026-09-21T12:04:34.309729] Writing 5 items (STDOUT, APP/TASK/deploy)#
#2026 09 21 12:05:06.747#Z#DEBUG#6a48e96a-b5b4-11f1-b631-eeee0a9b49e1.backend-db-deployer#flowable-async-job-executor-thread-139379#
[PollExecuteTaskStatusExecution] 5fd8dc3c-33ed-4c50-a49f-c9bca4b4cad1 [2026-09-21T12:04:34.458824] Writing files... ok (STDOUT, APP/TASK/deploy)#
#2026 09 21 12:05:06.747#Z#DEBUG#6a48e96a-b5b4-11f1-b631-eeee0a9b49e1.backend-db-deployer#flowable-async-job-executor-thread-139379#
[PollExecuteTaskStatusExecution] 5fd8dc3c-33ed-4c50-a49f-c9bca4b4cad1 [2026-09-21T12:04:34.458868] Synchronizing files with the container "4E190AF9079C4FEE882C6D641C13F720"... ok (0s 501ms) (STDOUT, APP/TASK/deploy)#
#2026 09 21 12:05:06.747#Z#DEBUG#6a48e96a-b5b4-11f1-b631-eeee0a9b49e1.backend-db-deployer#flowable-async-job-executor-thread-139379#
[PollExecuteTaskStatusExecution] 5fd8dc3c-33ed-4c50-a49f-c9bca4b4cad1 [2026-09-21T12:04:34.459200] added files: [ (STDOUT, APP/TASK/deploy)#
#2026 09 21 12:05:06.747#Z#DEBUG#6a48e96a-b5b4-11f1-b631-eeee0a9b49e1.backend-db-deployer#flowable-async-job-executor-thread-139379#
[PollExecuteTaskStatusExecution] 5fd8dc3c-33ed-4c50-a49f-c9bca4b4cad1 [2026-09-21T12:04:34.459220] "src/gen/data/my.bookshop-Books.csv", (STDOUT, APP/TASK/deploy)#
#2026 09 21 12:05:06.747#Z#DEBUG#6a48e96a-b5b4-11f1-b631-eeee0a9b49e1.backend-db-deployer#flowable-async-job-executor-thread-139379#
[PollExecuteTaskStatusExecution] 5fd8dc3c-33ed-4c50-a49f-c9bca4b4cad1 [2026-09-21T12:04:34.459224] "src/gen/data/my.bookshop-Books.hdbtabledata" (STDOUT, APP/TASK/deploy)#
#2026 09 21 12:05:06.747#Z#DEBUG#6a48e96a-b5b4-11f1-b631-eeee0a9b49e1.backend-db-deployer#flowable-async-job-executor-thread-139379#
[PollExecuteTaskStatusExecution] 5fd8dc3c-33ed-4c50-a49f-c9bca4b4cad1 [2026-09-21T12:04:34.459228] ] (STDOUT, APP/TASK/deploy)#
#2026 09 21 12:05:06.747#Z#DEBUG#6a48e96a-b5b4-11f1-b631-eeee0a9b49e1.backend-db-deployer#flowable-async-job-executor-thread-139379#
[PollExecuteTaskStatusExecution] 5fd8dc3c-33ed-4c50-a49f-c9bca4b4cad1 [2026-09-21T12:04:34.459236] modified files: [] (STDOUT, APP/TASK/deploy)#
#2026 09 21 12:05:06.747#Z#DEBUG#6a48e96a-b5b4-11f1-b631-eeee0a9b49e1.backend-db-deployer#flowable-async-job-executor-thread-139379#
[PollExecuteTaskStatusExecution] 5fd8dc3c-33ed-4c50-a49f-c9bca4b4cad1 [2026-09-21T12:04:34.459239] deleted files: [] (STDOUT, APP/TASK/deploy)#
#2026 09 21 12:05:06.747#Z#DEBUG#6a48e96a-b5b4-11f1-b631-eeee0a9b49e1.backend-db-deployer#flowable-async-job-executor-thread-139379#
[PollExecuteTaskStatusExecution] 5fd8dc3c-33ed-4c50-a49f-c9bca4b4cad1 [2026-09-21T12:04:34.459563] 2 modified or added files are scheduled for deploy based on delta detection (STDOUT, APP/TASK/deploy)#
#2026 09 21 12:05:06.747#Z#DEBUG#6a48e96a-b5b4-11f1-b631-eeee0a9b49e1.backend-db-deployer#flowable-async-job-executor-thread-139379#
[PollExecuteTaskStatusExecution] 5fd8dc3c-33ed-4c50-a49f-c9bca4b4cad1 [2026-09-21T12:04:34.459584] 0 deleted files are scheduled for undeploy based on delta detection (filtered by undeploy allowlist) (STDOUT, APP/TASK/deploy)#
#2026 09 21 12:05:06.747#Z#DEBUG#6a48e96a-b5b4-11f1-b631-eeee0a9b49e1.backend-db-deployer#flowable-async-job-executor-thread-139379#
[PollExecuteTaskStatusExecution] 5fd8dc3c-33ed-4c50-a49f-c9bca4b4cad1 [2026-09-21T12:04:34.459784] 0 files are scheduled for deploy based on explicit specification (STDOUT, APP/TASK/deploy)#
#2026 09 21 12:05:06.747#Z#DEBUG#6a48e96a-b5b4-11f1-b631-eeee0a9b49e1.backend-db-deployer#flowable-async-job-executor-thread-139379#
[PollExecuteTaskStatusExecution] 5fd8dc3c-33ed-4c50-a49f-c9bca4b4cad1 [2026-09-21T12:04:34.459811] 0 files are scheduled for undeploy based on explicit specification (STDOUT, APP/TASK/deploy)#
#2026 09 21 12:05:06.747#Z#DEBUG#6a48e96a-b5b4-11f1-b631-eeee0a9b49e1.backend-db-deployer#flowable-async-job-executor-thread-139379#
[PollExecuteTaskStatusExecution] 5fd8dc3c-33ed-4c50-a49f-c9bca4b4cad1 [2026-09-21T12:04:34.459849] Deploying to the container "4E190AF9079C4FEE882C6D641C13F720"... (STDOUT, APP/TASK/deploy)#
#2026 09 21 12:05:06.747#Z#DEBUG#6a48e96a-b5b4-11f1-b631-eeee0a9b49e1.backend-db-deployer#flowable-async-job-executor-thread-139379#
[PollExecuteTaskStatusExecution] 5fd8dc3c-33ed-4c50-a49f-c9bca4b4cad1 [2026-09-21T12:04:34.900798] Starting make in the container "4E190AF9079C4FEE882C6D641C13F720" with 2 files to deploy, 0 files to undeploy... (STDOUT, APP/TASK/deploy)#
#2026 09 21 12:05:06.747#Z#DEBUG#6a48e96a-b5b4-11f1-b631-eeee0a9b49e1.backend-db-deployer#flowable-async-job-executor-thread-139379#
[PollExecuteTaskStatusExecution] 5fd8dc3c-33ed-4c50-a49f-c9bca4b4cad1 [2026-09-21T12:04:34.900829] Disabling table replication for the container schema "4E190AF9079C4FEE882C6D641C13F720"... (STDOUT, APP/TASK/deploy)#
#2026 09 21 12:05:06.747#Z#DEBUG#6a48e96a-b5b4-11f1-b631-eeee0a9b49e1.backend-db-deployer#flowable-async-job-executor-thread-139379#
[PollExecuteTaskStatusExecution] 5fd8dc3c-33ed-4c50-a49f-c9bca4b4cad1 [2026-09-21T12:04:34.900839] Disabling table replication for the container schema "4E190AF9079C4FEE882C6D641C13F720"... ok (0s 15ms) (STDOUT, APP/TASK/deploy)#
#2026 09 21 12:05:06.747#Z#DEBUG#6a48e96a-b5b4-11f1-b631-eeee0a9b49e1.backend-db-deployer#flowable-async-job-executor-thread-139379#
[PollExecuteTaskStatusExecution] 5fd8dc3c-33ed-4c50-a49f-c9bca4b4cad1 [2026-09-21T12:04:34.901] Migrating libraries... (STDOUT, APP/TASK/deploy)#
#2026 09 21 12:05:06.747#Z#DEBUG#6a48e96a-b5b4-11f1-b631-eeee0a9b49e1.backend-db-deployer#flowable-async-job-executor-thread-139379#
[PollExecuteTaskStatusExecution] 5fd8dc3c-33ed-4c50-a49f-c9bca4b4cad1 [2026-09-21T12:04:34.901017] Migrating libraries... ok (0s 16ms) (STDOUT, APP/TASK/deploy)#
#2026 09 21 12:05:06.747#Z#DEBUG#6a48e96a-b5b4-11f1-b631-eeee0a9b49e1.backend-db-deployer#flowable-async-job-executor-thread-139379#
[PollExecuteTaskStatusExecution] 5fd8dc3c-33ed-4c50-a49f-c9bca4b4cad1 [2026-09-21T12:04:34.901124] Making... (STDOUT, APP/TASK/deploy)#
#2026 09 21 12:05:06.747#Z#DEBUG#6a48e96a-b5b4-11f1-b631-eeee0a9b49e1.backend-db-deployer#flowable-async-job-executor-thread-139379#
[PollExecuteTaskStatusExecution] 5fd8dc3c-33ed-4c50-a49f-c9bca4b4cad1 [2026-09-21T12:04:34.901136] Preparing... (STDOUT, APP/TASK/deploy)#
#2026 09 21 12:05:06.747#Z#DEBUG#6a48e96a-b5b4-11f1-b631-eeee0a9b49e1.backend-db-deployer#flowable-async-job-executor-thread-139379#
[PollExecuteTaskStatusExecution] 5fd8dc3c-33ed-4c50-a49f-c9bca4b4cad1 [2026-09-21T12:04:34.901140] Preparing the make transaction... (STDOUT, APP/TASK/deploy)#
#2026 09 21 12:05:06.747#Z#DEBUG#6a48e96a-b5b4-11f1-b631-eeee0a9b49e1.backend-db-deployer#flowable-async-job-executor-thread-139379#
[PollExecuteTaskStatusExecution] 5fd8dc3c-33ed-4c50-a49f-c9bca4b4cad1 [2026-09-21T12:04:34.901143] Adding "src/gen/data/my.bookshop-Books.csv" for deploy... (STDOUT, APP/TASK/deploy)#
#2026 09 21 12:05:06.747#Z#DEBUG#6a48e96a-b5b4-11f1-b631-eeee0a9b49e1.backend-db-deployer#flowable-async-job-executor-thread-139379#
[PollExecuteTaskStatusExecution] 5fd8dc3c-33ed-4c50-a49f-c9bca4b4cad1 [2026-09-21T12:04:34.901146] Preparing the make transaction... ok (0s 27ms) (STDOUT, APP/TASK/deploy)#
#2026 09 21 12:05:06.747#Z#DEBUG#6a48e96a-b5b4-11f1-b631-eeee0a9b49e1.backend-db-deployer#flowable-async-job-executor-thread-139379#
[PollExecuteTaskStatusExecution] 5fd8dc3c-33ed-4c50-a49f-c9bca4b4cad1 [2026-09-21T12:04:34.901156] Adding "src/gen/data/my.bookshop-Books.csv" for deploy... ok (0s 18ms) (STDOUT, APP/TASK/deploy)#
#2026 09 21 12:05:06.747#Z#DEBUG#6a48e96a-b5b4-11f1-b631-eeee0a9b49e1.backend-db-deployer#flowable-async-job-executor-thread-139379#
[PollExecuteTaskStatusExecution] 5fd8dc3c-33ed-4c50-a49f-c9bca4b4cad1 [2026-09-21T12:04:34.901167] Adding "src/gen/data/my.bookshop-Books.hdbtabledata" for deploy... (STDOUT, APP/TASK/deploy)#
#2026 09 21 12:05:06.747#Z#DEBUG#6a48e96a-b5b4-11f1-b631-eeee0a9b49e1.backend-db-deployer#flowable-async-job-executor-thread-139379#
[PollExecuteTaskStatusExecution] 5fd8dc3c-33ed-4c50-a49f-c9bca4b4cad1 [2026-09-21T12:04:34.901170] Adding "src/gen/data/my.bookshop-Books.hdbtabledata" for deploy... ok (0s 0ms) (STDOUT, APP/TASK/deploy)#
#2026 09 21 12:05:06.747#Z#DEBUG#6a48e96a-b5b4-11f1-b631-eeee0a9b49e1.backend-db-deployer#flowable-async-job-executor-thread-139379#
[PollExecuteTaskStatusExecution] 5fd8dc3c-33ed-4c50-a49f-c9bca4b4cad1 [2026-09-21T12:04:34.901172] Preparing... ok (0s 72ms) (STDOUT, APP/TASK/deploy)#
#2026 09 21 12:05:06.747#Z#DEBUG#6a48e96a-b5b4-11f1-b631-eeee0a9b49e1.backend-db-deployer#flowable-async-job-executor-thread-139379#
[PollExecuteTaskStatusExecution] 5fd8dc3c-33ed-4c50-a49f-c9bca4b4cad1 [2026-09-21T12:04:34.901183] Calculating dependencies... (STDOUT, APP/TASK/deploy)#
#2026 09 21 12:05:06.747#Z#DEBUG#6a48e96a-b5b4-11f1-b631-eeee0a9b49e1.backend-db-deployer#flowable-async-job-executor-thread-139379#
[PollExecuteTaskStatusExecution] 5fd8dc3c-33ed-4c50-a49f-c9bca4b4cad1 [2026-09-21T12:04:34.901187] Expanding... (STDOUT, APP/TASK/deploy)#
#2026 09 21 12:05:06.747#Z#DEBUG#6a48e96a-b5b4-11f1-b631-eeee0a9b49e1.backend-db-deployer#flowable-async-job-executor-thread-139379#
[PollExecuteTaskStatusExecution] 5fd8dc3c-33ed-4c50-a49f-c9bca4b4cad1 [2026-09-21T12:04:34.901189] Expanding "src/gen/data/my.bookshop-Books.hdbtabledata"... (STDOUT, APP/TASK/deploy)#
#2026 09 21 12:05:06.747#Z#DEBUG#6a48e96a-b5b4-11f1-b631-eeee0a9b49e1.backend-db-deployer#flowable-async-job-executor-thread-139379#
[PollExecuteTaskStatusExecution] 5fd8dc3c-33ed-4c50-a49f-c9bca4b4cad1 [2026-09-21T12:04:34.901191] Expanding "src/gen/data/my.bookshop-Books.hdbtabledata"... ok (0s 1ms) (STDOUT, APP/TASK/deploy)#
#2026 09 21 12:05:06.747#Z#DEBUG#6a48e96a-b5b4-11f1-b631-eeee0a9b49e1.backend-db-deployer#flowable-async-job-executor-thread-139379#
[PollExecuteTaskStatusExecution] 5fd8dc3c-33ed-4c50-a49f-c9bca4b4cad1 [2026-09-21T12:04:34.901193] Expanding... ok (0s 19ms) (STDOUT, APP/TASK/deploy)#
#2026 09 21 12:05:06.747#Z#DEBUG#6a48e96a-b5b4-11f1-b631-eeee0a9b49e1.backend-db-deployer#flowable-async-job-executor-thread-139379#
[PollExecuteTaskStatusExecution] 5fd8dc3c-33ed-4c50-a49f-c9bca4b4cad1 [2026-09-21T12:04:34.901195] Precompiling... (STDOUT, APP/TASK/deploy)#
#2026 09 21 12:05:06.747#Z#DEBUG#6a48e96a-b5b4-11f1-b631-eeee0a9b49e1.backend-db-deployer#flowable-async-job-executor-thread-139379#
[PollExecuteTaskStatusExecution] 5fd8dc3c-33ed-4c50-a49f-c9bca4b4cad1 [2026-09-21T12:04:34.901197] Precompiling "src/gen/data/my.bookshop-Books.csv"... (STDOUT, APP/TASK/deploy)#
#2026 09 21 12:05:06.747#Z#DEBUG#6a48e96a-b5b4-11f1-b631-eeee0a9b49e1.backend-db-deployer#flowable-async-job-executor-thread-139379#
[PollExecuteTaskStatusExecution] 5fd8dc3c-33ed-4c50-a49f-c9bca4b4cad1 [2026-09-21T12:04:34.901208] Precompiling "src/gen/data/my.bookshop-Books.csv"... ok (0s 2ms) (STDOUT, APP/TASK/deploy)#
#2026 09 21 12:05:06.747#Z#DEBUG#6a48e96a-b5b4-11f1-b631-eeee0a9b49e1.backend-db-deployer#flowable-async-job-executor-thread-139379#
[PollExecuteTaskStatusExecution] 5fd8dc3c-33ed-4c50-a49f-c9bca4b4cad1 [2026-09-21T12:04:34.901210] Precompiling "src/gen/data/my.bookshop-Books.hdbtabledata"... (STDOUT, APP/TASK/deploy)#
#2026 09 21 12:05:06.747#Z#DEBUG#6a48e96a-b5b4-11f1-b631-eeee0a9b49e1.backend-db-deployer#flowable-async-job-executor-thread-139379#
[PollExecuteTaskStatusExecution] 5fd8dc3c-33ed-4c50-a49f-c9bca4b4cad1 [2026-09-21T12:04:34.901212] Precompiling "src/gen/data/my.bookshop-Books.hdbtabledata"... ok (0s 0ms) (STDOUT, APP/TASK/deploy)#
#2026 09 21 12:05:06.747#Z#DEBUG#6a48e96a-b5b4-11f1-b631-eeee0a9b49e1.backend-db-deployer#flowable-async-job-executor-thread-139379#
[PollExecuteTaskStatusExecution] 5fd8dc3c-33ed-4c50-a49f-c9bca4b4cad1 [2026-09-21T12:04:34.901215] Precompiling "src/gen/data/my.bookshop-Books.hdbtabledata$0.expand"... (STDOUT, APP/TASK/deploy)#
#2026 09 21 12:05:06.747#Z#DEBUG#6a48e96a-b5b4-11f1-b631-eeee0a9b49e1.backend-db-deployer#flowable-async-job-executor-thread-139379#
[PollExecuteTaskStatusExecution] 5fd8dc3c-33ed-4c50-a49f-c9bca4b4cad1 [2026-09-21T12:04:34.901218] Expanded from "src/gen/data/my.bookshop-Books.hdbtabledata" (STDOUT, APP/TASK/deploy)#
#2026 09 21 12:05:06.747#Z#DEBUG#6a48e96a-b5b4-11f1-b631-eeee0a9b49e1.backend-db-deployer#flowable-async-job-executor-thread-139379#
[PollExecuteTaskStatusExecution] 5fd8dc3c-33ed-4c50-a49f-c9bca4b4cad1 [2026-09-21T12:04:34.901220] Precompiling "src/gen/data/my.bookshop-Books.hdbtabledata$0.expand"... ok (0s 0ms) (STDOUT, APP/TASK/deploy)#
#2026 09 21 12:05:06.747#Z#DEBUG#6a48e96a-b5b4-11f1-b631-eeee0a9b49e1.backend-db-deployer#flowable-async-job-executor-thread-139379#
[PollExecuteTaskStatusExecution] 5fd8dc3c-33ed-4c50-a49f-c9bca4b4cad1 [2026-09-21T12:04:34.901347] Precompiling... ok (0s 20ms) (STDOUT, APP/TASK/deploy)#
#2026 09 21 12:05:06.747#Z#DEBUG#6a48e96a-b5b4-11f1-b631-eeee0a9b49e1.backend-db-deployer#flowable-async-job-executor-thread-139379#
[PollExecuteTaskStatusExecution] 5fd8dc3c-33ed-4c50-a49f-c9bca4b4cad1 [2026-09-21T12:04:34.901390] Merging... (STDOUT, APP/TASK/deploy)#
#2026 09 21 12:05:06.747#Z#DEBUG#6a48e96a-b5b4-11f1-b631-eeee0a9b49e1.backend-db-deployer#flowable-async-job-executor-thread-139379#
[PollExecuteTaskStatusExecution] 5fd8dc3c-33ed-4c50-a49f-c9bca4b4cad1 [2026-09-21T12:04:34.901394] Merging... ok (0s 5ms) (STDOUT, APP/TASK/deploy)#
#2026 09 21 12:05:06.747#Z#DEBUG#6a48e96a-b5b4-11f1-b631-eeee0a9b49e1.backend-db-deployer#flowable-async-job-executor-thread-139379#
[PollExecuteTaskStatusExecution] 5fd8dc3c-33ed-4c50-a49f-c9bca4b4cad1 [2026-09-21T12:04:34.901399] Calculating dependencies... ok (0s 44ms) (STDOUT, APP/TASK/deploy)#
#2026 09 21 12:05:06.747#Z#DEBUG#6a48e96a-b5b4-11f1-b631-eeee0a9b49e1.backend-db-deployer#flowable-async-job-executor-thread-139379#
[PollExecuteTaskStatusExecution] 5fd8dc3c-33ed-4c50-a49f-c9bca4b4cad1 [2026-09-21T12:04:34.901424] Processing work list... (STDOUT, APP/TASK/deploy)#
#2026 09 21 12:05:06.747#Z#DEBUG#6a48e96a-b5b4-11f1-b631-eeee0a9b49e1.backend-db-deployer#flowable-async-job-executor-thread-139379#
[PollExecuteTaskStatusExecution] 5fd8dc3c-33ed-4c50-a49f-c9bca4b4cad1 [2026-09-21T12:04:34.901486] Deploying "src/gen/data/my.bookshop-Books.csv"... (STDOUT, APP/TASK/deploy)#
#2026 09 21 12:05:06.747#Z#DEBUG#6a48e96a-b5b4-11f1-b631-eeee0a9b49e1.backend-db-deployer#flowable-async-job-executor-thread-139379#
[PollExecuteTaskStatusExecution] 5fd8dc3c-33ed-4c50-a49f-c9bca4b4cad1 [2026-09-21T12:04:34.901500] Deploying "src/gen/data/my.bookshop-Books.hdbtabledata"... (STDOUT, APP/TASK/deploy)#
#2026 09 21 12:05:06.747#Z#DEBUG#6a48e96a-b5b4-11f1-b631-eeee0a9b49e1.backend-db-deployer#flowable-async-job-executor-thread-139379#
[PollExecuteTaskStatusExecution] 5fd8dc3c-33ed-4c50-a49f-c9bca4b4cad1 [2026-09-21T12:04:34.901506] Deploying "src/gen/data/my.bookshop-Books.hdbtabledata"... ok (0s 0ms) (STDOUT, APP/TASK/deploy)#
#2026 09 21 12:05:06.747#Z#DEBUG#6a48e96a-b5b4-11f1-b631-eeee0a9b49e1.backend-db-deployer#flowable-async-job-executor-thread-139379#
[PollExecuteTaskStatusExecution] 5fd8dc3c-33ed-4c50-a49f-c9bca4b4cad1 [2026-09-21T12:04:34.901520] Deploying "src/gen/data/my.bookshop-Books.csv"... ok (0s 4ms) (STDOUT, APP/TASK/deploy)#
#2026 09 21 12:05:06.747#Z#DEBUG#6a48e96a-b5b4-11f1-b631-eeee0a9b49e1.backend-db-deployer#flowable-async-job-executor-thread-139379#
[PollExecuteTaskStatusExecution] 5fd8dc3c-33ed-4c50-a49f-c9bca4b4cad1 [2026-09-21T12:04:34.901523] Deploying "src/gen/data/my.bookshop-Books.hdbtabledata$0.expand"... (STDOUT, APP/TASK/deploy)#
#2026 09 21 12:05:06.747#Z#DEBUG#6a48e96a-b5b4-11f1-b631-eeee0a9b49e1.backend-db-deployer#flowable-async-job-executor-thread-139379#
[PollExecuteTaskStatusExecution] 5fd8dc3c-33ed-4c50-a49f-c9bca4b4cad1 [2026-09-21T12:04:34.901525] Expanded from "src/gen/data/my.bookshop-Books.hdbtabledata" (STDOUT, APP/TASK/deploy)#
#2026 09 21 12:05:06.747#Z#DEBUG#6a48e96a-b5b4-11f1-b631-eeee0a9b49e1.backend-db-deployer#flowable-async-job-executor-thread-139379#
[PollExecuteTaskStatusExecution] 5fd8dc3c-33ed-4c50-a49f-c9bca4b4cad1 [2026-09-21T12:04:34.901588] at "src/gen/data/my.bookshop-Books.hdbtabledata" (14:26,/imports[0]/import_settings) (STDOUT, APP/TASK/deploy)#
#2026 09 21 12:05:06.747#Z#DEBUG#6a48e96a-b5b4-11f1-b631-eeee0a9b49e1.backend-db-deployer#flowable-async-job-executor-thread-139379#
[PollExecuteTaskStatusExecution] 5fd8dc3c-33ed-4c50-a49f-c9bca4b4cad1 [2026-09-21T12:04:34.901591] at "src/gen/data/my.bookshop-Books.hdbtabledata$0.expand" (0:0) (STDOUT, APP/TASK/deploy)#
#2026 09 21 12:05:06.747#Z#DEBUG#6a48e96a-b5b4-11f1-b631-eeee0a9b49e1.backend-db-deployer#flowable-async-job-executor-thread-139379#
[PollExecuteTaskStatusExecution] 5fd8dc3c-33ed-4c50-a49f-c9bca4b4cad1 [2026-09-21T12:04:34.901686] Error: com.sap.hana.di.tabledata: The "include_filter" definitions match with 1 records that already exist in the "MY_BOOKSHOP_BOOKS" table [8251521] (STDERR, APP/TASK/deploy)#
#2026 09 21 12:05:06.747#Z#DEBUG#6a48e96a-b5b4-11f1-b631-eeee0a9b49e1.backend-db-deployer#flowable-async-job-executor-thread-139379#
[PollExecuteTaskStatusExecution] 5fd8dc3c-33ed-4c50-a49f-c9bca4b4cad1 [2026-09-21T12:04:34.901703] Error: com.sap.hana.di.tabledata: Deploying "src/gen/data/my.bookshop-Books.hdbtabledata$0.expand"... failed [8212145] (STDERR, APP/TASK/deploy)#
#2026 09 21 12:05:06.747#Z#DEBUG#6a48e96a-b5b4-11f1-b631-eeee0a9b49e1.backend-db-deployer#flowable-async-job-executor-thread-139379#
[PollExecuteTaskStatusExecution] 5fd8dc3c-33ed-4c50-a49f-c9bca4b4cad1 [2026-09-21T12:04:34.901706] Error: Worker 3 has encountered an error; all remaining jobs will be canceled [8214600] (STDERR, APP/TASK/deploy)#
#2026 09 21 12:05:06.747#Z#DEBUG#6a48e96a-b5b4-11f1-b631-eeee0a9b49e1.backend-db-deployer#flowable-async-job-executor-thread-139379#
[PollExecuteTaskStatusExecution] 5fd8dc3c-33ed-4c50-a49f-c9bca4b4cad1 [2026-09-21T12:04:34.901709] Error: Processing work list... failed [8212102] (STDERR, APP/TASK/deploy)#
#2026 09 21 12:05:06.747#Z#DEBUG#6a48e96a-b5b4-11f1-b631-eeee0a9b49e1.backend-db-deployer#flowable-async-job-executor-thread-139379#
[PollExecuteTaskStatusExecution] 5fd8dc3c-33ed-4c50-a49f-c9bca4b4cad1 [2026-09-21T12:04:34.901727] Error: Making... failed [8211605] (STDERR, APP/TASK/deploy)#
#2026 09 21 12:05:06.747#Z#DEBUG#6a48e96a-b5b4-11f1-b631-eeee0a9b49e1.backend-db-deployer#flowable-async-job-executor-thread-139379#
[PollExecuteTaskStatusExecution] 5fd8dc3c-33ed-4c50-a49f-c9bca4b4cad1 [2026-09-21T12:04:34.901731] Error: Starting make in the container "4E190AF9079C4FEE882C6D641C13F720" with 2 files to deploy, 0 files to undeploy... failed [8214168] (STDERR, APP/TASK/deploy)#
#2026 09 21 12:05:06.747#Z#DEBUG#6a48e96a-b5b4-11f1-b631-eeee0a9b49e1.backend-db-deployer#flowable-async-job-executor-thread-139379#
[PollExecuteTaskStatusExecution] 5fd8dc3c-33ed-4c50-a49f-c9bca4b4cad1 [2026-09-21T12:04:34.902382] Deployment to container 4E190AF9079C4FEE882C6D641C13F720 failed - error: HDI make failed [Deployment ID: none]. (STDERR, APP/TASK/deploy)#
#2026 09 21 12:05:06.747#Z#DEBUG#6a48e96a-b5b4-11f1-b631-eeee0a9b49e1.backend-db-deployer#flowable-async-job-executor-thread-139379#
[PollExecuteTaskStatusExecution] 5fd8dc3c-33ed-4c50-a49f-c9bca4b4cad1 [2026-09-21T12:04:34.902384] Make failed (5 errors, 0 warnings): tried to deploy 2 files, undeploy 0 files, redeploy 1 dependent files (STDOUT, APP/TASK/deploy)#
#2026 09 21 12:05:06.747#Z#DEBUG#6a48e96a-b5b4-11f1-b631-eeee0a9b49e1.backend-db-deployer#flowable-async-job-executor-thread-139379#
[PollExecuteTaskStatusExecution] 5fd8dc3c-33ed-4c50-a49f-c9bca4b4cad1 [2026-09-21T12:04:34.902944] Deployment ended at 2026-09-21 12:04:34 (STDOUT, APP/TASK/deploy)#
#2026 09 21 12:05:06.747#Z#DEBUG#6a48e96a-b5b4-11f1-b631-eeee0a9b49e1.backend-db-deployer#flowable-async-job-executor-thread-139379#
[PollExecuteTaskStatusExecution] 5fd8dc3c-33ed-4c50-a49f-c9bca4b4cad1 [2026-09-21T12:04:34.902972] Error: HDI make failed (STDERR, APP/TASK/deploy)#
#2026 09 21 12:05:06.747#Z#DEBUG#6a48e96a-b5b4-11f1-b631-eeee0a9b49e1.backend-db-deployer#flowable-async-job-executor-thread-139379#
[PollExecuteTaskStatusExecution] 5fd8dc3c-33ed-4c50-a49f-c9bca4b4cad1 [2026-09-21T12:04:34.903517] (1s 912ms) (STDOUT, APP/TASK/deploy)#
#2026 09 21 12:05:06.747#Z#DEBUG#6a48e96a-b5b4-11f1-b631-eeee0a9b49e1.backend-db-deployer#flowable-async-job-executor-thread-139379#
[PollExecuteTaskStatusExecution] 5fd8dc3c-33ed-4c50-a49f-c9bca4b4cad1 [2026-09-21T12:04:34.921964] npm notice (STDERR, APP/TASK/deploy)#
#2026 09 21 12:05:06.747#Z#DEBUG#6a48e96a-b5b4-11f1-b631-eeee0a9b49e1.backend-db-deployer#flowable-async-job-executor-thread-139379#
[PollExecuteTaskStatusExecution] 5fd8dc3c-33ed-4c50-a49f-c9bca4b4cad1 [2026-09-21T12:04:34.921999] npm notice New major version of npm available! 11.17.0 -> 12.0.2 (STDERR, APP/TASK/deploy)#
#2026 09 21 12:05:06.747#Z#DEBUG#6a48e96a-b5b4-11f1-b631-eeee0a9b49e1.backend-db-deployer#flowable-async-job-executor-thread-139379#
[PollExecuteTaskStatusExecution] 5fd8dc3c-33ed-4c50-a49f-c9bca4b4cad1 [2026-09-21T12:04:34.922004] npm notice Changelog: https://github.com/npm/cli/releases/tag/v12.0.2 (STDERR, APP/TASK/deploy)#
#2026 09 21 12:05:06.747#Z#DEBUG#6a48e96a-b5b4-11f1-b631-eeee0a9b49e1.backend-db-deployer#flowable-async-job-executor-thread-139379#
[PollExecuteTaskStatusExecution] 5fd8dc3c-33ed-4c50-a49f-c9bca4b4cad1 [2026-09-21T12:04:34.922007] npm notice To update run: npm install -g npm@12.0.2 (STDERR, APP/TASK/deploy)#
#2026 09 21 12:05:06.747#Z#DEBUG#6a48e96a-b5b4-11f1-b631-eeee0a9b49e1.backend-db-deployer#flowable-async-job-executor-thread-139379#
[PollExecuteTaskStatusExecution] 5fd8dc3c-33ed-4c50-a49f-c9bca4b4cad1 [2026-09-21T12:04:34.922010] npm notice (STDERR, APP/TASK/deploy)#
#2026 09 21 12:05:06.747#Z#DEBUG#6a48e96a-b5b4-11f1-b631-eeee0a9b49e1.backend-db-deployer#flowable-async-job-executor-thread-139379#
[PollExecuteTaskStatusExecution] 5fd8dc3c-33ed-4c50-a49f-c9bca4b4cad1 [2026-09-21T12:04:34.994794] Exit status 1 (STDOUT, APP/TASK/deploy)#
#2026 09 21 12:05:06.747#Z#DEBUG#6a48e96a-b5b4-11f1-b631-eeee0a9b49e1.backend-db-deployer#flowable-async-job-executor-thread-139379#
[PollExecuteTaskStatusExecution] 5fd8dc3c-33ed-4c50-a49f-c9bca4b4cad1 [2026-09-21T12:04:36.766745] Cell 684caff8-89cd-492b-be01-b3d0835f1763 stopping instance b2a85a8f-f280-47bb-9b35-4d615ca66496 (STDOUT, CELL)#
#2026 09 21 12:05:06.747#Z#DEBUG#6a48e96a-b5b4-11f1-b631-eeee0a9b49e1.backend-db-deployer#flowable-async-job-executor-thread-139379#
[PollExecuteTaskStatusExecution] 5fd8dc3c-33ed-4c50-a49f-c9bca4b4cad1 [2026-09-21T12:04:36.766786] Cell 684caff8-89cd-492b-be01-b3d0835f1763 destroying container for instance b2a85a8f-f280-47bb-9b35-4d615ca66496 (STDOUT, CELL)#
#2026 09 21 12:05:06.747#Z#DEBUG#6a48e96a-b5b4-11f1-b631-eeee0a9b49e1.backend-db-deployer#flowable-async-job-executor-thread-139379#
[PollExecuteTaskStatusExecution] 5fd8dc3c-33ed-4c50-a49f-c9bca4b4cad1 [2026-09-21T12:04:38.980151] Cell 684caff8-89cd-492b-be01-b3d0835f1763 successfully destroyed container for instance b2a85a8f-f280-47bb-9b35-4d615ca66496 (STDOUT, CELL)#
#2026 09 21 12:05:06.747#Z#DEBUG#6a48e96a-b5b4-11f1-b631-eeee0a9b49e1.backend-db-deployer#flowable-async-job-executor-thread-139379#
[PollExecuteTaskStatusExecution] 5fd8dc3c-33ed-4c50-a49f-c9bca4b4cad1 [2026-09-21T12:04:46.467293] Cell c839c7b1-088e-41af-b9b7-66256aacd457 creating container for instance 54c9c7e5-b7e1-477a-b3a7-1377c4f93219 (STDOUT, CELL)#
#2026 09 21 12:05:06.747#Z#DEBUG#6a48e96a-b5b4-11f1-b631-eeee0a9b49e1.backend-db-deployer#flowable-async-job-executor-thread-139379#
[PollExecuteTaskStatusExecution] 5fd8dc3c-33ed-4c50-a49f-c9bca4b4cad1 [2026-09-21T12:04:47.012344] Security group rules were updated (STDOUT, CELL)#
#2026 09 21 12:05:06.747#Z#DEBUG#6a48e96a-b5b4-11f1-b631-eeee0a9b49e1.backend-db-deployer#flowable-async-job-executor-thread-139379#
[PollExecuteTaskStatusExecution] 5fd8dc3c-33ed-4c50-a49f-c9bca4b4cad1 [2026-09-21T12:04:47.049579] Cell c839c7b1-088e-41af-b9b7-66256aacd457 successfully created container for instance 54c9c7e5-b7e1-477a-b3a7-1377c4f93219 (STDOUT, CELL)#
#2026 09 21 12:05:06.747#Z#DEBUG#6a48e96a-b5b4-11f1-b631-eeee0a9b49e1.backend-db-deployer#flowable-async-job-executor-thread-139379#
[PollExecuteTaskStatusExecution] 5fd8dc3c-33ed-4c50-a49f-c9bca4b4cad1 [2026-09-21T12:04:51.373413] Invoking pre-start scripts. (STDOUT, APP/TASK/deploy)#
#2026 09 21 12:05:06.747#Z#DEBUG#6a48e96a-b5b4-11f1-b631-eeee0a9b49e1.backend-db-deployer#flowable-async-job-executor-thread-139379#
[PollExecuteTaskStatusExecution] 5fd8dc3c-33ed-4c50-a49f-c9bca4b4cad1 [2026-09-21T12:04:51.588300] Invoking start command. (STDOUT, APP/TASK/deploy)#
#2026 09 21 12:05:06.747#Z#DEBUG#6a48e96a-b5b4-11f1-b631-eeee0a9b49e1.backend-db-deployer#flowable-async-job-executor-thread-139379#
[PollExecuteTaskStatusExecution] 5fd8dc3c-33ed-4c50-a49f-c9bca4b4cad1 [2026-09-21T12:04:52.059293] > start (STDOUT, APP/TASK/deploy)#
#2026 09 21 12:05:06.747#Z#DEBUG#6a48e96a-b5b4-11f1-b631-eeee0a9b49e1.backend-db-deployer#flowable-async-job-executor-thread-139379#
[PollExecuteTaskStatusExecution] 5fd8dc3c-33ed-4c50-a49f-c9bca4b4cad1 [2026-09-21T12:04:52.059324] > node node_modules/@sap/hdi-deploy/deploy.js --use-hdb --parameter com.sap.hana.di.table/try_fast_table_migration=true (STDOUT, APP/TASK/deploy)#
#2026 09 21 12:05:06.747#Z#DEBUG#6a48e96a-b5b4-11f1-b631-eeee0a9b49e1.backend-db-deployer#flowable-async-job-executor-thread-139379#
[PollExecuteTaskStatusExecution] 5fd8dc3c-33ed-4c50-a49f-c9bca4b4cad1 [2026-09-21T12:04:52.214313] VCAP_SERVICES: (STDOUT, APP/TASK/deploy)#
#2026 09 21 12:05:06.747#Z#DEBUG#6a48e96a-b5b4-11f1-b631-eeee0a9b49e1.backend-db-deployer#flowable-async-job-executor-thread-139379#
[PollExecuteTaskStatusExecution] 5fd8dc3c-33ed-4c50-a49f-c9bca4b4cad1 [2026-09-21T12:04:52.215042] { (STDOUT, APP/TASK/deploy)#
#2026 09 21 12:05:06.747#Z#DEBUG#6a48e96a-b5b4-11f1-b631-eeee0a9b49e1.backend-db-deployer#flowable-async-job-executor-thread-139379#
[PollExecuteTaskStatusExecution] 5fd8dc3c-33ed-4c50-a49f-c9bca4b4cad1 [2026-09-21T12:04:52.215063] "hana": [ (STDOUT, APP/TASK/deploy)#
#2026 09 21 12:05:06.747#Z#DEBUG#6a48e96a-b5b4-11f1-b631-eeee0a9b49e1.backend-db-deployer#flowable-async-job-executor-thread-139379#
[PollExecuteTaskStatusExecution] 5fd8dc3c-33ed-4c50-a49f-c9bca4b4cad1 [2026-09-21T12:04:52.215066] { (STDOUT, APP/TASK/deploy)#
#2026 09 21 12:05:06.747#Z#DEBUG#6a48e96a-b5b4-11f1-b631-eeee0a9b49e1.backend-db-deployer#flowable-async-job-executor-thread-139379#
[PollExecuteTaskStatusExecution] 5fd8dc3c-33ed-4c50-a49f-c9bca4b4cad1 [2026-09-21T12:04:52.215074] "name": "backend-db", (STDOUT, APP/TASK/deploy)#
#2026 09 21 12:05:06.747#Z#DEBUG#6a48e96a-b5b4-11f1-b631-eeee0a9b49e1.backend-db-deployer#flowable-async-job-executor-thread-139379#
[PollExecuteTaskStatusExecution] 5fd8dc3c-33ed-4c50-a49f-c9bca4b4cad1 [2026-09-21T12:04:52.215088] "label": "hana", (STDOUT, APP/TASK/deploy)#
#2026 09 21 12:05:06.747#Z#DEBUG#6a48e96a-b5b4-11f1-b631-eeee0a9b49e1.backend-db-deployer#flowable-async-job-executor-thread-139379#
[PollExecuteTaskStatusExecution] 5fd8dc3c-33ed-4c50-a49f-c9bca4b4cad1 [2026-09-21T12:04:52.215091] "plan": "hdi-shared", (STDOUT, APP/TASK/deploy)#
#2026 09 21 12:05:06.747#Z#DEBUG#6a48e96a-b5b4-11f1-b631-eeee0a9b49e1.backend-db-deployer#flowable-async-job-executor-thread-139379#
[PollExecuteTaskStatusExecution] 5fd8dc3c-33ed-4c50-a49f-c9bca4b4cad1 [2026-09-21T12:04:52.215093] "credentials": { (STDOUT, APP/TASK/deploy)#
#2026 09 21 12:05:06.747#Z#DEBUG#6a48e96a-b5b4-11f1-b631-eeee0a9b49e1.backend-db-deployer#flowable-async-job-executor-thread-139379#
[PollExecuteTaskStatusExecution] 5fd8dc3c-33ed-4c50-a49f-c9bca4b4cad1 [2026-09-21T12:04:52.215097] "schema": "4E190AF9079C4FEE882C6D641C13F720", (STDOUT, APP/TASK/deploy)#
#2026 09 21 12:05:06.747#Z#DEBUG#6a48e96a-b5b4-11f1-b631-eeee0a9b49e1.backend-db-deployer#flowable-async-job-executor-thread-139379#
[PollExecuteTaskStatusExecution] 5fd8dc3c-33ed-4c50-a49f-c9bca4b4cad1 [2026-09-21T12:04:52.215100] "database_id": "527b89d3-da1d-435f-873e-e73c1e06777e", (STDOUT, APP/TASK/deploy)#
#2026 09 21 12:05:06.747#Z#DEBUG#6a48e96a-b5b4-11f1-b631-eeee0a9b49e1.backend-db-deployer#flowable-async-job-executor-thread-139379#
[PollExecuteTaskStatusExecution] 5fd8dc3c-33ed-4c50-a49f-c9bca4b4cad1 [2026-09-21T12:04:52.215103] "user": "4E190AF9079C4FEE882C6D641C13F720_554OCBTO9C3J858HCKJ9FI34Q_RT", (STDOUT, APP/TASK/deploy)#
#2026 09 21 12:05:06.747#Z#DEBUG#6a48e96a-b5b4-11f1-b631-eeee0a9b49e1.backend-db-deployer#flowable-async-job-executor-thread-139379#
[PollExecuteTaskStatusExecution] 5fd8dc3c-33ed-4c50-a49f-c9bca4b4cad1 [2026-09-21T12:04:52.215106] "hdi_user": "4E190AF9079C4FEE882C6D641C13F720_554OCBTO9C3J858HCKJ9FI34Q_DT" (STDOUT, APP/TASK/deploy)#
#2026 09 21 12:05:06.747#Z#DEBUG#6a48e96a-b5b4-11f1-b631-eeee0a9b49e1.backend-db-deployer#flowable-async-job-executor-thread-139379#
[PollExecuteTaskStatusExecution] 5fd8dc3c-33ed-4c50-a49f-c9bca4b4cad1 [2026-09-21T12:04:52.215111] }, (STDOUT, APP/TASK/deploy)#
#2026 09 21 12:05:06.747#Z#DEBUG#6a48e96a-b5b4-11f1-b631-eeee0a9b49e1.backend-db-deployer#flowable-async-job-executor-thread-139379#
[PollExecuteTaskStatusExecution] 5fd8dc3c-33ed-4c50-a49f-c9bca4b4cad1 [2026-09-21T12:04:52.215115] "tags": [ (STDOUT, APP/TASK/deploy)#
#2026 09 21 12:05:06.747#Z#DEBUG#6a48e96a-b5b4-11f1-b631-eeee0a9b49e1.backend-db-deployer#flowable-async-job-executor-thread-139379#
[PollExecuteTaskStatusExecution] 5fd8dc3c-33ed-4c50-a49f-c9bca4b4cad1 [2026-09-21T12:04:52.215117] "hana", (STDOUT, APP/TASK/deploy)#
#2026 09 21 12:05:06.747#Z#DEBUG#6a48e96a-b5b4-11f1-b631-eeee0a9b49e1.backend-db-deployer#flowable-async-job-executor-thread-139379#
[PollExecuteTaskStatusExecution] 5fd8dc3c-33ed-4c50-a49f-c9bca4b4cad1 [2026-09-21T12:04:52.215119] "database", (STDOUT, APP/TASK/deploy)#
#2026 09 21 12:05:06.747#Z#DEBUG#6a48e96a-b5b4-11f1-b631-eeee0a9b49e1.backend-db-deployer#flowable-async-job-executor-thread-139379#
[PollExecuteTaskStatusExecution] 5fd8dc3c-33ed-4c50-a49f-c9bca4b4cad1 [2026-09-21T12:04:52.215121] "relational" (STDOUT, APP/TASK/deploy)#
#2026 09 21 12:05:06.747#Z#DEBUG#6a48e96a-b5b4-11f1-b631-eeee0a9b49e1.backend-db-deployer#flowable-async-job-executor-thread-139379#
[PollExecuteTaskStatusExecution] 5fd8dc3c-33ed-4c50-a49f-c9bca4b4cad1 [2026-09-21T12:04:52.215124] ] (STDOUT, APP/TASK/deploy)#
#2026 09 21 12:05:06.747#Z#DEBUG#6a48e96a-b5b4-11f1-b631-eeee0a9b49e1.backend-db-deployer#flowable-async-job-executor-thread-139379#
[PollExecuteTaskStatusExecution] 5fd8dc3c-33ed-4c50-a49f-c9bca4b4cad1 [2026-09-21T12:04:52.215126] } (STDOUT, APP/TASK/deploy)#
#2026 09 21 12:05:06.747#Z#DEBUG#6a48e96a-b5b4-11f1-b631-eeee0a9b49e1.backend-db-deployer#flowable-async-job-executor-thread-139379#
[PollExecuteTaskStatusExecution] 5fd8dc3c-33ed-4c50-a49f-c9bca4b4cad1 [2026-09-21T12:04:52.215132] ] (STDOUT, APP/TASK/deploy)#
#2026 09 21 12:05:06.747#Z#DEBUG#6a48e96a-b5b4-11f1-b631-eeee0a9b49e1.backend-db-deployer#flowable-async-job-executor-thread-139379#
[PollExecuteTaskStatusExecution] 5fd8dc3c-33ed-4c50-a49f-c9bca4b4cad1 [2026-09-21T12:04:52.215134] } (STDOUT, APP/TASK/deploy)#
#2026 09 21 12:05:06.747#Z#DEBUG#6a48e96a-b5b4-11f1-b631-eeee0a9b49e1.backend-db-deployer#flowable-async-job-executor-thread-139379#
[PollExecuteTaskStatusExecution] 5fd8dc3c-33ed-4c50-a49f-c9bca4b4cad1 [2026-09-21T12:04:52.657577] @sap/hdi-deploy, version 5.7.0 (mode default), server version 4.00.000.00.1788856605 (4.0.0.0), cloud version 2026.14.19, node version 24.19.0, HDI version 1016, container API version 1007 (STDOUT, APP/TASK/deploy)#
#2026 09 21 12:05:06.747#Z#DEBUG#6a48e96a-b5b4-11f1-b631-eeee0a9b49e1.backend-db-deployer#flowable-async-job-executor-thread-139379#
[PollExecuteTaskStatusExecution] 5fd8dc3c-33ed-4c50-a49f-c9bca4b4cad1 [2026-09-21T12:04:52.657623] Deployment started at 2026-09-21 12:04:52 (STDOUT, APP/TASK/deploy)#
#2026 09 21 12:05:06.747#Z#DEBUG#6a48e96a-b5b4-11f1-b631-eeee0a9b49e1.backend-db-deployer#flowable-async-job-executor-thread-139379#
[PollExecuteTaskStatusExecution] 5fd8dc3c-33ed-4c50-a49f-c9bca4b4cad1 [2026-09-21T12:04:52.658742] Using hdb@2.29.6 for connection (STDOUT, APP/TASK/deploy)#
#2026 09 21 12:05:06.747#Z#DEBUG#6a48e96a-b5b4-11f1-b631-eeee0a9b49e1.backend-db-deployer#flowable-async-job-executor-thread-139379#
[PollExecuteTaskStatusExecution] 5fd8dc3c-33ed-4c50-a49f-c9bca4b4cad1 [2026-09-21T12:04:52.681073] No ignore file at /home/vcap/app/.hdiignore. (STDOUT, APP/TASK/deploy)#
#2026 09 21 12:05:06.747#Z#DEBUG#6a48e96a-b5b4-11f1-b631-eeee0a9b49e1.backend-db-deployer#flowable-async-job-executor-thread-139379#
[PollExecuteTaskStatusExecution] 5fd8dc3c-33ed-4c50-a49f-c9bca4b4cad1 [2026-09-21T12:04:52.681490] Collecting files... (STDOUT, APP/TASK/deploy)#
#2026 09 21 12:05:06.747#Z#DEBUG#6a48e96a-b5b4-11f1-b631-eeee0a9b49e1.backend-db-deployer#flowable-async-job-executor-thread-139379#
[PollExecuteTaskStatusExecution] 5fd8dc3c-33ed-4c50-a49f-c9bca4b4cad1 [2026-09-21T12:04:52.686488] Collecting files... ok (0s 5ms) (STDOUT, APP/TASK/deploy)#
#2026 09 21 12:05:06.747#Z#DEBUG#6a48e96a-b5b4-11f1-b631-eeee0a9b49e1.backend-db-deployer#flowable-async-job-executor-thread-139379#
[PollExecuteTaskStatusExecution] 5fd8dc3c-33ed-4c50-a49f-c9bca4b4cad1 [2026-09-21T12:04:52.686626] 3 directories collected (STDOUT, APP/TASK/deploy)#
#2026 09 21 12:05:06.747#Z#DEBUG#6a48e96a-b5b4-11f1-b631-eeee0a9b49e1.backend-db-deployer#flowable-async-job-executor-thread-139379#
[PollExecuteTaskStatusExecution] 5fd8dc3c-33ed-4c50-a49f-c9bca4b4cad1 [2026-09-21T12:04:52.686645] 10 files collected (STDOUT, APP/TASK/deploy)#
#2026 09 21 12:05:06.747#Z#DEBUG#6a48e96a-b5b4-11f1-b631-eeee0a9b49e1.backend-db-deployer#flowable-async-job-executor-thread-139379#
[PollExecuteTaskStatusExecution] 5fd8dc3c-33ed-4c50-a49f-c9bca4b4cad1 [2026-09-21T12:04:52.686650] 0 reusable modules collected (STDOUT, APP/TASK/deploy)#
#2026 09 21 12:05:06.747#Z#DEBUG#6a48e96a-b5b4-11f1-b631-eeee0a9b49e1.backend-db-deployer#flowable-async-job-executor-thread-139379#
[PollExecuteTaskStatusExecution] 5fd8dc3c-33ed-4c50-a49f-c9bca4b4cad1 [2026-09-21T12:04:52.686653] Target service: backend-db (STDOUT, APP/TASK/deploy)#
#2026 09 21 12:05:06.747#Z#DEBUG#6a48e96a-b5b4-11f1-b631-eeee0a9b49e1.backend-db-deployer#flowable-async-job-executor-thread-139379#
[PollExecuteTaskStatusExecution] 5fd8dc3c-33ed-4c50-a49f-c9bca4b4cad1 [2026-09-21T12:04:52.856370] Previous build with request ID 87 finished at 2026-09-21T12:04:34.864 with status Canceled and message: Make failed (5 errors, 0 warnings): tried to deploy 2 files, undeploy 0 files, redeploy 1 dependent files. (STDOUT, APP/TASK/deploy)#
#2026 09 21 12:05:06.747#Z#DEBUG#6a48e96a-b5b4-11f1-b631-eeee0a9b49e1.backend-db-deployer#flowable-async-job-executor-thread-139379#
[PollExecuteTaskStatusExecution] 5fd8dc3c-33ed-4c50-a49f-c9bca4b4cad1 [2026-09-21T12:04:52.856514] Processing revoke files... (STDOUT, APP/TASK/deploy)#
#2026 09 21 12:05:06.747#Z#DEBUG#6a48e96a-b5b4-11f1-b631-eeee0a9b49e1.backend-db-deployer#flowable-async-job-executor-thread-139379#
[PollExecuteTaskStatusExecution] 5fd8dc3c-33ed-4c50-a49f-c9bca4b4cad1 [2026-09-21T12:04:52.856599] Processing revoke files... ok (0s 0ms) (STDOUT, APP/TASK/deploy)#
#2026 09 21 12:05:06.747#Z#DEBUG#6a48e96a-b5b4-11f1-b631-eeee0a9b49e1.backend-db-deployer#flowable-async-job-executor-thread-139379#
[PollExecuteTaskStatusExecution] 5fd8dc3c-33ed-4c50-a49f-c9bca4b4cad1 [2026-09-21T12:04:52.856749] Processing grants files... (STDOUT, APP/TASK/deploy)#
#2026 09 21 12:05:06.747#Z#DEBUG#6a48e96a-b5b4-11f1-b631-eeee0a9b49e1.backend-db-deployer#flowable-async-job-executor-thread-139379#
[PollExecuteTaskStatusExecution] 5fd8dc3c-33ed-4c50-a49f-c9bca4b4cad1 [2026-09-21T12:04:52.856937] Processing grants files... ok (0s 0ms) (STDOUT, APP/TASK/deploy)#
#2026 09 21 12:05:06.747#Z#DEBUG#6a48e96a-b5b4-11f1-b631-eeee0a9b49e1.backend-db-deployer#flowable-async-job-executor-thread-139379#
[PollExecuteTaskStatusExecution] 5fd8dc3c-33ed-4c50-a49f-c9bca4b4cad1 [2026-09-21T12:04:52.859834] Preprocessing files... (STDOUT, APP/TASK/deploy)#
#2026 09 21 12:05:06.747#Z#DEBUG#6a48e96a-b5b4-11f1-b631-eeee0a9b49e1.backend-db-deployer#flowable-async-job-executor-thread-139379#
[PollExecuteTaskStatusExecution] 5fd8dc3c-33ed-4c50-a49f-c9bca4b4cad1 [2026-09-21T12:04:52.860081] Preprocessing files... ok (0s 0ms) (STDOUT, APP/TASK/deploy)#
#2026 09 21 12:05:06.747#Z#DEBUG#6a48e96a-b5b4-11f1-b631-eeee0a9b49e1.backend-db-deployer#flowable-async-job-executor-thread-139379#
[PollExecuteTaskStatusExecution] 5fd8dc3c-33ed-4c50-a49f-c9bca4b4cad1 [2026-09-21T12:04:52.860112] Connecting to the container "4E190AF9079C4FEE882C6D641C13F720"... (STDOUT, APP/TASK/deploy)#
#2026 09 21 12:05:06.747#Z#DEBUG#6a48e96a-b5b4-11f1-b631-eeee0a9b49e1.backend-db-deployer#flowable-async-job-executor-thread-139379#
[PollExecuteTaskStatusExecution] 5fd8dc3c-33ed-4c50-a49f-c9bca4b4cad1 [2026-09-21T12:04:52.931911] Connecting to the container "4E190AF9079C4FEE882C6D641C13F720"... ok (0s 72ms) (STDOUT, APP/TASK/deploy)#
#2026 09 21 12:05:06.747#Z#DEBUG#6a48e96a-b5b4-11f1-b631-eeee0a9b49e1.backend-db-deployer#flowable-async-job-executor-thread-139379#
[PollExecuteTaskStatusExecution] 5fd8dc3c-33ed-4c50-a49f-c9bca4b4cad1 [2026-09-21T12:04:52.932158] Locking the container "4E190AF9079C4FEE882C6D641C13F720"... (STDOUT, APP/TASK/deploy)#
#2026 09 21 12:05:06.747#Z#DEBUG#6a48e96a-b5b4-11f1-b631-eeee0a9b49e1.backend-db-deployer#flowable-async-job-executor-thread-139379#
[PollExecuteTaskStatusExecution] 5fd8dc3c-33ed-4c50-a49f-c9bca4b4cad1 [2026-09-21T12:04:53.059250] Locking the container "4E190AF9079C4FEE882C6D641C13F720"... ok (0s 127ms) (STDOUT, APP/TASK/deploy)#
#2026 09 21 12:05:06.747#Z#DEBUG#6a48e96a-b5b4-11f1-b631-eeee0a9b49e1.backend-db-deployer#flowable-async-job-executor-thread-139379#
[PollExecuteTaskStatusExecution] 5fd8dc3c-33ed-4c50-a49f-c9bca4b4cad1 [2026-09-21T12:04:53.059278] Synchronizing files with the container "4E190AF9079C4FEE882C6D641C13F720"... (STDOUT, APP/TASK/deploy)#
#2026 09 21 12:05:06.747#Z#DEBUG#6a48e96a-b5b4-11f1-b631-eeee0a9b49e1.backend-db-deployer#flowable-async-job-executor-thread-139379#
[PollExecuteTaskStatusExecution] 5fd8dc3c-33ed-4c50-a49f-c9bca4b4cad1 [2026-09-21T12:04:53.237716] Deleting files... (STDOUT, APP/TASK/deploy)#
#2026 09 21 12:05:06.747#Z#DEBUG#6a48e96a-b5b4-11f1-b631-eeee0a9b49e1.backend-db-deployer#flowable-async-job-executor-thread-139379#
[PollExecuteTaskStatusExecution] 5fd8dc3c-33ed-4c50-a49f-c9bca4b4cad1 [2026-09-21T12:04:53.359260] Deleting files... ok (STDOUT, APP/TASK/deploy)#
#2026 09 21 12:05:06.748#Z#DEBUG#6a48e96a-b5b4-11f1-b631-eeee0a9b49e1.backend-db-deployer#flowable-async-job-executor-thread-139379#
[PollExecuteTaskStatusExecution] 5fd8dc3c-33ed-4c50-a49f-c9bca4b4cad1 [2026-09-21T12:04:53.359292] Writing files... (STDOUT, APP/TASK/deploy)#
#2026 09 21 12:05:06.748#Z#DEBUG#6a48e96a-b5b4-11f1-b631-eeee0a9b49e1.backend-db-deployer#flowable-async-job-executor-thread-139379#
[PollExecuteTaskStatusExecution] 5fd8dc3c-33ed-4c50-a49f-c9bca4b4cad1 [2026-09-21T12:04:53.359448] Writing 5 items (STDOUT, APP/TASK/deploy)#
#2026 09 21 12:05:06.748#Z#DEBUG#6a48e96a-b5b4-11f1-b631-eeee0a9b49e1.backend-db-deployer#flowable-async-job-executor-thread-139379#
[PollExecuteTaskStatusExecution] 5fd8dc3c-33ed-4c50-a49f-c9bca4b4cad1 [2026-09-21T12:04:53.539376] Writing files... ok (STDOUT, APP/TASK/deploy)#
#2026 09 21 12:05:06.748#Z#DEBUG#6a48e96a-b5b4-11f1-b631-eeee0a9b49e1.backend-db-deployer#flowable-async-job-executor-thread-139379#
[PollExecuteTaskStatusExecution] 5fd8dc3c-33ed-4c50-a49f-c9bca4b4cad1 [2026-09-21T12:04:53.539422] Synchronizing files with the container "4E190AF9079C4FEE882C6D641C13F720"... ok (0s 480ms) (STDOUT, APP/TASK/deploy)#
#2026 09 21 12:05:06.748#Z#DEBUG#6a48e96a-b5b4-11f1-b631-eeee0a9b49e1.backend-db-deployer#flowable-async-job-executor-thread-139379#
[PollExecuteTaskStatusExecution] 5fd8dc3c-33ed-4c50-a49f-c9bca4b4cad1 [2026-09-21T12:04:53.539804] added files: [ (STDOUT, APP/TASK/deploy)#
#2026 09 21 12:05:06.748#Z#DEBUG#6a48e96a-b5b4-11f1-b631-eeee0a9b49e1.backend-db-deployer#flowable-async-job-executor-thread-139379#
[PollExecuteTaskStatusExecution] 5fd8dc3c-33ed-4c50-a49f-c9bca4b4cad1 [2026-09-21T12:04:53.539828] "src/gen/data/my.bookshop-Books.csv", (STDOUT, APP/TASK/deploy)#
#2026 09 21 12:05:06.748#Z#DEBUG#6a48e96a-b5b4-11f1-b631-eeee0a9b49e1.backend-db-deployer#flowable-async-job-executor-thread-139379#
[PollExecuteTaskStatusExecution] 5fd8dc3c-33ed-4c50-a49f-c9bca4b4cad1 [2026-09-21T12:04:53.539831] "src/gen/data/my.bookshop-Books.hdbtabledata" (STDOUT, APP/TASK/deploy)#
#2026 09 21 12:05:06.748#Z#DEBUG#6a48e96a-b5b4-11f1-b631-eeee0a9b49e1.backend-db-deployer#flowable-async-job-executor-thread-139379#
[PollExecuteTaskStatusExecution] 5fd8dc3c-33ed-4c50-a49f-c9bca4b4cad1 [2026-09-21T12:04:53.539833] ] (STDOUT, APP/TASK/deploy)#
#2026 09 21 12:05:06.748#Z#DEBUG#6a48e96a-b5b4-11f1-b631-eeee0a9b49e1.backend-db-deployer#flowable-async-job-executor-thread-139379#
[PollExecuteTaskStatusExecution] 5fd8dc3c-33ed-4c50-a49f-c9bca4b4cad1 [2026-09-21T12:04:53.539852] modified files: [] (STDOUT, APP/TASK/deploy)#
#2026 09 21 12:05:06.748#Z#DEBUG#6a48e96a-b5b4-11f1-b631-eeee0a9b49e1.backend-db-deployer#flowable-async-job-executor-thread-139379#
[PollExecuteTaskStatusExecution] 5fd8dc3c-33ed-4c50-a49f-c9bca4b4cad1 [2026-09-21T12:04:53.539855] deleted files: [] (STDOUT, APP/TASK/deploy)#
#2026 09 21 12:05:06.748#Z#DEBUG#6a48e96a-b5b4-11f1-b631-eeee0a9b49e1.backend-db-deployer#flowable-async-job-executor-thread-139379#
[PollExecuteTaskStatusExecution] 5fd8dc3c-33ed-4c50-a49f-c9bca4b4cad1 [2026-09-21T12:04:53.540068] 2 modified or added files are scheduled for deploy based on delta detection (STDOUT, APP/TASK/deploy)#
#2026 09 21 12:05:06.748#Z#DEBUG#6a48e96a-b5b4-11f1-b631-eeee0a9b49e1.backend-db-deployer#flowable-async-job-executor-thread-139379#
[PollExecuteTaskStatusExecution] 5fd8dc3c-33ed-4c50-a49f-c9bca4b4cad1 [2026-09-21T12:04:53.540231] 0 deleted files are scheduled for undeploy based on delta detection (filtered by undeploy allowlist) (STDOUT, APP/TASK/deploy)#
#2026 09 21 12:05:06.748#Z#DEBUG#6a48e96a-b5b4-11f1-b631-eeee0a9b49e1.backend-db-deployer#flowable-async-job-executor-thread-139379#
[PollExecuteTaskStatusExecution] 5fd8dc3c-33ed-4c50-a49f-c9bca4b4cad1 [2026-09-21T12:04:53.540366] 0 files are scheduled for deploy based on explicit specification (STDOUT, APP/TASK/deploy)#
#2026 09 21 12:05:06.748#Z#DEBUG#6a48e96a-b5b4-11f1-b631-eeee0a9b49e1.backend-db-deployer#flowable-async-job-executor-thread-139379#
[PollExecuteTaskStatusExecution] 5fd8dc3c-33ed-4c50-a49f-c9bca4b4cad1 [2026-09-21T12:04:53.540382] 0 files are scheduled for undeploy based on explicit specification (STDOUT, APP/TASK/deploy)#
#2026 09 21 12:05:06.748#Z#DEBUG#6a48e96a-b5b4-11f1-b631-eeee0a9b49e1.backend-db-deployer#flowable-async-job-executor-thread-139379#
[PollExecuteTaskStatusExecution] 5fd8dc3c-33ed-4c50-a49f-c9bca4b4cad1 [2026-09-21T12:04:53.540511] Deploying to the container "4E190AF9079C4FEE882C6D641C13F720"... (STDOUT, APP/TASK/deploy)#
#2026 09 21 12:05:06.748#Z#DEBUG#6a48e96a-b5b4-11f1-b631-eeee0a9b49e1.backend-db-deployer#flowable-async-job-executor-thread-139379#
[PollExecuteTaskStatusExecution] 5fd8dc3c-33ed-4c50-a49f-c9bca4b4cad1 [2026-09-21T12:04:54.037044] Starting make in the container "4E190AF9079C4FEE882C6D641C13F720" with 2 files to deploy, 0 files to undeploy... (STDOUT, APP/TASK/deploy)#
#2026 09 21 12:05:06.748#Z#DEBUG#6a48e96a-b5b4-11f1-b631-eeee0a9b49e1.backend-db-deployer#flowable-async-job-executor-thread-139379#
[PollExecuteTaskStatusExecution] 5fd8dc3c-33ed-4c50-a49f-c9bca4b4cad1 [2026-09-21T12:04:54.037077] Disabling table replication for the container schema "4E190AF9079C4FEE882C6D641C13F720"... (STDOUT, APP/TASK/deploy)#
#2026 09 21 12:05:06.748#Z#DEBUG#6a48e96a-b5b4-11f1-b631-eeee0a9b49e1.backend-db-deployer#flowable-async-job-executor-thread-139379#
[PollExecuteTaskStatusExecution] 5fd8dc3c-33ed-4c50-a49f-c9bca4b4cad1 [2026-09-21T12:04:54.037088] Disabling table replication for the container schema "4E190AF9079C4FEE882C6D641C13F720"... ok (0s 12ms) (STDOUT, APP/TASK/deploy)#
#2026 09 21 12:05:06.748#Z#DEBUG#6a48e96a-b5b4-11f1-b631-eeee0a9b49e1.backend-db-deployer#flowable-async-job-executor-thread-139379#
[PollExecuteTaskStatusExecution] 5fd8dc3c-33ed-4c50-a49f-c9bca4b4cad1 [2026-09-21T12:04:54.037093] Migrating libraries... (STDOUT, APP/TASK/deploy)#
#2026 09 21 12:05:06.748#Z#DEBUG#6a48e96a-b5b4-11f1-b631-eeee0a9b49e1.backend-db-deployer#flowable-async-job-executor-thread-139379#
[PollExecuteTaskStatusExecution] 5fd8dc3c-33ed-4c50-a49f-c9bca4b4cad1 [2026-09-21T12:04:54.037118] Migrating libraries... ok (0s 16ms) (STDOUT, APP/TASK/deploy)#
#2026 09 21 12:05:06.748#Z#DEBUG#6a48e96a-b5b4-11f1-b631-eeee0a9b49e1.backend-db-deployer#flowable-async-job-executor-thread-139379#
[PollExecuteTaskStatusExecution] 5fd8dc3c-33ed-4c50-a49f-c9bca4b4cad1 [2026-09-21T12:04:54.037121] Making... (STDOUT, APP/TASK/deploy)#
#2026 09 21 12:05:06.748#Z#DEBUG#6a48e96a-b5b4-11f1-b631-eeee0a9b49e1.backend-db-deployer#flowable-async-job-executor-thread-139379#
[PollExecuteTaskStatusExecution] 5fd8dc3c-33ed-4c50-a49f-c9bca4b4cad1 [2026-09-21T12:04:54.037123] Preparing... (STDOUT, APP/TASK/deploy)#
#2026 09 21 12:05:06.748#Z#DEBUG#6a48e96a-b5b4-11f1-b631-eeee0a9b49e1.backend-db-deployer#flowable-async-job-executor-thread-139379#
[PollExecuteTaskStatusExecution] 5fd8dc3c-33ed-4c50-a49f-c9bca4b4cad1 [2026-09-21T12:04:54.037143] Preparing the make transaction... (STDOUT, APP/TASK/deploy)#
#2026 09 21 12:05:06.748#Z#DEBUG#6a48e96a-b5b4-11f1-b631-eeee0a9b49e1.backend-db-deployer#flowable-async-job-executor-thread-139379#
[PollExecuteTaskStatusExecution] 5fd8dc3c-33ed-4c50-a49f-c9bca4b4cad1 [2026-09-21T12:04:54.037151] Adding "src/gen/data/my.bookshop-Books.csv" for deploy... (STDOUT, APP/TASK/deploy)#
#2026 09 21 12:05:06.748#Z#DEBUG#6a48e96a-b5b4-11f1-b631-eeee0a9b49e1.backend-db-deployer#flowable-async-job-executor-thread-139379#
[PollExecuteTaskStatusExecution] 5fd8dc3c-33ed-4c50-a49f-c9bca4b4cad1 [2026-09-21T12:04:54.037288] Adding "src/gen/data/my.bookshop-Books.csv" for deploy... ok (0s 30ms) (STDOUT, APP/TASK/deploy)#
#2026 09 21 12:05:06.748#Z#DEBUG#6a48e96a-b5b4-11f1-b631-eeee0a9b49e1.backend-db-deployer#flowable-async-job-executor-thread-139379#
[PollExecuteTaskStatusExecution] 5fd8dc3c-33ed-4c50-a49f-c9bca4b4cad1 [2026-09-21T12:04:54.037305] Adding "src/gen/data/my.bookshop-Books.hdbtabledata" for deploy... (STDOUT, APP/TASK/deploy)#
#2026 09 21 12:05:06.748#Z#DEBUG#6a48e96a-b5b4-11f1-b631-eeee0a9b49e1.backend-db-deployer#flowable-async-job-executor-thread-139379#
[PollExecuteTaskStatusExecution] 5fd8dc3c-33ed-4c50-a49f-c9bca4b4cad1 [2026-09-21T12:04:54.037308] Adding "src/gen/data/my.bookshop-Books.hdbtabledata" for deploy... ok (0s 0ms) (STDOUT, APP/TASK/deploy)#
#2026 09 21 12:05:06.748#Z#DEBUG#6a48e96a-b5b4-11f1-b631-eeee0a9b49e1.backend-db-deployer#flowable-async-job-executor-thread-139379#
[PollExecuteTaskStatusExecution] 5fd8dc3c-33ed-4c50-a49f-c9bca4b4cad1 [2026-09-21T12:04:54.037312] Preparing... ok (0s 48ms) (STDOUT, APP/TASK/deploy)#
#2026 09 21 12:05:06.748#Z#DEBUG#6a48e96a-b5b4-11f1-b631-eeee0a9b49e1.backend-db-deployer#flowable-async-job-executor-thread-139379#
[PollExecuteTaskStatusExecution] 5fd8dc3c-33ed-4c50-a49f-c9bca4b4cad1 [2026-09-21T12:04:54.037317] Preparing the make transaction... ok (0s 32ms) (STDOUT, APP/TASK/deploy)#
#2026 09 21 12:05:06.748#Z#DEBUG#6a48e96a-b5b4-11f1-b631-eeee0a9b49e1.backend-db-deployer#flowable-async-job-executor-thread-139379#
[PollExecuteTaskStatusExecution] 5fd8dc3c-33ed-4c50-a49f-c9bca4b4cad1 [2026-09-21T12:04:54.037319] Calculating dependencies... (STDOUT, APP/TASK/deploy)#
#2026 09 21 12:05:06.748#Z#DEBUG#6a48e96a-b5b4-11f1-b631-eeee0a9b49e1.backend-db-deployer#flowable-async-job-executor-thread-139379#
[PollExecuteTaskStatusExecution] 5fd8dc3c-33ed-4c50-a49f-c9bca4b4cad1 [2026-09-21T12:04:54.037323] Expanding... (STDOUT, APP/TASK/deploy)#
#2026 09 21 12:05:06.748#Z#DEBUG#6a48e96a-b5b4-11f1-b631-eeee0a9b49e1.backend-db-deployer#flowable-async-job-executor-thread-139379#
[PollExecuteTaskStatusExecution] 5fd8dc3c-33ed-4c50-a49f-c9bca4b4cad1 [2026-09-21T12:04:54.037325] Expanding "src/gen/data/my.bookshop-Books.hdbtabledata"... (STDOUT, APP/TASK/deploy)#
#2026 09 21 12:05:06.748#Z#DEBUG#6a48e96a-b5b4-11f1-b631-eeee0a9b49e1.backend-db-deployer#flowable-async-job-executor-thread-139379#
[PollExecuteTaskStatusExecution] 5fd8dc3c-33ed-4c50-a49f-c9bca4b4cad1 [2026-09-21T12:04:54.037329] Expanding "src/gen/data/my.bookshop-Books.hdbtabledata"... ok (0s 2ms) (STDOUT, APP/TASK/deploy)#
#2026 09 21 12:05:06.748#Z#DEBUG#6a48e96a-b5b4-11f1-b631-eeee0a9b49e1.backend-db-deployer#flowable-async-job-executor-thread-139379#
[PollExecuteTaskStatusExecution] 5fd8dc3c-33ed-4c50-a49f-c9bca4b4cad1 [2026-09-21T12:04:54.037344] Expanding... ok (0s 31ms) (STDOUT, APP/TASK/deploy)#
#2026 09 21 12:05:06.748#Z#DEBUG#6a48e96a-b5b4-11f1-b631-eeee0a9b49e1.backend-db-deployer#flowable-async-job-executor-thread-139379#
[PollExecuteTaskStatusExecution] 5fd8dc3c-33ed-4c50-a49f-c9bca4b4cad1 [2026-09-21T12:04:54.037345] Precompiling... (STDOUT, APP/TASK/deploy)#
#2026 09 21 12:05:06.748#Z#DEBUG#6a48e96a-b5b4-11f1-b631-eeee0a9b49e1.backend-db-deployer#flowable-async-job-executor-thread-139379#
[PollExecuteTaskStatusExecution] 5fd8dc3c-33ed-4c50-a49f-c9bca4b4cad1 [2026-09-21T12:04:54.037353] Precompiling "src/gen/data/my.bookshop-Books.csv"... (STDOUT, APP/TASK/deploy)#
#2026 09 21 12:05:06.748#Z#DEBUG#6a48e96a-b5b4-11f1-b631-eeee0a9b49e1.backend-db-deployer#flowable-async-job-executor-thread-139379#
[PollExecuteTaskStatusExecution] 5fd8dc3c-33ed-4c50-a49f-c9bca4b4cad1 [2026-09-21T12:04:54.037356] Precompiling "src/gen/data/my.bookshop-Books.hdbtabledata"... (STDOUT, APP/TASK/deploy)#
#2026 09 21 12:05:06.748#Z#DEBUG#6a48e96a-b5b4-11f1-b631-eeee0a9b49e1.backend-db-deployer#flowable-async-job-executor-thread-139379#
[PollExecuteTaskStatusExecution] 5fd8dc3c-33ed-4c50-a49f-c9bca4b4cad1 [2026-09-21T12:04:54.037358] Precompiling "src/gen/data/my.bookshop-Books.hdbtabledata"... ok (0s 0ms) (STDOUT, APP/TASK/deploy)#
#2026 09 21 12:05:06.748#Z#DEBUG#6a48e96a-b5b4-11f1-b631-eeee0a9b49e1.backend-db-deployer#flowable-async-job-executor-thread-139379#
[PollExecuteTaskStatusExecution] 5fd8dc3c-33ed-4c50-a49f-c9bca4b4cad1 [2026-09-21T12:04:54.037360] Precompiling "src/gen/data/my.bookshop-Books.hdbtabledata$0.expand"... (STDOUT, APP/TASK/deploy)#
#2026 09 21 12:05:06.748#Z#DEBUG#6a48e96a-b5b4-11f1-b631-eeee0a9b49e1.backend-db-deployer#flowable-async-job-executor-thread-139379#
[PollExecuteTaskStatusExecution] 5fd8dc3c-33ed-4c50-a49f-c9bca4b4cad1 [2026-09-21T12:04:54.037362] Expanded from "src/gen/data/my.bookshop-Books.hdbtabledata" (STDOUT, APP/TASK/deploy)#
#2026 09 21 12:05:06.748#Z#DEBUG#6a48e96a-b5b4-11f1-b631-eeee0a9b49e1.backend-db-deployer#flowable-async-job-executor-thread-139379#
[PollExecuteTaskStatusExecution] 5fd8dc3c-33ed-4c50-a49f-c9bca4b4cad1 [2026-09-21T12:04:54.037382] Precompiling "src/gen/data/my.bookshop-Books.hdbtabledata$0.expand"... ok (0s 1ms) (STDOUT, APP/TASK/deploy)#
#2026 09 21 12:05:06.748#Z#DEBUG#6a48e96a-b5b4-11f1-b631-eeee0a9b49e1.backend-db-deployer#flowable-async-job-executor-thread-139379#
[PollExecuteTaskStatusExecution] 5fd8dc3c-33ed-4c50-a49f-c9bca4b4cad1 [2026-09-21T12:04:54.037387] Precompiling "src/gen/data/my.bookshop-Books.csv"... ok (0s 2ms) (STDOUT, APP/TASK/deploy)#
#2026 09 21 12:05:06.748#Z#DEBUG#6a48e96a-b5b4-11f1-b631-eeee0a9b49e1.backend-db-deployer#flowable-async-job-executor-thread-139379#
[PollExecuteTaskStatusExecution] 5fd8dc3c-33ed-4c50-a49f-c9bca4b4cad1 [2026-09-21T12:04:54.037392] Precompiling... ok (0s 21ms) (STDOUT, APP/TASK/deploy)#
#2026 09 21 12:05:06.748#Z#DEBUG#6a48e96a-b5b4-11f1-b631-eeee0a9b49e1.backend-db-deployer#flowable-async-job-executor-thread-139379#
[PollExecuteTaskStatusExecution] 5fd8dc3c-33ed-4c50-a49f-c9bca4b4cad1 [2026-09-21T12:04:54.037395] Merging... (STDOUT, APP/TASK/deploy)#
#2026 09 21 12:05:06.748#Z#DEBUG#6a48e96a-b5b4-11f1-b631-eeee0a9b49e1.backend-db-deployer#flowable-async-job-executor-thread-139379#
[PollExecuteTaskStatusExecution] 5fd8dc3c-33ed-4c50-a49f-c9bca4b4cad1 [2026-09-21T12:04:54.037398] Merging... ok (0s 7ms) (STDOUT, APP/TASK/deploy)#
#2026 09 21 12:05:06.748#Z#DEBUG#6a48e96a-b5b4-11f1-b631-eeee0a9b49e1.backend-db-deployer#flowable-async-job-executor-thread-139379#
[PollExecuteTaskStatusExecution] 5fd8dc3c-33ed-4c50-a49f-c9bca4b4cad1 [2026-09-21T12:04:54.037401] Calculating dependencies... ok (0s 59ms) (STDOUT, APP/TASK/deploy)#
#2026 09 21 12:05:06.748#Z#DEBUG#6a48e96a-b5b4-11f1-b631-eeee0a9b49e1.backend-db-deployer#flowable-async-job-executor-thread-139379#
[PollExecuteTaskStatusExecution] 5fd8dc3c-33ed-4c50-a49f-c9bca4b4cad1 [2026-09-21T12:04:54.037416] Processing work list... (STDOUT, APP/TASK/deploy)#
#2026 09 21 12:05:06.748#Z#DEBUG#6a48e96a-b5b4-11f1-b631-eeee0a9b49e1.backend-db-deployer#flowable-async-job-executor-thread-139379#
[PollExecuteTaskStatusExecution] 5fd8dc3c-33ed-4c50-a49f-c9bca4b4cad1 [2026-09-21T12:04:54.037431] Deploying "src/gen/data/my.bookshop-Books.csv"... (STDOUT, APP/TASK/deploy)#
#2026 09 21 12:05:06.748#Z#DEBUG#6a48e96a-b5b4-11f1-b631-eeee0a9b49e1.backend-db-deployer#flowable-async-job-executor-thread-139379#
[PollExecuteTaskStatusExecution] 5fd8dc3c-33ed-4c50-a49f-c9bca4b4cad1 [2026-09-21T12:04:54.037455] Deploying "src/gen/data/my.bookshop-Books.hdbtabledata"... (STDOUT, APP/TASK/deploy)#
#2026 09 21 12:05:06.748#Z#DEBUG#6a48e96a-b5b4-11f1-b631-eeee0a9b49e1.backend-db-deployer#flowable-async-job-executor-thread-139379#
[PollExecuteTaskStatusExecution] 5fd8dc3c-33ed-4c50-a49f-c9bca4b4cad1 [2026-09-21T12:04:54.037467] Deploying "src/gen/data/my.bookshop-Books.hdbtabledata"... ok (0s 0ms) (STDOUT, APP/TASK/deploy)#
#2026 09 21 12:05:06.748#Z#DEBUG#6a48e96a-b5b4-11f1-b631-eeee0a9b49e1.backend-db-deployer#flowable-async-job-executor-thread-139379#
[PollExecuteTaskStatusExecution] 5fd8dc3c-33ed-4c50-a49f-c9bca4b4cad1 [2026-09-21T12:04:54.037469] Deploying "src/gen/data/my.bookshop-Books.csv"... ok (0s 4ms) (STDOUT, APP/TASK/deploy)#
#2026 09 21 12:05:06.748#Z#DEBUG#6a48e96a-b5b4-11f1-b631-eeee0a9b49e1.backend-db-deployer#flowable-async-job-executor-thread-139379#
[PollExecuteTaskStatusExecution] 5fd8dc3c-33ed-4c50-a49f-c9bca4b4cad1 [2026-09-21T12:04:54.037485] Deploying "src/gen/data/my.bookshop-Books.hdbtabledata$0.expand"... (STDOUT, APP/TASK/deploy)#
#2026 09 21 12:05:06.748#Z#DEBUG#6a48e96a-b5b4-11f1-b631-eeee0a9b49e1.backend-db-deployer#flowable-async-job-executor-thread-139379#
[PollExecuteTaskStatusExecution] 5fd8dc3c-33ed-4c50-a49f-c9bca4b4cad1 [2026-09-21T12:04:54.037488] Expanded from "src/gen/data/my.bookshop-Books.hdbtabledata" (STDOUT, APP/TASK/deploy)#
#2026 09 21 12:05:06.748#Z#DEBUG#6a48e96a-b5b4-11f1-b631-eeee0a9b49e1.backend-db-deployer#flowable-async-job-executor-thread-139379#
[PollExecuteTaskStatusExecution] 5fd8dc3c-33ed-4c50-a49f-c9bca4b4cad1 [2026-09-21T12:04:54.037713] at "src/gen/data/my.bookshop-Books.hdbtabledata" (14:26,/imports[0]/import_settings) (STDOUT, APP/TASK/deploy)#
#2026 09 21 12:05:06.748#Z#DEBUG#6a48e96a-b5b4-11f1-b631-eeee0a9b49e1.backend-db-deployer#flowable-async-job-executor-thread-139379#
[PollExecuteTaskStatusExecution] 5fd8dc3c-33ed-4c50-a49f-c9bca4b4cad1 [2026-09-21T12:04:54.037750] at "src/gen/data/my.bookshop-Books.hdbtabledata$0.expand" (0:0) (STDOUT, APP/TASK/deploy)#
#2026 09 21 12:05:06.748#Z#DEBUG#6a48e96a-b5b4-11f1-b631-eeee0a9b49e1.backend-db-deployer#flowable-async-job-executor-thread-139379#
[PollExecuteTaskStatusExecution] 5fd8dc3c-33ed-4c50-a49f-c9bca4b4cad1 [2026-09-21T12:04:54.037815] Make failed (5 errors, 0 warnings): tried to deploy 2 files, undeploy 0 files, redeploy 1 dependent files (STDOUT, APP/TASK/deploy)#
#2026 09 21 12:05:06.748#Z#DEBUG#6a48e96a-b5b4-11f1-b631-eeee0a9b49e1.backend-db-deployer#flowable-async-job-executor-thread-139379#
[PollExecuteTaskStatusExecution] 5fd8dc3c-33ed-4c50-a49f-c9bca4b4cad1 [2026-09-21T12:04:54.037835] Error: com.sap.hana.di.tabledata: The "include_filter" definitions match with 1 records that already exist in the "MY_BOOKSHOP_BOOKS" table [8251521] (STDERR, APP/TASK/deploy)#
#2026 09 21 12:05:06.748#Z#DEBUG#6a48e96a-b5b4-11f1-b631-eeee0a9b49e1.backend-db-deployer#flowable-async-job-executor-thread-139379#
[PollExecuteTaskStatusExecution] 5fd8dc3c-33ed-4c50-a49f-c9bca4b4cad1 [2026-09-21T12:04:54.037844] Error: com.sap.hana.di.tabledata: Deploying "src/gen/data/my.bookshop-Books.hdbtabledata$0.expand"... failed [8212145] (STDERR, APP/TASK/deploy)#
#2026 09 21 12:05:06.748#Z#DEBUG#6a48e96a-b5b4-11f1-b631-eeee0a9b49e1.backend-db-deployer#flowable-async-job-executor-thread-139379#
[PollExecuteTaskStatusExecution] 5fd8dc3c-33ed-4c50-a49f-c9bca4b4cad1 [2026-09-21T12:04:54.037847] Error: Worker 2 has encountered an error; all remaining jobs will be canceled [8214600] (STDERR, APP/TASK/deploy)#
#2026 09 21 12:05:06.748#Z#DEBUG#6a48e96a-b5b4-11f1-b631-eeee0a9b49e1.backend-db-deployer#flowable-async-job-executor-thread-139379#
[PollExecuteTaskStatusExecution] 5fd8dc3c-33ed-4c50-a49f-c9bca4b4cad1 [2026-09-21T12:04:54.037850] Error: Processing work list... failed [8212102] (STDERR, APP/TASK/deploy)#
#2026 09 21 12:05:06.748#Z#DEBUG#6a48e96a-b5b4-11f1-b631-eeee0a9b49e1.backend-db-deployer#flowable-async-job-executor-thread-139379#
[PollExecuteTaskStatusExecution] 5fd8dc3c-33ed-4c50-a49f-c9bca4b4cad1 [2026-09-21T12:04:54.037917] Error: Making... failed [8211605] (STDERR, APP/TASK/deploy)#
#2026 09 21 12:05:06.748#Z#DEBUG#6a48e96a-b5b4-11f1-b631-eeee0a9b49e1.backend-db-deployer#flowable-async-job-executor-thread-139379#
[PollExecuteTaskStatusExecution] 5fd8dc3c-33ed-4c50-a49f-c9bca4b4cad1 [2026-09-21T12:04:54.037939] Error: Starting make in the container "4E190AF9079C4FEE882C6D641C13F720" with 2 files to deploy, 0 files to undeploy... failed [8214168] (STDERR, APP/TASK/deploy)#
#2026 09 21 12:05:06.748#Z#DEBUG#6a48e96a-b5b4-11f1-b631-eeee0a9b49e1.backend-db-deployer#flowable-async-job-executor-thread-139379#
[PollExecuteTaskStatusExecution] 5fd8dc3c-33ed-4c50-a49f-c9bca4b4cad1 [2026-09-21T12:04:54.038464] Deployment to container 4E190AF9079C4FEE882C6D641C13F720 failed - error: HDI make failed [Deployment ID: none]. (STDERR, APP/TASK/deploy)#
#2026 09 21 12:05:06.748#Z#DEBUG#6a48e96a-b5b4-11f1-b631-eeee0a9b49e1.backend-db-deployer#flowable-async-job-executor-thread-139379#
[PollExecuteTaskStatusExecution] 5fd8dc3c-33ed-4c50-a49f-c9bca4b4cad1 [2026-09-21T12:04:54.039060] Deployment ended at 2026-09-21 12:04:54 (STDOUT, APP/TASK/deploy)#
#2026 09 21 12:05:06.748#Z#DEBUG#6a48e96a-b5b4-11f1-b631-eeee0a9b49e1.backend-db-deployer#flowable-async-job-executor-thread-139379#
[PollExecuteTaskStatusExecution] 5fd8dc3c-33ed-4c50-a49f-c9bca4b4cad1 [2026-09-21T12:04:54.039092] Error: HDI make failed (STDERR, APP/TASK/deploy)#
#2026 09 21 12:05:06.748#Z#DEBUG#6a48e96a-b5b4-11f1-b631-eeee0a9b49e1.backend-db-deployer#flowable-async-job-executor-thread-139379#
[PollExecuteTaskStatusExecution] 5fd8dc3c-33ed-4c50-a49f-c9bca4b4cad1 [2026-09-21T12:04:54.039621] (1s 929ms) (STDOUT, APP/TASK/deploy)#
#2026 09 21 12:05:06.748#Z#DEBUG#6a48e96a-b5b4-11f1-b631-eeee0a9b49e1.backend-db-deployer#flowable-async-job-executor-thread-139379#
[PollExecuteTaskStatusExecution] 5fd8dc3c-33ed-4c50-a49f-c9bca4b4cad1 [2026-09-21T12:04:54.056483] npm notice (STDERR, APP/TASK/deploy)#
#2026 09 21 12:05:06.748#Z#DEBUG#6a48e96a-b5b4-11f1-b631-eeee0a9b49e1.backend-db-deployer#flowable-async-job-executor-thread-139379#
[PollExecuteTaskStatusExecution] 5fd8dc3c-33ed-4c50-a49f-c9bca4b4cad1 [2026-09-21T12:04:54.056513] npm notice New major version of npm available! 11.17.0 -> 12.0.2 (STDERR, APP/TASK/deploy)#
#2026 09 21 12:05:06.748#Z#DEBUG#6a48e96a-b5b4-11f1-b631-eeee0a9b49e1.backend-db-deployer#flowable-async-job-executor-thread-139379#
[PollExecuteTaskStatusExecution] 5fd8dc3c-33ed-4c50-a49f-c9bca4b4cad1 [2026-09-21T12:04:54.056518] npm notice Changelog: https://github.com/npm/cli/releases/tag/v12.0.2 (STDERR, APP/TASK/deploy)#
#2026 09 21 12:05:06.748#Z#DEBUG#6a48e96a-b5b4-11f1-b631-eeee0a9b49e1.backend-db-deployer#flowable-async-job-executor-thread-139379#
[PollExecuteTaskStatusExecution] 5fd8dc3c-33ed-4c50-a49f-c9bca4b4cad1 [2026-09-21T12:04:54.056521] npm notice To update run: npm install -g npm@12.0.2 (STDERR, APP/TASK/deploy)#
#2026 09 21 12:05:06.748#Z#DEBUG#6a48e96a-b5b4-11f1-b631-eeee0a9b49e1.backend-db-deployer#flowable-async-job-executor-thread-139379#
[PollExecuteTaskStatusExecution] 5fd8dc3c-33ed-4c50-a49f-c9bca4b4cad1 [2026-09-21T12:04:54.056524] npm notice (STDERR, APP/TASK/deploy)#
#2026 09 21 12:05:06.748#Z#DEBUG#6a48e96a-b5b4-11f1-b631-eeee0a9b49e1.backend-db-deployer#flowable-async-job-executor-thread-139379#
[PollExecuteTaskStatusExecution] 5fd8dc3c-33ed-4c50-a49f-c9bca4b4cad1 [2026-09-21T12:04:54.131727] Exit status 1 (STDOUT, APP/TASK/deploy)#
#2026 09 21 12:05:06.748#Z#DEBUG#6a48e96a-b5b4-11f1-b631-eeee0a9b49e1.backend-db-deployer#flowable-async-job-executor-thread-139379#
[PollExecuteTaskStatusExecution] 5fd8dc3c-33ed-4c50-a49f-c9bca4b4cad1 [2026-09-21T12:04:55.187884] Cell c839c7b1-088e-41af-b9b7-66256aacd457 stopping instance 54c9c7e5-b7e1-477a-b3a7-1377c4f93219 (STDOUT, CELL)#
#2026 09 21 12:05:06.748#Z#DEBUG#6a48e96a-b5b4-11f1-b631-eeee0a9b49e1.backend-db-deployer#flowable-async-job-executor-thread-139379#
[PollExecuteTaskStatusExecution] 5fd8dc3c-33ed-4c50-a49f-c9bca4b4cad1 [2026-09-21T12:04:55.187935] Cell c839c7b1-088e-41af-b9b7-66256aacd457 destroying container for instance 54c9c7e5-b7e1-477a-b3a7-1377c4f93219 (STDOUT, CELL)#
#2026 09 21 12:05:06.748#Z#DEBUG#6a48e96a-b5b4-11f1-b631-eeee0a9b49e1.backend-db-deployer#flowable-async-job-executor-thread-139379#
[PollExecuteTaskStatusExecution] 5fd8dc3c-33ed-4c50-a49f-c9bca4b4cad1 [2026-09-21T12:04:56.860287] Cell c839c7b1-088e-41af-b9b7-66256aacd457 successfully destroyed container for instance 54c9c7e5-b7e1-477a-b3a7-1377c4f93219 (STDOUT, CELL)#
#2026 09 21 12:05:06.748#Z#DEBUG#6a48e96a-b5b4-11f1-b631-eeee0a9b49e1.backend-db-deployer#flowable-async-job-executor-thread-139379#
[PollExecuteTaskStatusExecution] 5fd8dc3c-33ed-4c50-a49f-c9bca4b4cad1 [2026-09-21T12:04:58.867571] Cell c839c7b1-088e-41af-b9b7-66256aacd457 creating container for instance 667fc983-95bf-451f-a1bf-491a872255bc (STDOUT, CELL)#
#2026 09 21 12:05:06.748#Z#DEBUG#6a48e96a-b5b4-11f1-b631-eeee0a9b49e1.backend-db-deployer#flowable-async-job-executor-thread-139379#
[PollExecuteTaskStatusExecution] 5fd8dc3c-33ed-4c50-a49f-c9bca4b4cad1 [2026-09-21T12:04:59.432985] Security group rules were updated (STDOUT, CELL)#
#2026 09 21 12:05:06.748#Z#DEBUG#6a48e96a-b5b4-11f1-b631-eeee0a9b49e1.backend-db-deployer#flowable-async-job-executor-thread-139379#
[PollExecuteTaskStatusExecution] 5fd8dc3c-33ed-4c50-a49f-c9bca4b4cad1 [2026-09-21T12:04:59.468666] Cell c839c7b1-088e-41af-b9b7-66256aacd457 successfully created container for instance 667fc983-95bf-451f-a1bf-491a872255bc (STDOUT, CELL)#
#2026 09 21 12:05:06.748#Z#DEBUG#6a48e96a-b5b4-11f1-b631-eeee0a9b49e1.backend-db-deployer#flowable-async-job-executor-thread-139379#
[PollExecuteTaskStatusExecution] 5fd8dc3c-33ed-4c50-a49f-c9bca4b4cad1 [2026-09-21T12:05:03.139192] Invoking pre-start scripts. (STDOUT, APP/TASK/deploy)#
#2026 09 21 12:05:06.748#Z#DEBUG#6a48e96a-b5b4-11f1-b631-eeee0a9b49e1.backend-db-deployer#flowable-async-job-executor-thread-139379#
[PollExecuteTaskStatusExecution] 5fd8dc3c-33ed-4c50-a49f-c9bca4b4cad1 [2026-09-21T12:05:03.349214] Invoking start command. (STDOUT, APP/TASK/deploy)#
#2026 09 21 12:05:06.748#Z#DEBUG#6a48e96a-b5b4-11f1-b631-eeee0a9b49e1.backend-db-deployer#flowable-async-job-executor-thread-139379#
[PollExecuteTaskStatusExecution] 5fd8dc3c-33ed-4c50-a49f-c9bca4b4cad1 [2026-09-21T12:05:03.808905] > start (STDOUT, APP/TASK/deploy)#
#2026 09 21 12:05:06.748#Z#DEBUG#6a48e96a-b5b4-11f1-b631-eeee0a9b49e1.backend-db-deployer#flowable-async-job-executor-thread-139379#
[PollExecuteTaskStatusExecution] 5fd8dc3c-33ed-4c50-a49f-c9bca4b4cad1 [2026-09-21T12:05:03.808941] > node node_modules/@sap/hdi-deploy/deploy.js --use-hdb --parameter com.sap.hana.di.table/try_fast_table_migration=true (STDOUT, APP/TASK/deploy)#
#2026 09 21 12:05:06.748#Z#DEBUG#6a48e96a-b5b4-11f1-b631-eeee0a9b49e1.backend-db-deployer#flowable-async-job-executor-thread-139379#
[PollExecuteTaskStatusExecution] 5fd8dc3c-33ed-4c50-a49f-c9bca4b4cad1 [2026-09-21T12:05:03.955322] VCAP_SERVICES: (STDOUT, APP/TASK/deploy)#
#2026 09 21 12:05:06.748#Z#DEBUG#6a48e96a-b5b4-11f1-b631-eeee0a9b49e1.backend-db-deployer#flowable-async-job-executor-thread-139379#
[PollExecuteTaskStatusExecution] 5fd8dc3c-33ed-4c50-a49f-c9bca4b4cad1 [2026-09-21T12:05:03.956075] { (STDOUT, APP/TASK/deploy)#
#2026 09 21 12:05:06.748#Z#DEBUG#6a48e96a-b5b4-11f1-b631-eeee0a9b49e1.backend-db-deployer#flowable-async-job-executor-thread-139379#
[PollExecuteTaskStatusExecution] 5fd8dc3c-33ed-4c50-a49f-c9bca4b4cad1 [2026-09-21T12:05:03.956127] "hana": [ (STDOUT, APP/TASK/deploy)#
#2026 09 21 12:05:06.748#Z#DEBUG#6a48e96a-b5b4-11f1-b631-eeee0a9b49e1.backend-db-deployer#flowable-async-job-executor-thread-139379#
[PollExecuteTaskStatusExecution] 5fd8dc3c-33ed-4c50-a49f-c9bca4b4cad1 [2026-09-21T12:05:03.956131] { (STDOUT, APP/TASK/deploy)#
#2026 09 21 12:05:06.748#Z#DEBUG#6a48e96a-b5b4-11f1-b631-eeee0a9b49e1.backend-db-deployer#flowable-async-job-executor-thread-139379#
[PollExecuteTaskStatusExecution] 5fd8dc3c-33ed-4c50-a49f-c9bca4b4cad1 [2026-09-21T12:05:03.956143] "name": "backend-db", (STDOUT, APP/TASK/deploy)#
#2026 09 21 12:05:06.748#Z#DEBUG#6a48e96a-b5b4-11f1-b631-eeee0a9b49e1.backend-db-deployer#flowable-async-job-executor-thread-139379#
[PollExecuteTaskStatusExecution] 5fd8dc3c-33ed-4c50-a49f-c9bca4b4cad1 [2026-09-21T12:05:03.956146] "label": "hana", (STDOUT, APP/TASK/deploy)#
#2026 09 21 12:05:06.748#Z#DEBUG#6a48e96a-b5b4-11f1-b631-eeee0a9b49e1.backend-db-deployer#flowable-async-job-executor-thread-139379#
[PollExecuteTaskStatusExecution] 5fd8dc3c-33ed-4c50-a49f-c9bca4b4cad1 [2026-09-21T12:05:03.956149] "plan": "hdi-shared", (STDOUT, APP/TASK/deploy)#
#2026 09 21 12:05:06.748#Z#DEBUG#6a48e96a-b5b4-11f1-b631-eeee0a9b49e1.backend-db-deployer#flowable-async-job-executor-thread-139379#
[PollExecuteTaskStatusExecution] 5fd8dc3c-33ed-4c50-a49f-c9bca4b4cad1 [2026-09-21T12:05:03.956153] "credentials": { (STDOUT, APP/TASK/deploy)#
#2026 09 21 12:05:06.748#Z#DEBUG#6a48e96a-b5b4-11f1-b631-eeee0a9b49e1.backend-db-deployer#flowable-async-job-executor-thread-139379#
[PollExecuteTaskStatusExecution] 5fd8dc3c-33ed-4c50-a49f-c9bca4b4cad1 [2026-09-21T12:05:03.956157] "schema": "4E190AF9079C4FEE882C6D641C13F720", (STDOUT, APP/TASK/deploy)#
#2026 09 21 12:05:06.748#Z#DEBUG#6a48e96a-b5b4-11f1-b631-eeee0a9b49e1.backend-db-deployer#flowable-async-job-executor-thread-139379#
[PollExecuteTaskStatusExecution] 5fd8dc3c-33ed-4c50-a49f-c9bca4b4cad1 [2026-09-21T12:05:03.956160] "database_id": "527b89d3-da1d-435f-873e-e73c1e06777e", (STDOUT, APP/TASK/deploy)#
#2026 09 21 12:05:06.748#Z#DEBUG#6a48e96a-b5b4-11f1-b631-eeee0a9b49e1.backend-db-deployer#flowable-async-job-executor-thread-139379#
[PollExecuteTaskStatusExecution] 5fd8dc3c-33ed-4c50-a49f-c9bca4b4cad1 [2026-09-21T12:05:03.956164] "user": "4E190AF9079C4FEE882C6D641C13F720_554OCBTO9C3J858HCKJ9FI34Q_RT", (STDOUT, APP/TASK/deploy)#
#2026 09 21 12:05:06.748#Z#DEBUG#6a48e96a-b5b4-11f1-b631-eeee0a9b49e1.backend-db-deployer#flowable-async-job-executor-thread-139379#
[PollExecuteTaskStatusExecution] 5fd8dc3c-33ed-4c50-a49f-c9bca4b4cad1 [2026-09-21T12:05:03.956168] "hdi_user": "4E190AF9079C4FEE882C6D641C13F720_554OCBTO9C3J858HCKJ9FI34Q_DT" (STDOUT, APP/TASK/deploy)#
#2026 09 21 12:05:06.748#Z#DEBUG#6a48e96a-b5b4-11f1-b631-eeee0a9b49e1.backend-db-deployer#flowable-async-job-executor-thread-139379#
[PollExecuteTaskStatusExecution] 5fd8dc3c-33ed-4c50-a49f-c9bca4b4cad1 [2026-09-21T12:05:03.956171] }, (STDOUT, APP/TASK/deploy)#
#2026 09 21 12:05:06.748#Z#DEBUG#6a48e96a-b5b4-11f1-b631-eeee0a9b49e1.backend-db-deployer#flowable-async-job-executor-thread-139379#
[PollExecuteTaskStatusExecution] 5fd8dc3c-33ed-4c50-a49f-c9bca4b4cad1 [2026-09-21T12:05:03.956173] "tags": [ (STDOUT, APP/TASK/deploy)#
#2026 09 21 12:05:06.748#Z#DEBUG#6a48e96a-b5b4-11f1-b631-eeee0a9b49e1.backend-db-deployer#flowable-async-job-executor-thread-139379#
[PollExecuteTaskStatusExecution] 5fd8dc3c-33ed-4c50-a49f-c9bca4b4cad1 [2026-09-21T12:05:03.956179] "hana", (STDOUT, APP/TASK/deploy)#
#2026 09 21 12:05:06.748#Z#DEBUG#6a48e96a-b5b4-11f1-b631-eeee0a9b49e1.backend-db-deployer#flowable-async-job-executor-thread-139379#
[PollExecuteTaskStatusExecution] 5fd8dc3c-33ed-4c50-a49f-c9bca4b4cad1 [2026-09-21T12:05:03.956181] "database", (STDOUT, APP/TASK/deploy)#
#2026 09 21 12:05:06.748#Z#DEBUG#6a48e96a-b5b4-11f1-b631-eeee0a9b49e1.backend-db-deployer#flowable-async-job-executor-thread-139379#
[PollExecuteTaskStatusExecution] 5fd8dc3c-33ed-4c50-a49f-c9bca4b4cad1 [2026-09-21T12:05:03.956183] "relational" (STDOUT, APP/TASK/deploy)#
#2026 09 21 12:05:06.748#Z#DEBUG#6a48e96a-b5b4-11f1-b631-eeee0a9b49e1.backend-db-deployer#flowable-async-job-executor-thread-139379#
[PollExecuteTaskStatusExecution] 5fd8dc3c-33ed-4c50-a49f-c9bca4b4cad1 [2026-09-21T12:05:03.956185] ] (STDOUT, APP/TASK/deploy)#
#2026 09 21 12:05:06.748#Z#DEBUG#6a48e96a-b5b4-11f1-b631-eeee0a9b49e1.backend-db-deployer#flowable-async-job-executor-thread-139379#
[PollExecuteTaskStatusExecution] 5fd8dc3c-33ed-4c50-a49f-c9bca4b4cad1 [2026-09-21T12:05:03.956190] } (STDOUT, APP/TASK/deploy)#
#2026 09 21 12:05:06.748#Z#DEBUG#6a48e96a-b5b4-11f1-b631-eeee0a9b49e1.backend-db-deployer#flowable-async-job-executor-thread-139379#
[PollExecuteTaskStatusExecution] 5fd8dc3c-33ed-4c50-a49f-c9bca4b4cad1 [2026-09-21T12:05:03.956192] ] (STDOUT, APP/TASK/deploy)#
#2026 09 21 12:05:06.748#Z#DEBUG#6a48e96a-b5b4-11f1-b631-eeee0a9b49e1.backend-db-deployer#flowable-async-job-executor-thread-139379#
[PollExecuteTaskStatusExecution] 5fd8dc3c-33ed-4c50-a49f-c9bca4b4cad1 [2026-09-21T12:05:03.956194] } (STDOUT, APP/TASK/deploy)#
#2026 09 21 12:05:06.748#Z#DEBUG#6a48e96a-b5b4-11f1-b631-eeee0a9b49e1.backend-db-deployer#flowable-async-job-executor-thread-139379#
[PollExecuteTaskStatusExecution] 5fd8dc3c-33ed-4c50-a49f-c9bca4b4cad1 [2026-09-21T12:05:04.389572] @sap/hdi-deploy, version 5.7.0 (mode default), server version 4.00.000.00.1788856605 (4.0.0.0), cloud version 2026.14.19, node version 24.19.0, HDI version 1016, container API version 1007 (STDOUT, APP/TASK/deploy)#
#2026 09 21 12:05:06.748#Z#DEBUG#6a48e96a-b5b4-11f1-b631-eeee0a9b49e1.backend-db-deployer#flowable-async-job-executor-thread-139379#
[PollExecuteTaskStatusExecution] 5fd8dc3c-33ed-4c50-a49f-c9bca4b4cad1 [2026-09-21T12:05:04.389891] Deployment started at 2026-09-21 12:05:04 (STDOUT, APP/TASK/deploy)#
#2026 09 21 12:05:06.748#Z#DEBUG#6a48e96a-b5b4-11f1-b631-eeee0a9b49e1.backend-db-deployer#flowable-async-job-executor-thread-139379#
[PollExecuteTaskStatusExecution] 5fd8dc3c-33ed-4c50-a49f-c9bca4b4cad1 [2026-09-21T12:05:04.391111] Using hdb@2.29.6 for connection (STDOUT, APP/TASK/deploy)#
#2026 09 21 12:05:06.748#Z#DEBUG#6a48e96a-b5b4-11f1-b631-eeee0a9b49e1.backend-db-deployer#flowable-async-job-executor-thread-139379#
[PollExecuteTaskStatusExecution] 5fd8dc3c-33ed-4c50-a49f-c9bca4b4cad1 [2026-09-21T12:05:04.410469] No ignore file at /home/vcap/app/.hdiignore. (STDOUT, APP/TASK/deploy)#
#2026 09 21 12:05:06.748#Z#DEBUG#6a48e96a-b5b4-11f1-b631-eeee0a9b49e1.backend-db-deployer#flowable-async-job-executor-thread-139379#
[PollExecuteTaskStatusExecution] 5fd8dc3c-33ed-4c50-a49f-c9bca4b4cad1 [2026-09-21T12:05:04.410839] Collecting files... (STDOUT, APP/TASK/deploy)#
#2026 09 21 12:05:06.748#Z#DEBUG#6a48e96a-b5b4-11f1-b631-eeee0a9b49e1.backend-db-deployer#flowable-async-job-executor-thread-139379#
[PollExecuteTaskStatusExecution] 5fd8dc3c-33ed-4c50-a49f-c9bca4b4cad1 [2026-09-21T12:05:04.416105] Collecting files... ok (0s 5ms) (STDOUT, APP/TASK/deploy)#
#2026 09 21 12:05:06.748#Z#DEBUG#6a48e96a-b5b4-11f1-b631-eeee0a9b49e1.backend-db-deployer#flowable-async-job-executor-thread-139379#
[PollExecuteTaskStatusExecution] 5fd8dc3c-33ed-4c50-a49f-c9bca4b4cad1 [2026-09-21T12:05:04.416139] 3 directories collected (STDOUT, APP/TASK/deploy)#
#2026 09 21 12:05:06.748#Z#DEBUG#6a48e96a-b5b4-11f1-b631-eeee0a9b49e1.backend-db-deployer#flowable-async-job-executor-thread-139379#
[PollExecuteTaskStatusExecution] 5fd8dc3c-33ed-4c50-a49f-c9bca4b4cad1 [2026-09-21T12:05:04.416174] 10 files collected (STDOUT, APP/TASK/deploy)#
#2026 09 21 12:05:06.748#Z#DEBUG#6a48e96a-b5b4-11f1-b631-eeee0a9b49e1.backend-db-deployer#flowable-async-job-executor-thread-139379#
[PollExecuteTaskStatusExecution] 5fd8dc3c-33ed-4c50-a49f-c9bca4b4cad1 [2026-09-21T12:05:04.416181] 0 reusable modules collected (STDOUT, APP/TASK/deploy)#
#2026 09 21 12:05:06.748#Z#DEBUG#6a48e96a-b5b4-11f1-b631-eeee0a9b49e1.backend-db-deployer#flowable-async-job-executor-thread-139379#
[PollExecuteTaskStatusExecution] 5fd8dc3c-33ed-4c50-a49f-c9bca4b4cad1 [2026-09-21T12:05:04.416183] Target service: backend-db (STDOUT, APP/TASK/deploy)#
#2026 09 21 12:05:06.748#Z#DEBUG#6a48e96a-b5b4-11f1-b631-eeee0a9b49e1.backend-db-deployer#flowable-async-job-executor-thread-139379#
[PollExecuteTaskStatusExecution] 5fd8dc3c-33ed-4c50-a49f-c9bca4b4cad1 [2026-09-21T12:05:04.580715] Previous build with request ID 92 finished at 2026-09-21T12:04:53.989 with status Canceled and message: Make failed (5 errors, 0 warnings): tried to deploy 2 files, undeploy 0 files, redeploy 1 dependent files. (STDOUT, APP/TASK/deploy)#
#2026 09 21 12:05:06.748#Z#DEBUG#6a48e96a-b5b4-11f1-b631-eeee0a9b49e1.backend-db-deployer#flowable-async-job-executor-thread-139379#
[PollExecuteTaskStatusExecution] 5fd8dc3c-33ed-4c50-a49f-c9bca4b4cad1 [2026-09-21T12:05:04.580899] Processing revoke files... (STDOUT, APP/TASK/deploy)#
#2026 09 21 12:05:06.748#Z#DEBUG#6a48e96a-b5b4-11f1-b631-eeee0a9b49e1.backend-db-deployer#flowable-async-job-executor-thread-139379#
[PollExecuteTaskStatusExecution] 5fd8dc3c-33ed-4c50-a49f-c9bca4b4cad1 [2026-09-21T12:05:04.581014] Processing revoke files... ok (0s 0ms) (STDOUT, APP/TASK/deploy)#
#2026 09 21 12:05:06.748#Z#DEBUG#6a48e96a-b5b4-11f1-b631-eeee0a9b49e1.backend-db-deployer#flowable-async-job-executor-thread-139379#
[PollExecuteTaskStatusExecution] 5fd8dc3c-33ed-4c50-a49f-c9bca4b4cad1 [2026-09-21T12:05:04.581169] Processing grants files... (STDOUT, APP/TASK/deploy)#
#2026 09 21 12:05:06.748#Z#DEBUG#6a48e96a-b5b4-11f1-b631-eeee0a9b49e1.backend-db-deployer#flowable-async-job-executor-thread-139379#
[PollExecuteTaskStatusExecution] 5fd8dc3c-33ed-4c50-a49f-c9bca4b4cad1 [2026-09-21T12:05:04.581330] Processing grants files... ok (0s 0ms) (STDOUT, APP/TASK/deploy)#
#2026 09 21 12:05:06.748#Z#DEBUG#6a48e96a-b5b4-11f1-b631-eeee0a9b49e1.backend-db-deployer#flowable-async-job-executor-thread-139379#
[PollExecuteTaskStatusExecution] 5fd8dc3c-33ed-4c50-a49f-c9bca4b4cad1 [2026-09-21T12:05:04.585376] Preprocessing files... (STDOUT, APP/TASK/deploy)#
#2026 09 21 12:05:06.748#Z#DEBUG#6a48e96a-b5b4-11f1-b631-eeee0a9b49e1.backend-db-deployer#flowable-async-job-executor-thread-139379#
[PollExecuteTaskStatusExecution] 5fd8dc3c-33ed-4c50-a49f-c9bca4b4cad1 [2026-09-21T12:05:04.585408] Preprocessing files... ok (0s 0ms) (STDOUT, APP/TASK/deploy)#
#2026 09 21 12:05:06.748#Z#DEBUG#6a48e96a-b5b4-11f1-b631-eeee0a9b49e1.backend-db-deployer#flowable-async-job-executor-thread-139379#
[PollExecuteTaskStatusExecution] 5fd8dc3c-33ed-4c50-a49f-c9bca4b4cad1 [2026-09-21T12:05:04.585413] Connecting to the container "4E190AF9079C4FEE882C6D641C13F720"... (STDOUT, APP/TASK/deploy)#
#2026 09 21 12:05:06.748#Z#DEBUG#6a48e96a-b5b4-11f1-b631-eeee0a9b49e1.backend-db-deployer#flowable-async-job-executor-thread-139379#
[PollExecuteTaskStatusExecution] 5fd8dc3c-33ed-4c50-a49f-c9bca4b4cad1 [2026-09-21T12:05:04.666197] Connecting to the container "4E190AF9079C4FEE882C6D641C13F720"... ok (0s 82ms) (STDOUT, APP/TASK/deploy)#
#2026 09 21 12:05:06.748#Z#DEBUG#6a48e96a-b5b4-11f1-b631-eeee0a9b49e1.backend-db-deployer#flowable-async-job-executor-thread-139379#
[PollExecuteTaskStatusExecution] 5fd8dc3c-33ed-4c50-a49f-c9bca4b4cad1 [2026-09-21T12:05:04.666327] Locking the container "4E190AF9079C4FEE882C6D641C13F720"... (STDOUT, APP/TASK/deploy)#
#2026 09 21 12:05:06.748#Z#DEBUG#6a48e96a-b5b4-11f1-b631-eeee0a9b49e1.backend-db-deployer#flowable-async-job-executor-thread-139379#
[PollExecuteTaskStatusExecution] 5fd8dc3c-33ed-4c50-a49f-c9bca4b4cad1 [2026-09-21T12:05:04.848929] Locking the container "4E190AF9079C4FEE882C6D641C13F720"... ok (0s 183ms) (STDOUT, APP/TASK/deploy)#
#2026 09 21 12:05:06.748#Z#DEBUG#6a48e96a-b5b4-11f1-b631-eeee0a9b49e1.backend-db-deployer#flowable-async-job-executor-thread-139379#
[PollExecuteTaskStatusExecution] 5fd8dc3c-33ed-4c50-a49f-c9bca4b4cad1 [2026-09-21T12:05:04.849005] Synchronizing files with the container "4E190AF9079C4FEE882C6D641C13F720"... (STDOUT, APP/TASK/deploy)#
#2026 09 21 12:05:06.748#Z#DEBUG#6a48e96a-b5b4-11f1-b631-eeee0a9b49e1.backend-db-deployer#flowable-async-job-executor-thread-139379#
[PollExecuteTaskStatusExecution] 5fd8dc3c-33ed-4c50-a49f-c9bca4b4cad1 [2026-09-21T12:05:05.032482] Deleting files... (STDOUT, APP/TASK/deploy)#
#2026 09 21 12:05:06.748#Z#DEBUG#6a48e96a-b5b4-11f1-b631-eeee0a9b49e1.backend-db-deployer#flowable-async-job-executor-thread-139379#
[PollExecuteTaskStatusExecution] 5fd8dc3c-33ed-4c50-a49f-c9bca4b4cad1 [2026-09-21T12:05:05.196961] Deleting files... ok (STDOUT, APP/TASK/deploy)#
#2026 09 21 12:05:06.748#Z#DEBUG#6a48e96a-b5b4-11f1-b631-eeee0a9b49e1.backend-db-deployer#flowable-async-job-executor-thread-139379#
[PollExecuteTaskStatusExecution] 5fd8dc3c-33ed-4c50-a49f-c9bca4b4cad1 [2026-09-21T12:05:05.196990] Writing files... (STDOUT, APP/TASK/deploy)#
#2026 09 21 12:05:06.748#Z#DEBUG#6a48e96a-b5b4-11f1-b631-eeee0a9b49e1.backend-db-deployer#flowable-async-job-executor-thread-139379#
[PollExecuteTaskStatusExecution] 5fd8dc3c-33ed-4c50-a49f-c9bca4b4cad1 [2026-09-21T12:05:05.197088] Writing 5 items (STDOUT, APP/TASK/deploy)#
#2026 09 21 12:05:06.748#Z#DEBUG#6a48e96a-b5b4-11f1-b631-eeee0a9b49e1.backend-db-deployer#flowable-async-job-executor-thread-139379#
[PollExecuteTaskStatusExecution] 5fd8dc3c-33ed-4c50-a49f-c9bca4b4cad1 [2026-09-21T12:05:05.355732] Writing files... ok (STDOUT, APP/TASK/deploy)#
#2026 09 21 12:05:06.748#Z#DEBUG#6a48e96a-b5b4-11f1-b631-eeee0a9b49e1.backend-db-deployer#flowable-async-job-executor-thread-139379#
[PollExecuteTaskStatusExecution] 5fd8dc3c-33ed-4c50-a49f-c9bca4b4cad1 [2026-09-21T12:05:05.355788] Synchronizing files with the container "4E190AF9079C4FEE882C6D641C13F720"... ok (0s 507ms) (STDOUT, APP/TASK/deploy)#
#2026 09 21 12:05:06.748#Z#DEBUG#6a48e96a-b5b4-11f1-b631-eeee0a9b49e1.backend-db-deployer#flowable-async-job-executor-thread-139379#
[PollExecuteTaskStatusExecution] 5fd8dc3c-33ed-4c50-a49f-c9bca4b4cad1 [2026-09-21T12:05:05.356296] added files: [ (STDOUT, APP/TASK/deploy)#
#2026 09 21 12:05:06.748#Z#DEBUG#6a48e96a-b5b4-11f1-b631-eeee0a9b49e1.backend-db-deployer#flowable-async-job-executor-thread-139379#
[PollExecuteTaskStatusExecution] 5fd8dc3c-33ed-4c50-a49f-c9bca4b4cad1 [2026-09-21T12:05:05.356315] "src/gen/data/my.bookshop-Books.csv", (STDOUT, APP/TASK/deploy)#
#2026 09 21 12:05:06.748#Z#DEBUG#6a48e96a-b5b4-11f1-b631-eeee0a9b49e1.backend-db-deployer#flowable-async-job-executor-thread-139379#
[PollExecuteTaskStatusExecution] 5fd8dc3c-33ed-4c50-a49f-c9bca4b4cad1 [2026-09-21T12:05:05.356319] "src/gen/data/my.bookshop-Books.hdbtabledata" (STDOUT, APP/TASK/deploy)#
#2026 09 21 12:05:06.748#Z#DEBUG#6a48e96a-b5b4-11f1-b631-eeee0a9b49e1.backend-db-deployer#flowable-async-job-executor-thread-139379#
[PollExecuteTaskStatusExecution] 5fd8dc3c-33ed-4c50-a49f-c9bca4b4cad1 [2026-09-21T12:05:05.356327] ] (STDOUT, APP/TASK/deploy)#
#2026 09 21 12:05:06.748#Z#DEBUG#6a48e96a-b5b4-11f1-b631-eeee0a9b49e1.backend-db-deployer#flowable-async-job-executor-thread-139379#
[PollExecuteTaskStatusExecution] 5fd8dc3c-33ed-4c50-a49f-c9bca4b4cad1 [2026-09-21T12:05:05.356331] modified files: [] (STDOUT, APP/TASK/deploy)#
#2026 09 21 12:05:06.748#Z#DEBUG#6a48e96a-b5b4-11f1-b631-eeee0a9b49e1.backend-db-deployer#flowable-async-job-executor-thread-139379#
[PollExecuteTaskStatusExecution] 5fd8dc3c-33ed-4c50-a49f-c9bca4b4cad1 [2026-09-21T12:05:05.356351] deleted files: [] (STDOUT, APP/TASK/deploy)#
#2026 09 21 12:05:06.748#Z#DEBUG#6a48e96a-b5b4-11f1-b631-eeee0a9b49e1.backend-db-deployer#flowable-async-job-executor-thread-139379#
[PollExecuteTaskStatusExecution] 5fd8dc3c-33ed-4c50-a49f-c9bca4b4cad1 [2026-09-21T12:05:05.356424] 2 modified or added files are scheduled for deploy based on delta detection (STDOUT, APP/TASK/deploy)#
#2026 09 21 12:05:06.748#Z#DEBUG#6a48e96a-b5b4-11f1-b631-eeee0a9b49e1.backend-db-deployer#flowable-async-job-executor-thread-139379#
[PollExecuteTaskStatusExecution] 5fd8dc3c-33ed-4c50-a49f-c9bca4b4cad1 [2026-09-21T12:05:05.356663] 0 deleted files are scheduled for undeploy based on delta detection (filtered by undeploy allowlist) (STDOUT, APP/TASK/deploy)#
#2026 09 21 12:05:06.748#Z#DEBUG#6a48e96a-b5b4-11f1-b631-eeee0a9b49e1.backend-db-deployer#flowable-async-job-executor-thread-139379#
[PollExecuteTaskStatusExecution] 5fd8dc3c-33ed-4c50-a49f-c9bca4b4cad1 [2026-09-21T12:05:05.357116] 0 files are scheduled for deploy based on explicit specification (STDOUT, APP/TASK/deploy)#
#2026 09 21 12:05:06.748#Z#DEBUG#6a48e96a-b5b4-11f1-b631-eeee0a9b49e1.backend-db-deployer#flowable-async-job-executor-thread-139379#
[PollExecuteTaskStatusExecution] 5fd8dc3c-33ed-4c50-a49f-c9bca4b4cad1 [2026-09-21T12:05:05.357151] 0 files are scheduled for undeploy based on explicit specification (STDOUT, APP/TASK/deploy)#
#2026 09 21 12:05:06.748#Z#DEBUG#6a48e96a-b5b4-11f1-b631-eeee0a9b49e1.backend-db-deployer#flowable-async-job-executor-thread-139379#
[PollExecuteTaskStatusExecution] 5fd8dc3c-33ed-4c50-a49f-c9bca4b4cad1 [2026-09-21T12:05:05.357179] Deploying to the container "4E190AF9079C4FEE882C6D641C13F720"... (STDOUT, APP/TASK/deploy)#
#2026 09 21 12:05:06.748#Z#DEBUG#6a48e96a-b5b4-11f1-b631-eeee0a9b49e1.backend-db-deployer#flowable-async-job-executor-thread-139379#
[PollExecuteTaskStatusExecution] 5fd8dc3c-33ed-4c50-a49f-c9bca4b4cad1 [2026-09-21T12:05:05.783141] Starting make in the container "4E190AF9079C4FEE882C6D641C13F720" with 2 files to deploy, 0 files to undeploy... (STDOUT, APP/TASK/deploy)#
#2026 09 21 12:05:06.748#Z#DEBUG#6a48e96a-b5b4-11f1-b631-eeee0a9b49e1.backend-db-deployer#flowable-async-job-executor-thread-139379#
[PollExecuteTaskStatusExecution] 5fd8dc3c-33ed-4c50-a49f-c9bca4b4cad1 [2026-09-21T12:05:05.783175] Disabling table replication for the container schema "4E190AF9079C4FEE882C6D641C13F720"... (STDOUT, APP/TASK/deploy)#
#2026 09 21 12:05:06.748#Z#DEBUG#6a48e96a-b5b4-11f1-b631-eeee0a9b49e1.backend-db-deployer#flowable-async-job-executor-thread-139379#
[PollExecuteTaskStatusExecution] 5fd8dc3c-33ed-4c50-a49f-c9bca4b4cad1 [2026-09-21T12:05:05.783181] Disabling table replication for the container schema "4E190AF9079C4FEE882C6D641C13F720"... ok (0s 18ms) (STDOUT, APP/TASK/deploy)#
#2026 09 21 12:05:06.748#Z#DEBUG#6a48e96a-b5b4-11f1-b631-eeee0a9b49e1.backend-db-deployer#flowable-async-job-executor-thread-139379#
[PollExecuteTaskStatusExecution] 5fd8dc3c-33ed-4c50-a49f-c9bca4b4cad1 [2026-09-21T12:05:05.783190] Migrating libraries... (STDOUT, APP/TASK/deploy)#
#2026 09 21 12:05:06.748#Z#DEBUG#6a48e96a-b5b4-11f1-b631-eeee0a9b49e1.backend-db-deployer#flowable-async-job-executor-thread-139379#
[PollExecuteTaskStatusExecution] 5fd8dc3c-33ed-4c50-a49f-c9bca4b4cad1 [2026-09-21T12:05:05.783206] Migrating libraries... ok (0s 18ms) (STDOUT, APP/TASK/deploy)#
#2026 09 21 12:05:06.748#Z#DEBUG#6a48e96a-b5b4-11f1-b631-eeee0a9b49e1.backend-db-deployer#flowable-async-job-executor-thread-139379#
[PollExecuteTaskStatusExecution] 5fd8dc3c-33ed-4c50-a49f-c9bca4b4cad1 [2026-09-21T12:05:05.783217] Making... (STDOUT, APP/TASK/deploy)#
#2026 09 21 12:05:06.748#Z#DEBUG#6a48e96a-b5b4-11f1-b631-eeee0a9b49e1.backend-db-deployer#flowable-async-job-executor-thread-139379#
[PollExecuteTaskStatusExecution] 5fd8dc3c-33ed-4c50-a49f-c9bca4b4cad1 [2026-09-21T12:05:05.783220] Preparing... (STDOUT, APP/TASK/deploy)#
#2026 09 21 12:05:06.748#Z#DEBUG#6a48e96a-b5b4-11f1-b631-eeee0a9b49e1.backend-db-deployer#flowable-async-job-executor-thread-139379#
[PollExecuteTaskStatusExecution] 5fd8dc3c-33ed-4c50-a49f-c9bca4b4cad1 [2026-09-21T12:05:05.783224] Preparing the make transaction... (STDOUT, APP/TASK/deploy)#
#2026 09 21 12:05:06.748#Z#DEBUG#6a48e96a-b5b4-11f1-b631-eeee0a9b49e1.backend-db-deployer#flowable-async-job-executor-thread-139379#
[PollExecuteTaskStatusExecution] 5fd8dc3c-33ed-4c50-a49f-c9bca4b4cad1 [2026-09-21T12:05:05.783235] Adding "src/gen/data/my.bookshop-Books.csv" for deploy... (STDOUT, APP/TASK/deploy)#
#2026 09 21 12:05:06.748#Z#DEBUG#6a48e96a-b5b4-11f1-b631-eeee0a9b49e1.backend-db-deployer#flowable-async-job-executor-thread-139379#
[PollExecuteTaskStatusExecution] 5fd8dc3c-33ed-4c50-a49f-c9bca4b4cad1 [2026-09-21T12:05:05.784231] Preparing the make transaction... ok (0s 16ms) (STDOUT, APP/TASK/deploy)#
#2026 09 21 12:05:06.748#Z#DEBUG#6a48e96a-b5b4-11f1-b631-eeee0a9b49e1.backend-db-deployer#flowable-async-job-executor-thread-139379#
[PollExecuteTaskStatusExecution] 5fd8dc3c-33ed-4c50-a49f-c9bca4b4cad1 [2026-09-21T12:05:05.784244] Adding "src/gen/data/my.bookshop-Books.csv" for deploy... ok (0s 12ms) (STDOUT, APP/TASK/deploy)#
#2026 09 21 12:05:06.748#Z#DEBUG#6a48e96a-b5b4-11f1-b631-eeee0a9b49e1.backend-db-deployer#flowable-async-job-executor-thread-139379#
[PollExecuteTaskStatusExecution] 5fd8dc3c-33ed-4c50-a49f-c9bca4b4cad1 [2026-09-21T12:05:05.784247] Adding "src/gen/data/my.bookshop-Books.hdbtabledata" for deploy... (STDOUT, APP/TASK/deploy)#
#2026 09 21 12:05:06.748#Z#DEBUG#6a48e96a-b5b4-11f1-b631-eeee0a9b49e1.backend-db-deployer#flowable-async-job-executor-thread-139379#
[PollExecuteTaskStatusExecution] 5fd8dc3c-33ed-4c50-a49f-c9bca4b4cad1 [2026-09-21T12:05:05.784250] Adding "src/gen/data/my.bookshop-Books.hdbtabledata" for deploy... ok (0s 0ms) (STDOUT, APP/TASK/deploy)#
#2026 09 21 12:05:06.748#Z#DEBUG#6a48e96a-b5b4-11f1-b631-eeee0a9b49e1.backend-db-deployer#flowable-async-job-executor-thread-139379#
[PollExecuteTaskStatusExecution] 5fd8dc3c-33ed-4c50-a49f-c9bca4b4cad1 [2026-09-21T12:05:05.784254] Preparing... ok (0s 48ms) (STDOUT, APP/TASK/deploy)#
#2026 09 21 12:05:06.748#Z#DEBUG#6a48e96a-b5b4-11f1-b631-eeee0a9b49e1.backend-db-deployer#flowable-async-job-executor-thread-139379#
[PollExecuteTaskStatusExecution] 5fd8dc3c-33ed-4c50-a49f-c9bca4b4cad1 [2026-09-21T12:05:05.784260] Calculating dependencies... (STDOUT, APP/TASK/deploy)#
#2026 09 21 12:05:06.748#Z#DEBUG#6a48e96a-b5b4-11f1-b631-eeee0a9b49e1.backend-db-deployer#flowable-async-job-executor-thread-139379#
[PollExecuteTaskStatusExecution] 5fd8dc3c-33ed-4c50-a49f-c9bca4b4cad1 [2026-09-21T12:05:05.784264] Expanding... (STDOUT, APP/TASK/deploy)#
#2026 09 21 12:05:06.748#Z#DEBUG#6a48e96a-b5b4-11f1-b631-eeee0a9b49e1.backend-db-deployer#flowable-async-job-executor-thread-139379#
[PollExecuteTaskStatusExecution] 5fd8dc3c-33ed-4c50-a49f-c9bca4b4cad1 [2026-09-21T12:05:05.784266] Expanding "src/gen/data/my.bookshop-Books.hdbtabledata"... (STDOUT, APP/TASK/deploy)#
#2026 09 21 12:05:06.748#Z#DEBUG#6a48e96a-b5b4-11f1-b631-eeee0a9b49e1.backend-db-deployer#flowable-async-job-executor-thread-139379#
[PollExecuteTaskStatusExecution] 5fd8dc3c-33ed-4c50-a49f-c9bca4b4cad1 [2026-09-21T12:05:05.784269] Expanding "src/gen/data/my.bookshop-Books.hdbtabledata"... ok (0s 2ms) (STDOUT, APP/TASK/deploy)#
#2026 09 21 12:05:06.748#Z#DEBUG#6a48e96a-b5b4-11f1-b631-eeee0a9b49e1.backend-db-deployer#flowable-async-job-executor-thread-139379#
[PollExecuteTaskStatusExecution] 5fd8dc3c-33ed-4c50-a49f-c9bca4b4cad1 [2026-09-21T12:05:05.784271] Expanding... ok (0s 19ms) (STDOUT, APP/TASK/deploy)#
#2026 09 21 12:05:06.748#Z#DEBUG#6a48e96a-b5b4-11f1-b631-eeee0a9b49e1.backend-db-deployer#flowable-async-job-executor-thread-139379#
[PollExecuteTaskStatusExecution] 5fd8dc3c-33ed-4c50-a49f-c9bca4b4cad1 [2026-09-21T12:05:05.784273] Precompiling... (STDOUT, APP/TASK/deploy)#
#2026 09 21 12:05:06.748#Z#DEBUG#6a48e96a-b5b4-11f1-b631-eeee0a9b49e1.backend-db-deployer#flowable-async-job-executor-thread-139379#
[PollExecuteTaskStatusExecution] 5fd8dc3c-33ed-4c50-a49f-c9bca4b4cad1 [2026-09-21T12:05:05.784276] Precompiling "src/gen/data/my.bookshop-Books.csv"... (STDOUT, APP/TASK/deploy)#
#2026 09 21 12:05:06.748#Z#DEBUG#6a48e96a-b5b4-11f1-b631-eeee0a9b49e1.backend-db-deployer#flowable-async-job-executor-thread-139379#
[PollExecuteTaskStatusExecution] 5fd8dc3c-33ed-4c50-a49f-c9bca4b4cad1 [2026-09-21T12:05:05.784278] Precompiling "src/gen/data/my.bookshop-Books.hdbtabledata"... (STDOUT, APP/TASK/deploy)#
#2026 09 21 12:05:06.748#Z#DEBUG#6a48e96a-b5b4-11f1-b631-eeee0a9b49e1.backend-db-deployer#flowable-async-job-executor-thread-139379#
[PollExecuteTaskStatusExecution] 5fd8dc3c-33ed-4c50-a49f-c9bca4b4cad1 [2026-09-21T12:05:05.784280] Precompiling "src/gen/data/my.bookshop-Books.hdbtabledata"... ok (0s 0ms) (STDOUT, APP/TASK/deploy)#
#2026 09 21 12:05:06.748#Z#DEBUG#6a48e96a-b5b4-11f1-b631-eeee0a9b49e1.backend-db-deployer#flowable-async-job-executor-thread-139379#
[PollExecuteTaskStatusExecution] 5fd8dc3c-33ed-4c50-a49f-c9bca4b4cad1 [2026-09-21T12:05:05.784282] Precompiling "src/gen/data/my.bookshop-Books.hdbtabledata$0.expand"... (STDOUT, APP/TASK/deploy)#
#2026 09 21 12:05:06.748#Z#DEBUG#6a48e96a-b5b4-11f1-b631-eeee0a9b49e1.backend-db-deployer#flowable-async-job-executor-thread-139379#
[PollExecuteTaskStatusExecution] 5fd8dc3c-33ed-4c50-a49f-c9bca4b4cad1 [2026-09-21T12:05:05.784283] Error: com.sap.hana.di.tabledata: The "include_filter" definitions match with 1 records that already exist in the "MY_BOOKSHOP_BOOKS" table [8251521] (STDERR, APP/TASK/deploy)#
#2026 09 21 12:05:06.748#Z#DEBUG#6a48e96a-b5b4-11f1-b631-eeee0a9b49e1.backend-db-deployer#flowable-async-job-executor-thread-139379#
[PollExecuteTaskStatusExecution] 5fd8dc3c-33ed-4c50-a49f-c9bca4b4cad1 [2026-09-21T12:05:05.784285] Expanded from "src/gen/data/my.bookshop-Books.hdbtabledata" (STDOUT, APP/TASK/deploy)#
#2026 09 21 12:05:06.748#Z#DEBUG#6a48e96a-b5b4-11f1-b631-eeee0a9b49e1.backend-db-deployer#flowable-async-job-executor-thread-139379#
[PollExecuteTaskStatusExecution] 5fd8dc3c-33ed-4c50-a49f-c9bca4b4cad1 [2026-09-21T12:05:05.784287] Precompiling "src/gen/data/my.bookshop-Books.hdbtabledata$0.expand"... ok (0s 1ms) (STDOUT, APP/TASK/deploy)#
#2026 09 21 12:05:06.748#Z#DEBUG#6a48e96a-b5b4-11f1-b631-eeee0a9b49e1.backend-db-deployer#flowable-async-job-executor-thread-139379#
[PollExecuteTaskStatusExecution] 5fd8dc3c-33ed-4c50-a49f-c9bca4b4cad1 [2026-09-21T12:05:05.784292] Precompiling "src/gen/data/my.bookshop-Books.csv"... ok (0s 2ms) (STDOUT, APP/TASK/deploy)#
#2026 09 21 12:05:06.748#Z#DEBUG#6a48e96a-b5b4-11f1-b631-eeee0a9b49e1.backend-db-deployer#flowable-async-job-executor-thread-139379#
[PollExecuteTaskStatusExecution] 5fd8dc3c-33ed-4c50-a49f-c9bca4b4cad1 [2026-09-21T12:05:05.784295] Precompiling... ok (0s 20ms) (STDOUT, APP/TASK/deploy)#
#2026 09 21 12:05:06.748#Z#DEBUG#6a48e96a-b5b4-11f1-b631-eeee0a9b49e1.backend-db-deployer#flowable-async-job-executor-thread-139379#
[PollExecuteTaskStatusExecution] 5fd8dc3c-33ed-4c50-a49f-c9bca4b4cad1 [2026-09-21T12:05:05.784299] Error: com.sap.hana.di.tabledata: Deploying "src/gen/data/my.bookshop-Books.hdbtabledata$0.expand"... failed [8212145] (STDERR, APP/TASK/deploy)#
#2026 09 21 12:05:06.748#Z#DEBUG#6a48e96a-b5b4-11f1-b631-eeee0a9b49e1.backend-db-deployer#flowable-async-job-executor-thread-139379#
[PollExecuteTaskStatusExecution] 5fd8dc3c-33ed-4c50-a49f-c9bca4b4cad1 [2026-09-21T12:05:05.784302] Merging... (STDOUT, APP/TASK/deploy)#
#2026 09 21 12:05:06.748#Z#DEBUG#6a48e96a-b5b4-11f1-b631-eeee0a9b49e1.backend-db-deployer#flowable-async-job-executor-thread-139379#
[PollExecuteTaskStatusExecution] 5fd8dc3c-33ed-4c50-a49f-c9bca4b4cad1 [2026-09-21T12:05:05.784303] Error: Worker 3 has encountered an error; all remaining jobs will be canceled [8214600] (STDERR, APP/TASK/deploy)#
#2026 09 21 12:05:06.748#Z#DEBUG#6a48e96a-b5b4-11f1-b631-eeee0a9b49e1.backend-db-deployer#flowable-async-job-executor-thread-139379#
[PollExecuteTaskStatusExecution] 5fd8dc3c-33ed-4c50-a49f-c9bca4b4cad1 [2026-09-21T12:05:05.784304] Merging... ok (0s 4ms) (STDOUT, APP/TASK/deploy)#
#2026 09 21 12:05:06.748#Z#DEBUG#6a48e96a-b5b4-11f1-b631-eeee0a9b49e1.backend-db-deployer#flowable-async-job-executor-thread-139379#
[PollExecuteTaskStatusExecution] 5fd8dc3c-33ed-4c50-a49f-c9bca4b4cad1 [2026-09-21T12:05:05.784307] Error: Processing work list... failed [8212102] (STDERR, APP/TASK/deploy)#
#2026 09 21 12:05:06.748#Z#DEBUG#6a48e96a-b5b4-11f1-b631-eeee0a9b49e1.backend-db-deployer#flowable-async-job-executor-thread-139379#
[PollExecuteTaskStatusExecution] 5fd8dc3c-33ed-4c50-a49f-c9bca4b4cad1 [2026-09-21T12:05:05.784307] Calculating dependencies... ok (0s 43ms) (STDOUT, APP/TASK/deploy)#
#2026 09 21 12:05:06.748#Z#DEBUG#6a48e96a-b5b4-11f1-b631-eeee0a9b49e1.backend-db-deployer#flowable-async-job-executor-thread-139379#
[PollExecuteTaskStatusExecution] 5fd8dc3c-33ed-4c50-a49f-c9bca4b4cad1 [2026-09-21T12:05:05.784310] Processing work list... (STDOUT, APP/TASK/deploy)#
#2026 09 21 12:05:06.748#Z#DEBUG#6a48e96a-b5b4-11f1-b631-eeee0a9b49e1.backend-db-deployer#flowable-async-job-executor-thread-139379#
[PollExecuteTaskStatusExecution] 5fd8dc3c-33ed-4c50-a49f-c9bca4b4cad1 [2026-09-21T12:05:05.784310] Error: Making... failed [8211605] (STDERR, APP/TASK/deploy)#
#2026 09 21 12:05:06.748#Z#DEBUG#6a48e96a-b5b4-11f1-b631-eeee0a9b49e1.backend-db-deployer#flowable-async-job-executor-thread-139379#
[PollExecuteTaskStatusExecution] 5fd8dc3c-33ed-4c50-a49f-c9bca4b4cad1 [2026-09-21T12:05:05.784312] Deploying "src/gen/data/my.bookshop-Books.csv"... (STDOUT, APP/TASK/deploy)#
#2026 09 21 12:05:06.748#Z#DEBUG#6a48e96a-b5b4-11f1-b631-eeee0a9b49e1.backend-db-deployer#flowable-async-job-executor-thread-139379#
[PollExecuteTaskStatusExecution] 5fd8dc3c-33ed-4c50-a49f-c9bca4b4cad1 [2026-09-21T12:05:05.784314] Deploying "src/gen/data/my.bookshop-Books.hdbtabledata"... (STDOUT, APP/TASK/deploy)#
#2026 09 21 12:05:06.748#Z#DEBUG#6a48e96a-b5b4-11f1-b631-eeee0a9b49e1.backend-db-deployer#flowable-async-job-executor-thread-139379#
[PollExecuteTaskStatusExecution] 5fd8dc3c-33ed-4c50-a49f-c9bca4b4cad1 [2026-09-21T12:05:05.784316] Deploying "src/gen/data/my.bookshop-Books.hdbtabledata"... ok (0s 0ms) (STDOUT, APP/TASK/deploy)#
#2026 09 21 12:05:06.748#Z#DEBUG#6a48e96a-b5b4-11f1-b631-eeee0a9b49e1.backend-db-deployer#flowable-async-job-executor-thread-139379#
[PollExecuteTaskStatusExecution] 5fd8dc3c-33ed-4c50-a49f-c9bca4b4cad1 [2026-09-21T12:05:05.784317] Error: Starting make in the container "4E190AF9079C4FEE882C6D641C13F720" with 2 files to deploy, 0 files to undeploy... failed [8214168] (STDERR, APP/TASK/deploy)#
#2026 09 21 12:05:06.748#Z#DEBUG#6a48e96a-b5b4-11f1-b631-eeee0a9b49e1.backend-db-deployer#flowable-async-job-executor-thread-139379#
[PollExecuteTaskStatusExecution] 5fd8dc3c-33ed-4c50-a49f-c9bca4b4cad1 [2026-09-21T12:05:05.784319] Deploying "src/gen/data/my.bookshop-Books.csv"... ok (0s 3ms) (STDOUT, APP/TASK/deploy)#
#2026 09 21 12:05:06.748#Z#DEBUG#6a48e96a-b5b4-11f1-b631-eeee0a9b49e1.backend-db-deployer#flowable-async-job-executor-thread-139379#
[PollExecuteTaskStatusExecution] 5fd8dc3c-33ed-4c50-a49f-c9bca4b4cad1 [2026-09-21T12:05:05.784321] Deploying "src/gen/data/my.bookshop-Books.hdbtabledata$0.expand"... (STDOUT, APP/TASK/deploy)#
#2026 09 21 12:05:06.748#Z#DEBUG#6a48e96a-b5b4-11f1-b631-eeee0a9b49e1.backend-db-deployer#flowable-async-job-executor-thread-139379#
[PollExecuteTaskStatusExecution] 5fd8dc3c-33ed-4c50-a49f-c9bca4b4cad1 [2026-09-21T12:05:05.784323] Expanded from "src/gen/data/my.bookshop-Books.hdbtabledata" (STDOUT, APP/TASK/deploy)#
#2026 09 21 12:05:06.748#Z#DEBUG#6a48e96a-b5b4-11f1-b631-eeee0a9b49e1.backend-db-deployer#flowable-async-job-executor-thread-139379#
[PollExecuteTaskStatusExecution] 5fd8dc3c-33ed-4c50-a49f-c9bca4b4cad1 [2026-09-21T12:05:05.784325] at "src/gen/data/my.bookshop-Books.hdbtabledata" (14:26,/imports[0]/import_settings) (STDOUT, APP/TASK/deploy)#
#2026 09 21 12:05:06.748#Z#DEBUG#6a48e96a-b5b4-11f1-b631-eeee0a9b49e1.backend-db-deployer#flowable-async-job-executor-thread-139379#
[PollExecuteTaskStatusExecution] 5fd8dc3c-33ed-4c50-a49f-c9bca4b4cad1 [2026-09-21T12:05:05.784327] at "src/gen/data/my.bookshop-Books.hdbtabledata$0.expand" (0:0) (STDOUT, APP/TASK/deploy)#
#2026 09 21 12:05:06.748#Z#DEBUG#6a48e96a-b5b4-11f1-b631-eeee0a9b49e1.backend-db-deployer#flowable-async-job-executor-thread-139379#
[PollExecuteTaskStatusExecution] 5fd8dc3c-33ed-4c50-a49f-c9bca4b4cad1 [2026-09-21T12:05:05.784332] Make failed (5 errors, 0 warnings): tried to deploy 2 files, undeploy 0 files, redeploy 1 dependent files (STDOUT, APP/TASK/deploy)#
#2026 09 21 12:05:06.748#Z#DEBUG#6a48e96a-b5b4-11f1-b631-eeee0a9b49e1.backend-db-deployer#flowable-async-job-executor-thread-139379#
[PollExecuteTaskStatusExecution] 5fd8dc3c-33ed-4c50-a49f-c9bca4b4cad1 [2026-09-21T12:05:05.784404] Deployment to container 4E190AF9079C4FEE882C6D641C13F720 failed - error: HDI make failed [Deployment ID: none]. (STDERR, APP/TASK/deploy)#
#2026 09 21 12:05:06.748#Z#DEBUG#6a48e96a-b5b4-11f1-b631-eeee0a9b49e1.backend-db-deployer#flowable-async-job-executor-thread-139379#
[PollExecuteTaskStatusExecution] 5fd8dc3c-33ed-4c50-a49f-c9bca4b4cad1 [2026-09-21T12:05:05.785011] Deployment ended at 2026-09-21 12:05:05 (STDOUT, APP/TASK/deploy)#
#2026 09 21 12:05:06.748#Z#DEBUG#6a48e96a-b5b4-11f1-b631-eeee0a9b49e1.backend-db-deployer#flowable-async-job-executor-thread-139379#
[PollExecuteTaskStatusExecution] 5fd8dc3c-33ed-4c50-a49f-c9bca4b4cad1 [2026-09-21T12:05:05.785626] Error: HDI make failed (STDERR, APP/TASK/deploy)#
#2026 09 21 12:05:06.748#Z#DEBUG#6a48e96a-b5b4-11f1-b631-eeee0a9b49e1.backend-db-deployer#flowable-async-job-executor-thread-139379#
[PollExecuteTaskStatusExecution] 5fd8dc3c-33ed-4c50-a49f-c9bca4b4cad1 [2026-09-21T12:05:05.785664] (1s 926ms) (STDOUT, APP/TASK/deploy)#
#2026 09 21 12:05:06.748#Z#DEBUG#6a48e96a-b5b4-11f1-b631-eeee0a9b49e1.backend-db-deployer#flowable-async-job-executor-thread-139379#
[PollExecuteTaskStatusExecution] 5fd8dc3c-33ed-4c50-a49f-c9bca4b4cad1 [2026-09-21T12:05:05.802809] npm notice (STDERR, APP/TASK/deploy)#
#2026 09 21 12:05:06.748#Z#DEBUG#6a48e96a-b5b4-11f1-b631-eeee0a9b49e1.backend-db-deployer#flowable-async-job-executor-thread-139379#
[PollExecuteTaskStatusExecution] 5fd8dc3c-33ed-4c50-a49f-c9bca4b4cad1 [2026-09-21T12:05:05.802838] npm notice New major version of npm available! 11.17.0 -> 12.0.2 (STDERR, APP/TASK/deploy)#
#2026 09 21 12:05:06.748#Z#DEBUG#6a48e96a-b5b4-11f1-b631-eeee0a9b49e1.backend-db-deployer#flowable-async-job-executor-thread-139379#
[PollExecuteTaskStatusExecution] 5fd8dc3c-33ed-4c50-a49f-c9bca4b4cad1 [2026-09-21T12:05:05.802843] npm notice Changelog: https://github.com/npm/cli/releases/tag/v12.0.2 (STDERR, APP/TASK/deploy)#
#2026 09 21 12:05:06.748#Z#DEBUG#6a48e96a-b5b4-11f1-b631-eeee0a9b49e1.backend-db-deployer#flowable-async-job-executor-thread-139379#
[PollExecuteTaskStatusExecution] 5fd8dc3c-33ed-4c50-a49f-c9bca4b4cad1 [2026-09-21T12:05:05.802850] npm notice To update run: npm install -g npm@12.0.2 (STDERR, APP/TASK/deploy)#
#2026 09 21 12:05:06.748#Z#DEBUG#6a48e96a-b5b4-11f1-b631-eeee0a9b49e1.backend-db-deployer#flowable-async-job-executor-thread-139379#
[PollExecuteTaskStatusExecution] 5fd8dc3c-33ed-4c50-a49f-c9bca4b4cad1 [2026-09-21T12:05:05.802852] npm notice (STDERR, APP/TASK/deploy)#
#2026 09 21 12:05:06.748#Z#DEBUG#6a48e96a-b5b4-11f1-b631-eeee0a9b49e1.backend-db-deployer#flowable-async-job-executor-thread-139379#
[PollExecuteTaskStatusExecution] 5fd8dc3c-33ed-4c50-a49f-c9bca4b4cad1 [2026-09-21T12:05:05.877495] Exit status 1 (STDOUT, APP/TASK/deploy)#
#2026 09 21 12:05:06.748#Z#DEBUG#6a48e96a-b5b4-11f1-b631-eeee0a9b49e1.backend-db-deployer#flowable-async-job-executor-thread-139379#
[PollExecuteTaskStatusExecution] 5fd8dc3c-33ed-4c50-a49f-c9bca4b4cad1 [2026-09-21T12:05:06.525545] Cell c839c7b1-088e-41af-b9b7-66256aacd457 stopping instance 667fc983-95bf-451f-a1bf-491a872255bc (STDOUT, CELL)#
#2026 09 21 12:05:06.748#Z#DEBUG#6a48e96a-b5b4-11f1-b631-eeee0a9b49e1.backend-db-deployer#flowable-async-job-executor-thread-139379#
[PollExecuteTaskStatusExecution] 5fd8dc3c-33ed-4c50-a49f-c9bca4b4cad1 [2026-09-21T12:05:06.525590] Cell c839c7b1-088e-41af-b9b7-66256aacd457 destroying container for instance 667fc983-95bf-451f-a1bf-491a872255bc (STDOUT, CELL)#
