#2026 09 21 12:03:10.711#Z#INFO#6a48e96a-b5b4-11f1-b631-eeee0a9b49e1.OPERATION#http-nio-0.0.0.0-8080-exec-10#
[XS2StartProcessListener] Operation ID: 6a48e96a-b5b4-11f1-b631-eeee0a9b49e1#
#2026 09 21 12:03:10.727#Z#DEBUG#6a48e96a-b5b4-11f1-b631-eeee0a9b49e1.OPERATION#http-nio-0.0.0.0-8080-exec-10#
[XS2StartProcessListener] Process environment: {
  "SKIP_SSL_VALIDATION" : "false",
  "FLOWABLE_JOB_EXECUTOR_MAX_THREADS" : "32",
  "VERSION" : "2.54.1",
  "BASIC_AUTH_ENABLED" : "true",
  "FLOWABLE_JOB_EXECUTOR_QUEUE_CAPACITY" : "16",
  "FLOWABLE_JOB_EXECUTOR_CORE_THREADS" : "8"
}#
#2026 09 21 12:03:10.727#Z#DEBUG#6a48e96a-b5b4-11f1-b631-eeee0a9b49e1.OPERATION#http-nio-0.0.0.0-8080-exec-10#
[XS2StartProcessListener] Current user: feremfe@cronos.be#
#2026 09 21 12:03:10.727#Z#DEBUG#6a48e96a-b5b4-11f1-b631-eeee0a9b49e1.OPERATION#http-nio-0.0.0.0-8080-exec-10#
[XS2StartProcessListener] Client space: dev#
#2026 09 21 12:03:10.727#Z#DEBUG#6a48e96a-b5b4-11f1-b631-eeee0a9b49e1.OPERATION#http-nio-0.0.0.0-8080-exec-10#
[XS2StartProcessListener] Client organization: c876a150trial#
#2026 09 21 12:03:10.727#Z#INFO#6a48e96a-b5b4-11f1-b631-eeee0a9b49e1.OPERATION#http-nio-0.0.0.0-8080-exec-10#
[XS2StartProcessListener] Process variables: {
  "keepFiles" : false,
  "skipAppDigestCalculation" : false,
  "abortOnError" : false,
  "mtaId" : "backend",
  "versionRule" : "ALL",
  "noFailOnMissingPermissions" : false,
  "isSecurityEnabled" : false,
  "apiRequestPath" : "https://deploy-service.cf.us10-001.hana.ondemand.com/api/v1/spaces/39a977e9-2fb8-4929-b0b9-3a13a73b4097/operations",
  "deleteServiceBrokers" : false,
  "appArchiveId" : "e511df34-5cbf-496d-9275-0ef7738e3b29",
  "isDisposableUserProvidedServiceEnabled" : false,
  "deleteServiceKeys" : false,
  "noRestartSubscribedApps" : false,
  "noStart" : false,
  "deleteServices" : false
}#
#2026 09 21 12:03:11.099#Z#DEBUG#6a48e96a-b5b4-11f1-b631-eeee0a9b49e1.OPERATION#flowable-async-job-executor-thread-68079#
[ValidateDeployParametersStep] Executing task "validateParametersTask" of process "6a4910a0-b5b4-11f1-b631-eeee0a9b49e1"...#
#2026 09 21 12:03:11.099#Z#DEBUG#6a48e96a-b5b4-11f1-b631-eeee0a9b49e1.OPERATION#flowable-async-job-executor-thread-68079#
[ValidateDeployParametersStep] Validating parameters...#
#2026 09 21 12:03:11.101#Z#INFO#6a48e96a-b5b4-11f1-b631-eeee0a9b49e1.OPERATION#flowable-async-job-executor-thread-68079#
[ValidateDeployParametersStep] Size of mtars is 5,628,887 and size of extension descriptors is 0#
#2026 09 21 12:03:11.129#Z#INFO#6a48e96a-b5b4-11f1-b631-eeee0a9b49e1.OPERATION#flowable-async-job-executor-thread-68079#
[ValidateDeployParametersStep] Archive was not split! Total size in bytes: 5,628,887#
#2026 09 21 12:03:11.129#Z#INFO#6a48e96a-b5b4-11f1-b631-eeee0a9b49e1.OPERATION#flowable-async-job-executor-thread-68079#
[ValidateDeployParametersStep] Deploying in org "c876a150trial" and space "dev"#
#2026 09 21 12:03:11.133#Z#DEBUG#6a48e96a-b5b4-11f1-b631-eeee0a9b49e1.OPERATION#flowable-async-job-executor-thread-68079#
[ValidateDeployParametersStep] Parameters validated#
#2026 09 21 12:03:11.133#Z#DEBUG#6a48e96a-b5b4-11f1-b631-eeee0a9b49e1.OPERATION#flowable-async-job-executor-thread-68079#
Step "Validate Parameters" finished#
#2026 09 21 12:03:11.162#Z#DEBUG#6a48e96a-b5b4-11f1-b631-eeee0a9b49e1.OPERATION#flowable-async-job-executor-thread-68080#
[DeleteRemainingFileParts] Executing task "deleteRemainingFileParts" of process "6a4910a0-b5b4-11f1-b631-eeee0a9b49e1"...#
#2026 09 21 12:03:11.162#Z#DEBUG#6a48e96a-b5b4-11f1-b631-eeee0a9b49e1.OPERATION#flowable-async-job-executor-thread-68080#
Step "Delete Remaining File Parts" finished#
#2026 09 21 12:03:11.189#Z#DEBUG#6a48e96a-b5b4-11f1-b631-eeee0a9b49e1.OPERATION#flowable-async-job-executor-thread-68081#
[XS2ProcessMtaArchiveStep] Executing task "processArchiveTask" of process "6a4910a0-b5b4-11f1-b631-eeee0a9b49e1"...#
#2026 09 21 12:03:11.190#Z#DEBUG#6a48e96a-b5b4-11f1-b631-eeee0a9b49e1.OPERATION#flowable-async-job-executor-thread-68081#
[XS2ProcessMtaArchiveStep] Processing MTA archive...#
#2026 09 21 12:03:11.190#Z#DEBUG#6a48e96a-b5b4-11f1-b631-eeee0a9b49e1.OPERATION#flowable-async-job-executor-thread-68081#
[XS2ProcessMtaArchiveStep] MTA Archive ID: e511df34-5cbf-496d-9275-0ef7738e3b29#
#2026 09 21 12:03:11.410#Z#DEBUG#6a48e96a-b5b4-11f1-b631-eeee0a9b49e1.OPERATION#flowable-async-job-executor-thread-68081#
[XS2ProcessMtaArchiveStep] MTA Descriptor length: 1,127#
#2026 09 21 12:03:11.410#Z#DEBUG#6a48e96a-b5b4-11f1-b631-eeee0a9b49e1.OPERATION#flowable-async-job-executor-thread-68081#
[XS2ProcessMtaArchiveStep] MTA Archive Modules: [backend-db-deployer, backend-srv]#
#2026 09 21 12:03:11.411#Z#DEBUG#6a48e96a-b5b4-11f1-b631-eeee0a9b49e1.OPERATION#flowable-async-job-executor-thread-68081#
[XS2ProcessMtaArchiveStep] MTA Archive Requires: []#
#2026 09 21 12:03:11.411#Z#DEBUG#6a48e96a-b5b4-11f1-b631-eeee0a9b49e1.OPERATION#flowable-async-job-executor-thread-68081#
[XS2ProcessMtaArchiveStep] MTA Archive Resources: [backend-auth]#
#2026 09 21 12:03:11.418#Z#DEBUG#6a48e96a-b5b4-11f1-b631-eeee0a9b49e1.OPERATION#flowable-async-job-executor-thread-68081#
[XS2ProcessMtaArchiveStep] MTA archive processed#
#2026 09 21 12:03:11.418#Z#DEBUG#6a48e96a-b5b4-11f1-b631-eeee0a9b49e1.OPERATION#flowable-async-job-executor-thread-68081#
Step "Process Archive" finished#
#2026 09 21 12:03:11.460#Z#DEBUG#6a48e96a-b5b4-11f1-b631-eeee0a9b49e1.OPERATION#flowable-async-job-executor-thread-68082#
[ProcessMtaExtensionDescriptorsStep] Executing task "processExtensionDescriptorsTask" of process "6a4910a0-b5b4-11f1-b631-eeee0a9b49e1"...#
#2026 09 21 12:03:11.461#Z#DEBUG#6a48e96a-b5b4-11f1-b631-eeee0a9b49e1.OPERATION#flowable-async-job-executor-thread-68082#
[ProcessMtaExtensionDescriptorsStep] Processing MTA extension descriptors...#
#2026 09 21 12:03:11.461#Z#DEBUG#6a48e96a-b5b4-11f1-b631-eeee0a9b49e1.OPERATION#flowable-async-job-executor-thread-68082#
[ProcessMtaExtensionDescriptorsStep] Provided extension descriptors: [ ]#
#2026 09 21 12:03:11.461#Z#DEBUG#6a48e96a-b5b4-11f1-b631-eeee0a9b49e1.OPERATION#flowable-async-job-executor-thread-68082#
[ProcessMtaExtensionDescriptorsStep] No extension descriptors in use#
#2026 09 21 12:03:11.461#Z#DEBUG#6a48e96a-b5b4-11f1-b631-eeee0a9b49e1.OPERATION#flowable-async-job-executor-thread-68082#
[ProcessMtaExtensionDescriptorsStep] MTA extension descriptors processed#
#2026 09 21 12:03:11.461#Z#DEBUG#6a48e96a-b5b4-11f1-b631-eeee0a9b49e1.OPERATION#flowable-async-job-executor-thread-68082#
Step "Process Extension Descriptors" finished#
#2026 09 21 12:03:11.488#Z#DEBUG#6a48e96a-b5b4-11f1-b631-eeee0a9b49e1.OPERATION#flowable-async-job-executor-thread-68083#
[XS2DetectMtaSchemaVersionStep] Executing task "detectSchemaVersionTask" of process "6a4910a0-b5b4-11f1-b631-eeee0a9b49e1"...#
#2026 09 21 12:03:11.489#Z#DEBUG#6a48e96a-b5b4-11f1-b631-eeee0a9b49e1.OPERATION#flowable-async-job-executor-thread-68083#
[XS2DetectMtaSchemaVersionStep] Detecting MTA major schema version...#
#2026 09 21 12:03:11.490#Z#INFO#6a48e96a-b5b4-11f1-b631-eeee0a9b49e1.OPERATION#flowable-async-job-executor-thread-68083#
[XS2DetectMtaSchemaVersionStep] Detected MTA schema version: "3"#
#2026 09 21 12:03:11.493#Z#DEBUG#6a48e96a-b5b4-11f1-b631-eeee0a9b49e1.OPERATION#flowable-async-job-executor-thread-68083#
Step "Detect Schema Version" finished#
#2026 09 21 12:03:11.525#Z#DEBUG#6a48e96a-b5b4-11f1-b631-eeee0a9b49e1.OPERATION#flowable-async-job-executor-thread-68084#
[MergeDescriptorsStep] Executing task "mergeDescriptorsTask" of process "6a4910a0-b5b4-11f1-b631-eeee0a9b49e1"...#
#2026 09 21 12:03:11.526#Z#DEBUG#6a48e96a-b5b4-11f1-b631-eeee0a9b49e1.OPERATION#flowable-async-job-executor-thread-68084#
[MergeDescriptorsStep] Validating and merging descriptors...#
#2026 09 21 12:03:11.528#Z#DEBUG#6a48e96a-b5b4-11f1-b631-eeee0a9b49e1.OPERATION#flowable-async-job-executor-thread-68084#
[MergeDescriptorsStep] Merged deployment descriptor: {
  "majorSchemaVersion" : 3,
  "schemaVersion" : "3.3.0",
  "id" : "backend",
  "version" : "1.0.0",
  "modules" : [ {
    "majorSchemaVersion" : 3,
    "name" : "backend-srv",
    "type" : "javascript.nodejs",
    "path" : "backend-srv",
    "properties" : { },
    "parameters" : {
      "buildpack" : "nodejs_buildpack",
      "instances" : 1
    },
    "requiredDependencies" : [ {
      "majorSchemaVersion" : 3,
      "name" : "backend-db",
      "properties" : { },
      "parameters" : { },
      "propertiesMetadata" : {
        "metadata" : { }
      },
      "parametersMetadata" : {
        "metadata" : { }
      }
    }, {
      "majorSchemaVersion" : 3,
      "name" : "********",
      "properties" : { },
      "parameters" : { },
      "propertiesMetadata" : {
        "metadata" : { }
      },
      "parametersMetadata" : {
        "metadata" : { }
      }
    } ],
    "providedDependencies" : [ {
      "majorSchemaVersion" : 3,
      "name" : "srv-api",
      "isPublic" : false,
      "properties" : {
        "srv-url" : "${default-url}"
      },
      "parameters" : { },
      "propertiesMetadata" : {
        "metadata" : { }
      },
      "parametersMetadata" : {
        "metadata" : { }
      }
    }, {
      "majorSchemaVersion" : 3,
      "name" : "backend-srv",
      "isPublic" : false,
      "properties" : { },
      "parameters" : { },
      "propertiesMetadata" : {
        "metadata" : { }
      },
      "parametersMetadata" : {
        "metadata" : { }
      }
    } ],
    "propertiesMetadata" : {
      "metadata" : { }
    },
    "parametersMetadata" : {
      "metadata" : { }
    },
    "hooks" : [ ]
  }, {
    "majorSchemaVersion" : 3,
    "name" : "backend-db-deployer",
    "type" : "com.sap.xs.hdi",
    "path" : "backend-db-deployer",
    "properties" : {
      "EXIT" : 1
    },
    "parameters" : {
      "memory" : "256M",
      "buildpack" : "nodejs_buildpack",
      "no-route" : true,
      "dependency-type" : "hard",
      "tasks" : [ {
        "name" : "deploy",
        "memory" : "256M",
        "command" : "npm start"
      } ],
      "no-start" : true
    },
    "requiredDependencies" : [ {
      "majorSchemaVersion" : 3,
      "name" : "backend-db",
      "properties" : { },
      "parameters" : { },
      "propertiesMetadata" : {
        "metadata" : { }
      },
      "parametersMetadata" : {
        "metadata" : { }
      }
    } ],
    "providedDependencies" : [ {
      "majorSchemaVersion" : 3,
      "name" : "backend-db-deployer",
      "isPublic" : false,
      "properties" : { },
      "parameters" : { },
      "propertiesMetadata" : {
        "metadata" : { }
      },
      "parametersMetadata" : {
        "metadata" : { }
      }
    } ],
    "propertiesMetadata" : {
      "metadata" : { }
    },
    "parametersMetadata" : {
      "metadata" : { }
    },
    "hooks" : [ ]
  } ],
  "resources" : [ {
    "majorSchemaVersion" : 3,
    "name" : "backend-db",
    "type" : "com.sap.xs.hdi-container",
    "properties" : { },
    "parameters" : {
      "type" : "managed-service",
      "service" : "hana",
      "service-plan" : "hdi-shared"
    },
    "isActive" : true,
    "isOptional" : false,
    "propertiesMetadata" : {
      "metadata" : { }
    },
    "parametersMetadata" : {
      "metadata" : { }
    },
    "requiredDependencies" : [ ],
    "processedAfter" : [ ]
  }, {
    "majorSchemaVersion" : 3,
    "name" : "********",
    "type" : "org.cloudfoundry.managed-service",
    "properties" : { },
    "parameters" : {
      "path" : "./xs-security.json",
      "service-plan" : "application",
      "type" : "managed-service",
      "config" : {
        "oauth2-configuration" : "********",
        "tenant-mode" : "dedicated",
        "xsappname" : "backend-${org}-${space}"
      },
      "service" : "xsuaa"
    },
    "isActive" : true,
    "isOptional" : false,
    "propertiesMetadata" : {
      "metadata" : { }
    },
    "parametersMetadata" : {
      "metadata" : { }
    },
    "requiredDependencies" : [ ],
    "processedAfter" : [ ]
  } ],
  "parameters" : {
    "enable-parallel-deployments" : true
  },
  "parametersMetadata" : {
    "metadata" : { }
  }
}#
#2026 09 21 12:03:11.529#Z#DEBUG#6a48e96a-b5b4-11f1-b631-eeee0a9b49e1.OPERATION#flowable-async-job-executor-thread-68084#
[MergeDescriptorsStep] Descriptors validated and merged#
#2026 09 21 12:03:11.529#Z#DEBUG#6a48e96a-b5b4-11f1-b631-eeee0a9b49e1.OPERATION#flowable-async-job-executor-thread-68084#
Step "Merge Descriptors" finished#
#2026 09 21 12:03:11.564#Z#DEBUG#6a48e96a-b5b4-11f1-b631-eeee0a9b49e1.OPERATION#flowable-async-job-executor-thread-68085#
[CollectCloudLoggingServiceParametersStep] Executing task "sid-9C5714DF-CEC8-4019-8873-CBBA99AC459A" of process "6a4910a0-b5b4-11f1-b631-eeee0a9b49e1"...#
#2026 09 21 12:03:11.566#Z#DEBUG#6a48e96a-b5b4-11f1-b631-eeee0a9b49e1.OPERATION#flowable-async-job-executor-thread-68085#
Step "Collect Cloud Logging Service Parameters" finished#
#2026 09 21 12:03:11.593#Z#DEBUG#6a48e96a-b5b4-11f1-b631-eeee0a9b49e1.OPERATION#flowable-async-job-executor-thread-68086#
[DetectDeployedMtaStep] Executing task "detectDeployedMtaTask" of process "6a4910a0-b5b4-11f1-b631-eeee0a9b49e1"...#
#2026 09 21 12:03:11.594#Z#DEBUG#6a48e96a-b5b4-11f1-b631-eeee0a9b49e1.OPERATION#flowable-async-job-executor-thread-68086#
[DetectDeployedMtaStep] Detecting deployed MTA...#
#2026 09 21 12:03:11.595#Z#DEBUG#6a48e96a-b5b4-11f1-b631-eeee0a9b49e1.OPERATION#flowable-async-job-executor-thread-68086#
[DetectDeployedMtaStep] Detecting MTA by id backend and namespace null#
#2026 09 21 12:03:11.595#Z#DEBUG#6a48e96a-b5b4-11f1-b631-eeee0a9b49e1.OPERATION#flowable-async-job-executor-thread-68086#
[DetectDeployedMtaStep] Getting applications by metadata label selector "mta_id=b43fdd98b1fd705ae4c3a10cf25aad8a,!mta_namespace"...#
#2026 09 21 12:03:11.631#Z#DEBUG#6a48e96a-b5b4-11f1-b631-eeee0a9b49e1.OPERATION#flowable-async-job-executor-thread-68086#
[DetectDeployedMtaStep] Getting service instances by metadata label selector "mta_id=b43fdd98b1fd705ae4c3a10cf25aad8a,!mta_namespace"...#
#2026 09 21 12:03:11.735#Z#DEBUG#6a48e96a-b5b4-11f1-b631-eeee0a9b49e1.OPERATION#flowable-async-job-executor-thread-68086#
[DetectDeployedMtaStep] Deployed MTA: {
  "metadata" : {
    "id" : "backend",
    "version" : "1.0.0"
  },
  "applications" : [ {
    "name" : "backend-srv",
    "metadata" : {
      "guid" : "4853978f-026d-4290-a090-6a760c3f3643",
      "createdAt" : [ 2026, 9, 18, 11, 5, 25 ],
      "updatedAt" : [ 2026, 9, 21, 11, 55, 6 ]
    },
    "v3Metadata" : {
      "annotations" : {
        "mta_id" : "backend",
        "mta_version" : "1.0.0",
        "mta_module" : "{\"name\":\"backend-srv\"}",
        "mta_module_provided_dependencies" : "[]",
        "mta_bound_services" : "********"
      },
      "labels" : {
        "mta_id" : "b43fdd98b1fd705ae4c3a10cf25aad8a"
      }
    },
    "state" : "STARTED",
    "lifecycle" : {
      "type" : "BUILDPACK",
      "data" : {
        "buildpacks" : [ "nodejs_buildpack" ],
        "stack" : "cflinuxfs4"
      }
    },
    "space" : {
      "name" : "dev",
      "metadata" : {
        "guid" : "39a977e9-2fb8-4929-b0b9-3a13a73b4097",
        "createdAt" : [ 2026, 9, 16, 8, 29, 55 ],
        "updatedAt" : [ 2026, 9, 16, 8, 29, 55 ]
      },
      "organization" : {
        "name" : "c876a150trial",
        "metadata" : {
          "guid" : "730e1a79-da8e-47f7-a22a-d0f9309780c7",
          "createdAt" : [ 2026, 9, 16, 8, 29, 53 ],
          "updatedAt" : [ 2026, 9, 16, 8, 29, 55 ]
        }
      }
    },
    "moduleName" : "backend-srv",
    "boundMtaServices" : [ "backend-db", "********" ],
    "providedDependencyNames" : [ ],
    "productizationState" : "LIVE"
  }, {
    "name" : "backend-db-deployer",
    "metadata" : {
      "guid" : "5fd8dc3c-33ed-4c50-a49f-c9bca4b4cad1",
      "createdAt" : [ 2026, 9, 18, 11, 5, 27 ],
      "updatedAt" : [ 2026, 9, 21, 11, 54, 46 ]
    },
    "v3Metadata" : {
      "annotations" : {
        "mta_id" : "backend",
        "mta_version" : "1.0.0",
        "mta_module" : "{\"name\":\"backend-db-deployer\"}",
        "mta_module_provided_dependencies" : "[]",
        "mta_bound_services" : "[\"backend-db\"]"
      },
      "labels" : {
        "mta_id" : "b43fdd98b1fd705ae4c3a10cf25aad8a"
      }
    },
    "state" : "STOPPED",
    "lifecycle" : {
      "type" : "BUILDPACK",
      "data" : {
        "buildpacks" : [ "nodejs_buildpack" ],
        "stack" : "cflinuxfs4"
      }
    },
    "space" : {
      "name" : "dev",
      "metadata" : {
        "guid" : "39a977e9-2fb8-4929-b0b9-3a13a73b4097",
        "createdAt" : [ 2026, 9, 16, 8, 29, 55 ],
        "updatedAt" : [ 2026, 9, 16, 8, 29, 55 ]
      },
      "organization" : {
        "name" : "c876a150trial",
        "metadata" : {
          "guid" : "730e1a79-da8e-47f7-a22a-d0f9309780c7",
          "createdAt" : [ 2026, 9, 16, 8, 29, 53 ],
          "updatedAt" : [ 2026, 9, 16, 8, 29, 55 ]
        }
      }
    },
    "moduleName" : "backend-db-deployer",
    "boundMtaServices" : [ "backend-db" ],
    "providedDependencyNames" : [ ],
    "productizationState" : "LIVE"
  } ],
  "services" : [ {
    "name" : "backend-db",
    "metadata" : {
      "guid" : "03d21dfb-fe35-43d5-b840-798009b9dd71",
      "createdAt" : [ 2026, 9, 18, 11, 5, 9 ],
      "updatedAt" : [ 2026, 9, 18, 11, 5, 9 ]
    },
    "v3Metadata" : {
      "annotations" : {
        "mta_id" : "backend",
        "mta_version" : "1.0.0",
        "mta_resource" : "{\"name\":\"backend-db\"}"
      },
      "labels" : {
        "mta_id" : "b43fdd98b1fd705ae4c3a10cf25aad8a"
      }
    },
    "label" : "hana",
    "plan" : "hdi-shared",
    "credentials" : "********",
    "tags" : [ ],
    "type" : "managed",
    "lastOperation" : {
      "type" : "CREATE",
      "state" : "SUCCEEDED"
    },
    "resourceName" : "backend-db"
  }, {
    "name" : "********",
    "metadata" : {
      "guid" : "cad71ef0-874b-4011-8412-413474ea04f3",
      "createdAt" : [ 2026, 9, 18, 11, 5, 8 ],
      "updatedAt" : [ 2026, 9, 18, 11, 5, 9 ]
    },
    "v3Metadata" : {
      "annotations" : {
        "mta_id" : "backend",
        "mta_version" : "1.0.0",
        "mta_resource" : "********"
      },
      "labels" : {
        "mta_id" : "b43fdd98b1fd705ae4c3a10cf25aad8a"
      }
    },
    "label" : "xsuaa",
    "plan" : "application",
    "credentials" : "********",
    "tags" : [ ],
    "type" : "managed",
    "lastOperation" : {
      "type" : "UPDATE",
      "description" : "",
      "state" : "SUCCEEDED"
    },
    "resourceName" : "********"
  } ]
}#
#2026 09 21 12:03:11.735#Z#INFO#6a48e96a-b5b4-11f1-b631-eeee0a9b49e1.OPERATION#flowable-async-job-executor-thread-68086#
[DetectDeployedMtaStep] Detected deployed MTA with ID "backend" and version "1.0.0"#
#2026 09 21 12:03:11.739#Z#DEBUG#6a48e96a-b5b4-11f1-b631-eeee0a9b49e1.OPERATION#flowable-async-job-executor-thread-68086#
[DetectDeployedMtaStep] Detecting backup mta by id "backend" and namespace "null"#
#2026 09 21 12:03:11.739#Z#DEBUG#6a48e96a-b5b4-11f1-b631-eeee0a9b49e1.OPERATION#flowable-async-job-executor-thread-68086#
[DetectDeployedMtaStep] Getting applications by metadata label selector "mta_id=b43fdd98b1fd705ae4c3a10cf25aad8a,mta_namespace=b698114a0995e936895b9598a6c19a2c"...#
#2026 09 21 12:03:11.771#Z#DEBUG#6a48e96a-b5b4-11f1-b631-eeee0a9b49e1.OPERATION#flowable-async-job-executor-thread-68086#
[DetectDeployedMtaStep] Getting service instances by metadata label selector "mta_id=b43fdd98b1fd705ae4c3a10cf25aad8a,mta_namespace=b698114a0995e936895b9598a6c19a2c"...#
#2026 09 21 12:03:11.829#Z#DEBUG#6a48e96a-b5b4-11f1-b631-eeee0a9b49e1.OPERATION#flowable-async-job-executor-thread-68086#
[DetectDeployedMtaStep] Deployed MTA service keys: [ ]#
#2026 09 21 12:03:11.829#Z#DEBUG#6a48e96a-b5b4-11f1-b631-eeee0a9b49e1.OPERATION#flowable-async-job-executor-thread-68086#
Step "Detect Deployed MTA" finished#
#2026 09 21 12:03:11.863#Z#DEBUG#6a48e96a-b5b4-11f1-b631-eeee0a9b49e1.OPERATION#flowable-async-job-executor-thread-68079#
[XS2CollectSystemParametersStep] Executing task "collectSystemParametersTask" of process "6a4910a0-b5b4-11f1-b631-eeee0a9b49e1"...#
#2026 09 21 12:03:11.864#Z#DEBUG#6a48e96a-b5b4-11f1-b631-eeee0a9b49e1.OPERATION#flowable-async-job-executor-thread-68079#
[XS2CollectSystemParametersStep] Collecting system parameters...#
#2026 09 21 12:03:11.865#Z#DEBUG#6a48e96a-b5b4-11f1-b631-eeee0a9b49e1.OPERATION#flowable-async-job-executor-thread-68079#
[XS2CollectSystemParametersStep] Getting default domain...#
#2026 09 21 12:03:11.892#Z#DEBUG#6a48e96a-b5b4-11f1-b631-eeee0a9b49e1.OPERATION#flowable-async-job-executor-thread-68079#
[XS2CollectSystemParametersStep] Default domain: cfapps.us10-001.hana.ondemand.com#
#2026 09 21 12:03:11.892#Z#DEBUG#6a48e96a-b5b4-11f1-b631-eeee0a9b49e1.OPERATION#flowable-async-job-executor-thread-68079#
[XS2CollectSystemParametersStep] Checking for overwriting read-only parameters for mta with id: "backend"#
#2026 09 21 12:03:11.892#Z#DEBUG#6a48e96a-b5b4-11f1-b631-eeee0a9b49e1.OPERATION#flowable-async-job-executor-thread-68079#
[XS2CollectSystemParametersStep] No read-only parameters are overwritten#
#2026 09 21 12:03:11.903#Z#DEBUG#6a48e96a-b5b4-11f1-b631-eeee0a9b49e1.OPERATION#flowable-async-job-executor-thread-68079#
[XS2CollectSystemParametersStep] Descriptor with system parameters: {
  "majorSchemaVersion" : 3,
  "schemaVersion" : "3.3.0",
  "id" : "backend",
  "version" : "1.0.0",
  "modules" : [ {
    "majorSchemaVersion" : 3,
    "name" : "backend-srv",
    "type" : "javascript.nodejs",
    "path" : "backend-srv",
    "properties" : { },
    "parameters" : {
      "default-url" : "${protocol}://${default-uri}",
      "default-app-name" : "backend-srv",
      "generated-password" : "********",
      "default-live-url" : "${protocol}://${default-live-uri}",
      "default-uri" : "${host}.${domain}",
      "default-instances" : 1,
      "default-live-host" : "c876a150trial-dev-backend-srv",
      "instances" : 1,
      "buildpack" : "nodejs_buildpack",
      "default-host" : "c876a150trial-dev-backend-srv",
      "app-name" : "${default-app-name}",
      "default-live-uri" : "c876a150trial-dev-backend-srv.${domain}",
      "protocol" : "https",
      "default-live-app-name" : "backend-srv",
      "default-live-domain" : "cfapps.us10-001.hana.ondemand.com",
      "domain" : "${default-domain}",
      "host" : "${default-host}",
      "generated-user" : "********"
    },
    "requiredDependencies" : [ {
      "majorSchemaVersion" : 3,
      "name" : "backend-db",
      "properties" : { },
      "parameters" : { },
      "propertiesMetadata" : {
        "metadata" : { }
      },
      "parametersMetadata" : {
        "metadata" : { }
      }
    }, {
      "majorSchemaVersion" : 3,
      "name" : "********",
      "properties" : { },
      "parameters" : { },
      "propertiesMetadata" : {
        "metadata" : { }
      },
      "parametersMetadata" : {
        "metadata" : { }
      }
    } ],
    "providedDependencies" : [ {
      "majorSchemaVersion" : 3,
      "name" : "srv-api",
      "isPublic" : false,
      "properties" : {
        "srv-url" : "${default-url}"
      },
      "parameters" : { },
      "propertiesMetadata" : {
        "metadata" : { }
      },
      "parametersMetadata" : {
        "metadata" : { }
      }
    }, {
      "majorSchemaVersion" : 3,
      "name" : "backend-srv",
      "isPublic" : false,
      "properties" : { },
      "parameters" : { },
      "propertiesMetadata" : {
        "metadata" : { }
      },
      "parametersMetadata" : {
        "metadata" : { }
      }
    } ],
    "propertiesMetadata" : {
      "metadata" : { }
    },
    "parametersMetadata" : {
      "metadata" : { }
    },
    "hooks" : [ ]
  }, {
    "majorSchemaVersion" : 3,
    "name" : "backend-db-deployer",
    "type" : "com.sap.xs.hdi",
    "path" : "backend-db-deployer",
    "properties" : {
      "EXIT" : 1
    },
    "parameters" : {
      "default-url" : "${protocol}://${default-uri}",
      "default-app-name" : "backend-db-deployer",
      "generated-password" : "********",
      "default-live-url" : "${protocol}://${default-live-uri}",
      "default-uri" : "${host}.${domain}",
      "memory" : "256M",
      "default-instances" : 1,
      "no-route" : true,
      "default-live-host" : "c876a150trial-dev-backend-db-deployer",
      "instances" : "${default-instances}",
      "buildpack" : "nodejs_buildpack",
      "default-host" : "c876a150trial-dev-backend-db-deployer",
      "app-name" : "${default-app-name}",
      "default-live-uri" : "c876a150trial-dev-backend-db-deployer.${domain}",
      "protocol" : "https",
      "default-live-app-name" : "backend-db-deployer",
      "default-live-domain" : "cfapps.us10-001.hana.ondemand.com",
      "dependency-type" : "hard",
      "domain" : "${default-domain}",
      "host" : "${default-host}",
      "generated-user" : "********",
      "tasks" : [ {
        "name" : "deploy",
        "memory" : "256M",
        "command" : "npm start"
      } ],
      "no-start" : true
    },
    "requiredDependencies" : [ {
      "majorSchemaVersion" : 3,
      "name" : "backend-db",
      "properties" : { },
      "parameters" : { },
      "propertiesMetadata" : {
        "metadata" : { }
      },
      "parametersMetadata" : {
        "metadata" : { }
      }
    } ],
    "providedDependencies" : [ {
      "majorSchemaVersion" : 3,
      "name" : "backend-db-deployer",
      "isPublic" : false,
      "properties" : { },
      "parameters" : { },
      "propertiesMetadata" : {
        "metadata" : { }
      },
      "parametersMetadata" : {
        "metadata" : { }
      }
    } ],
    "propertiesMetadata" : {
      "metadata" : { }
    },
    "parametersMetadata" : {
      "metadata" : { }
    },
    "hooks" : [ ]
  } ],
  "resources" : [ {
    "majorSchemaVersion" : 3,
    "name" : "backend-db",
    "type" : "com.sap.xs.hdi-container",
    "properties" : { },
    "parameters" : {
      "generated-password" : "********",
      "service-name" : "${default-service-name}",
      "service-plan" : "hdi-shared",
      "service" : "hana",
      "generated-user" : "********",
      "default-xsappname" : "backend-db",
      "type" : "managed-service",
      "default-service-name" : "backend-db",
      "default-container-name" : "C876A150TRIAL_DEV_BACKEND_DB"
    },
    "isActive" : true,
    "isOptional" : false,
    "propertiesMetadata" : {
      "metadata" : { }
    },
    "parametersMetadata" : {
      "metadata" : { }
    },
    "requiredDependencies" : [ ],
    "processedAfter" : [ ]
  }, {
    "majorSchemaVersion" : 3,
    "name" : "********",
    "type" : "org.cloudfoundry.managed-service",
    "properties" : { },
    "parameters" : {
      "generated-password" : "********",
      "path" : "./xs-security.json",
      "service-name" : "${default-service-name}",
      "service-plan" : "application",
      "service" : "xsuaa",
      "generated-user" : "********",
      "default-xsappname" : "********",
      "type" : "managed-service",
      "config" : {
        "oauth2-configuration" : "********",
        "tenant-mode" : "dedicated",
        "xsappname" : "backend-${org}-${space}"
      },
      "default-service-name" : "********",
      "default-container-name" : "********"
    },
    "isActive" : true,
    "isOptional" : false,
    "propertiesMetadata" : {
      "metadata" : { }
    },
    "parametersMetadata" : {
      "metadata" : { }
    },
    "requiredDependencies" : [ ],
    "processedAfter" : [ ]
  } ],
  "parameters" : {
    "mta-id" : "backend",
    "authorization-url" : "********",
    "org-guid" : "730e1a79-da8e-47f7-a22a-d0f9309780c7",
    "org" : "c876a150trial",
    "deploy-target" : "c876a150trial dev",
    "enable-parallel-deployments" : true,
    "space" : "dev",
    "xs-api-url" : "https://api.cf.us10-001.hana.ondemand.com",
    "deploy-url" : "deploy-service.cfapps.us10-001.hana.ondemand.com",
    "xs-type" : "CF",
    "default-domain" : "cfapps.us10-001.hana.ondemand.com",
    "mta-version" : "1.0.0",
    "xs-auth-url" : "********",
    "space-guid" : "39a977e9-2fb8-4929-b0b9-3a13a73b4097",
    "user" : "********",
    "controller-url" : "https://api.cf.us10-001.hana.ondemand.com",
    "timestamp" : "20260921120310"
  },
  "parametersMetadata" : {
    "metadata" : { }
  }
}#
#2026 09 21 12:03:11.905#Z#DEBUG#6a48e96a-b5b4-11f1-b631-eeee0a9b49e1.OPERATION#flowable-async-job-executor-thread-68079#
[XS2CollectSystemParametersStep] Version rule: ALL#
#2026 09 21 12:03:11.905#Z#INFO#6a48e96a-b5b4-11f1-b631-eeee0a9b49e1.OPERATION#flowable-async-job-executor-thread-68079#
[XS2CollectSystemParametersStep] Detected new MTA version: "1.0.0"#
#2026 09 21 12:03:11.909#Z#INFO#6a48e96a-b5b4-11f1-b631-eeee0a9b49e1.OPERATION#flowable-async-job-executor-thread-68079#
[XS2CollectSystemParametersStep] Deployed MTA version: "1.0.0"#
#2026 09 21 12:03:11.913#Z#DEBUG#6a48e96a-b5b4-11f1-b631-eeee0a9b49e1.OPERATION#flowable-async-job-executor-thread-68079#
[XS2CollectSystemParametersStep] MTA accepted for deployment#
#2026 09 21 12:03:11.913#Z#DEBUG#6a48e96a-b5b4-11f1-b631-eeee0a9b49e1.OPERATION#flowable-async-job-executor-thread-68079#
[XS2CollectSystemParametersStep] System parameters collected#
#2026 09 21 12:03:11.913#Z#DEBUG#6a48e96a-b5b4-11f1-b631-eeee0a9b49e1.OPERATION#flowable-async-job-executor-thread-68079#
Step "Collect System Parameters" finished#
#2026 09 21 12:03:11.953#Z#DEBUG#6a48e96a-b5b4-11f1-b631-eeee0a9b49e1.OPERATION#flowable-async-job-executor-thread-68079#
[ProcessDescriptorStep] Executing task "processDescriptorTask" of process "6a4910a0-b5b4-11f1-b631-eeee0a9b49e1"...#
#2026 09 21 12:03:11.954#Z#DEBUG#6a48e96a-b5b4-11f1-b631-eeee0a9b49e1.OPERATION#flowable-async-job-executor-thread-68079#
[ProcessDescriptorStep] Resolving properties and parameters in merged descriptor...#
#2026 09 21 12:03:11.957#Z#DEBUG#6a48e96a-b5b4-11f1-b631-eeee0a9b49e1.OPERATION#flowable-async-job-executor-thread-68079#
[ProcessDescriptorStep] Subscriptions: [ ]#
#2026 09 21 12:03:11.958#Z#DEBUG#6a48e96a-b5b4-11f1-b631-eeee0a9b49e1.OPERATION#flowable-async-job-executor-thread-68079#
[ProcessDescriptorStep] MTA modules: [backend-db-deployer, backend-srv]#
#2026 09 21 12:03:11.958#Z#DEBUG#6a48e96a-b5b4-11f1-b631-eeee0a9b49e1.OPERATION#flowable-async-job-executor-thread-68079#
[ProcessDescriptorStep] Resolved deployment descriptor: {
  "majorSchemaVersion" : 3,
  "schemaVersion" : "3.3.0",
  "id" : "backend",
  "version" : "1.0.0",
  "modules" : [ {
    "majorSchemaVersion" : 3,
    "name" : "backend-srv",
    "type" : "javascript.nodejs",
    "path" : "backend-srv",
    "properties" : { },
    "parameters" : {
      "default-url" : "https://c876a150trial-dev-backend-srv.cfapps.us10-001.hana.ondemand.com",
      "default-app-name" : "backend-srv",
      "generated-password" : "********",
      "default-live-url" : "https://c876a150trial-dev-backend-srv.cfapps.us10-001.hana.ondemand.com",
      "default-uri" : "c876a150trial-dev-backend-srv.cfapps.us10-001.hana.ondemand.com",
      "default-instances" : 1,
      "default-live-host" : "c876a150trial-dev-backend-srv",
      "instances" : 1,
      "buildpack" : "nodejs_buildpack",
      "default-host" : "c876a150trial-dev-backend-srv",
      "app-name" : "backend-srv",
      "default-live-uri" : "c876a150trial-dev-backend-srv.cfapps.us10-001.hana.ondemand.com",
      "protocol" : "https",
      "default-live-app-name" : "backend-srv",
      "default-live-domain" : "cfapps.us10-001.hana.ondemand.com",
      "domain" : "cfapps.us10-001.hana.ondemand.com",
      "host" : "c876a150trial-dev-backend-srv",
      "generated-user" : "********"
    },
    "requiredDependencies" : [ {
      "majorSchemaVersion" : 3,
      "name" : "backend-db",
      "properties" : { },
      "parameters" : { },
      "propertiesMetadata" : {
        "metadata" : { }
      },
      "parametersMetadata" : {
        "metadata" : { }
      }
    }, {
      "majorSchemaVersion" : 3,
      "name" : "********",
      "properties" : { },
      "parameters" : { },
      "propertiesMetadata" : {
        "metadata" : { }
      },
      "parametersMetadata" : {
        "metadata" : { }
      }
    } ],
    "providedDependencies" : [ {
      "majorSchemaVersion" : 3,
      "name" : "srv-api",
      "isPublic" : false,
      "properties" : {
        "srv-url" : "https://c876a150trial-dev-backend-srv.cfapps.us10-001.hana.ondemand.com"
      },
      "parameters" : { },
      "propertiesMetadata" : {
        "metadata" : { }
      },
      "parametersMetadata" : {
        "metadata" : { }
      }
    }, {
      "majorSchemaVersion" : 3,
      "name" : "backend-srv",
      "isPublic" : false,
      "properties" : { },
      "parameters" : { },
      "propertiesMetadata" : {
        "metadata" : { }
      },
      "parametersMetadata" : {
        "metadata" : { }
      }
    } ],
    "propertiesMetadata" : {
      "metadata" : { }
    },
    "parametersMetadata" : {
      "metadata" : { }
    },
    "hooks" : [ ]
  }, {
    "majorSchemaVersion" : 3,
    "name" : "backend-db-deployer",
    "type" : "com.sap.xs.hdi",
    "path" : "backend-db-deployer",
    "properties" : {
      "EXIT" : 1
    },
    "parameters" : {
      "default-url" : "https://c876a150trial-dev-backend-db-deployer.cfapps.us10-001.hana.ondemand.com",
      "default-app-name" : "backend-db-deployer",
      "generated-password" : "********",
      "default-live-url" : "https://c876a150trial-dev-backend-db-deployer.cfapps.us10-001.hana.ondemand.com",
      "default-uri" : "c876a150trial-dev-backend-db-deployer.cfapps.us10-001.hana.ondemand.com",
      "memory" : "256M",
      "default-instances" : 1,
      "no-route" : true,
      "default-live-host" : "c876a150trial-dev-backend-db-deployer",
      "instances" : 1,
      "buildpack" : "nodejs_buildpack",
      "default-host" : "c876a150trial-dev-backend-db-deployer",
      "app-name" : "backend-db-deployer",
      "default-live-uri" : "c876a150trial-dev-backend-db-deployer.cfapps.us10-001.hana.ondemand.com",
      "protocol" : "https",
      "default-live-app-name" : "backend-db-deployer",
      "default-live-domain" : "cfapps.us10-001.hana.ondemand.com",
      "dependency-type" : "hard",
      "domain" : "cfapps.us10-001.hana.ondemand.com",
      "host" : "c876a150trial-dev-backend-db-deployer",
      "generated-user" : "********",
      "tasks" : [ {
        "command" : "npm start",
        "memory" : "256M",
        "name" : "deploy"
      } ],
      "no-start" : true
    },
    "requiredDependencies" : [ {
      "majorSchemaVersion" : 3,
      "name" : "backend-db",
      "properties" : { },
      "parameters" : { },
      "propertiesMetadata" : {
        "metadata" : { }
      },
      "parametersMetadata" : {
        "metadata" : { }
      }
    } ],
    "providedDependencies" : [ {
      "majorSchemaVersion" : 3,
      "name" : "backend-db-deployer",
      "isPublic" : false,
      "properties" : { },
      "parameters" : { },
      "propertiesMetadata" : {
        "metadata" : { }
      },
      "parametersMetadata" : {
        "metadata" : { }
      }
    } ],
    "propertiesMetadata" : {
      "metadata" : { }
    },
    "parametersMetadata" : {
      "metadata" : { }
    },
    "hooks" : [ ]
  } ],
  "resources" : [ {
    "majorSchemaVersion" : 3,
    "name" : "backend-db",
    "type" : "com.sap.xs.hdi-container",
    "properties" : { },
    "parameters" : {
      "generated-password" : "********",
      "service-name" : "backend-db",
      "service-plan" : "hdi-shared",
      "service" : "hana",
      "generated-user" : "********",
      "default-xsappname" : "backend-db",
      "type" : "managed-service",
      "default-service-name" : "backend-db",
      "default-container-name" : "C876A150TRIAL_DEV_BACKEND_DB"
    },
    "isActive" : true,
    "isOptional" : false,
    "propertiesMetadata" : {
      "metadata" : { }
    },
    "parametersMetadata" : {
      "metadata" : { }
    },
    "requiredDependencies" : [ ],
    "processedAfter" : [ ]
  }, {
    "majorSchemaVersion" : 3,
    "name" : "********",
    "type" : "org.cloudfoundry.managed-service",
    "properties" : { },
    "parameters" : {
      "generated-password" : "********",
      "path" : "./xs-security.json",
      "service-name" : "********",
      "service-plan" : "application",
      "service" : "xsuaa",
      "generated-user" : "********",
      "default-xsappname" : "********",
      "type" : "managed-service",
      "config" : {
        "oauth2-configuration" : "********",
        "tenant-mode" : "dedicated",
        "xsappname" : "backend-c876a150trial-dev"
      },
      "default-service-name" : "********",
      "default-container-name" : "********"
    },
    "isActive" : true,
    "isOptional" : false,
    "propertiesMetadata" : {
      "metadata" : { }
    },
    "parametersMetadata" : {
      "metadata" : { }
    },
    "requiredDependencies" : [ ],
    "processedAfter" : [ ]
  } ],
  "parameters" : {
    "mta-id" : "backend",
    "authorization-url" : "********",
    "org-guid" : "730e1a79-da8e-47f7-a22a-d0f9309780c7",
    "org" : "c876a150trial",
    "deploy-target" : "c876a150trial dev",
    "enable-parallel-deployments" : true,
    "region-primary-domain" : "us10.hana.ondemand.com",
    "space" : "dev",
    "region-domain" : "us10-001.hana.ondemand.com",
    "xs-api-url" : "https://api.cf.us10-001.hana.ondemand.com",
    "deploy-url" : "deploy-service.cfapps.us10-001.hana.ondemand.com",
    "xs-type" : "CF",
    "default-domain" : "cfapps.us10-001.hana.ondemand.com",
    "mta-version" : "1.0.0",
    "xs-auth-url" : "********",
    "space-guid" : "39a977e9-2fb8-4929-b0b9-3a13a73b4097",
    "user" : "********",
    "controller-url" : "https://api.cf.us10-001.hana.ondemand.com",
    "timestamp" : "20260921120310"
  },
  "parametersMetadata" : {
    "metadata" : { }
  }
}#
#2026 09 21 12:03:11.958#Z#DEBUG#6a48e96a-b5b4-11f1-b631-eeee0a9b49e1.OPERATION#flowable-async-job-executor-thread-68079#
[ProcessDescriptorStep] Merged descriptor properties and parameters resolved#
#2026 09 21 12:03:11.958#Z#DEBUG#6a48e96a-b5b4-11f1-b631-eeee0a9b49e1.OPERATION#flowable-async-job-executor-thread-68079#
Step "Process Descriptor Step" finished#
#2026 09 21 12:03:11.990#Z#DEBUG#6a48e96a-b5b4-11f1-b631-eeee0a9b49e1.OPERATION#flowable-async-job-executor-thread-68079#
[XS2BuildCloudDeployModelStep] Executing task "buildDeployModelTask" of process "6a4910a0-b5b4-11f1-b631-eeee0a9b49e1"...#
#2026 09 21 12:03:11.992#Z#DEBUG#6a48e96a-b5b4-11f1-b631-eeee0a9b49e1.OPERATION#flowable-async-job-executor-thread-68079#
[XS2BuildCloudDeployModelStep] Service keys defined for content deployment grouped by service name: { }#
#2026 09 21 12:03:11.993#Z#DEBUG#6a48e96a-b5b4-11f1-b631-eeee0a9b49e1.OPERATION#flowable-async-job-executor-thread-68079#
[XS2BuildCloudDeployModelStep] Building cloud deployment model...#
#2026 09 21 12:03:11.994#Z#DEBUG#6a48e96a-b5b4-11f1-b631-eeee0a9b49e1.OPERATION#flowable-async-job-executor-thread-68079#
[XS2BuildCloudDeployModelStep] MTA archive modules: [backend-db-deployer, backend-srv]#
#2026 09 21 12:03:11.994#Z#DEBUG#6a48e96a-b5b4-11f1-b631-eeee0a9b49e1.OPERATION#flowable-async-job-executor-thread-68079#
[XS2BuildCloudDeployModelStep] Deployed modules: [backend-db-deployer, backend-srv]#
#2026 09 21 12:03:11.995#Z#DEBUG#6a48e96a-b5b4-11f1-b631-eeee0a9b49e1.OPERATION#flowable-async-job-executor-thread-68079#
[XS2BuildCloudDeployModelStep] MTA modules: [backend-db-deployer, backend-srv]#
#2026 09 21 12:03:11.995#Z#DEBUG#6a48e96a-b5b4-11f1-b631-eeee0a9b49e1.OPERATION#flowable-async-job-executor-thread-68079#
[XS2BuildCloudDeployModelStep] Service keys to create: {
  "backend-db" : [ ],
  "backend-auth" : "********"
}#
#2026 09 21 12:03:11.995#Z#DEBUG#6a48e96a-b5b4-11f1-b631-eeee0a9b49e1.OPERATION#flowable-async-job-executor-thread-68079#
[XS2BuildCloudDeployModelStep] Modules to deploy: [{
  "majorSchemaVersion" : 3,
  "name" : "backend-srv",
  "type" : "javascript.nodejs",
  "path" : "backend-srv",
  "properties" : { },
  "parameters" : {
    "default-url" : "https://c876a150trial-dev-backend-srv.cfapps.us10-001.hana.ondemand.com",
    "default-app-name" : "backend-srv",
    "generated-password" : "********",
    "default-live-url" : "https://c876a150trial-dev-backend-srv.cfapps.us10-001.hana.ondemand.com",
    "default-uri" : "c876a150trial-dev-backend-srv.cfapps.us10-001.hana.ondemand.com",
    "default-instances" : 1,
    "default-live-host" : "c876a150trial-dev-backend-srv",
    "instances" : 1,
    "buildpack" : "nodejs_buildpack",
    "default-host" : "c876a150trial-dev-backend-srv",
    "app-name" : "backend-srv",
    "default-live-uri" : "c876a150trial-dev-backend-srv.cfapps.us10-001.hana.ondemand.com",
    "protocol" : "https",
    "default-live-app-name" : "backend-srv",
    "default-live-domain" : "cfapps.us10-001.hana.ondemand.com",
    "dependency-type" : "soft",
    "domain" : "cfapps.us10-001.hana.ondemand.com",
    "host" : "c876a150trial-dev-backend-srv",
    "generated-user" : "********"
  },
  "requiredDependencies" : [ {
    "majorSchemaVersion" : 3,
    "name" : "backend-db",
    "properties" : { },
    "parameters" : { },
    "propertiesMetadata" : {
      "metadata" : { }
    },
    "parametersMetadata" : {
      "metadata" : { }
    }
  }, {
    "majorSchemaVersion" : 3,
    "name" : "********",
    "properties" : { },
    "parameters" : { },
    "propertiesMetadata" : {
      "metadata" : { }
    },
    "parametersMetadata" : {
      "metadata" : { }
    }
  } ],
  "providedDependencies" : [ {
    "majorSchemaVersion" : 3,
    "name" : "srv-api",
    "isPublic" : false,
    "properties" : {
      "srv-url" : "https://c876a150trial-dev-backend-srv.cfapps.us10-001.hana.ondemand.com"
    },
    "parameters" : { },
    "propertiesMetadata" : {
      "metadata" : { }
    },
    "parametersMetadata" : {
      "metadata" : { }
    }
  }, {
    "majorSchemaVersion" : 3,
    "name" : "backend-srv",
    "isPublic" : false,
    "properties" : { },
    "parameters" : { },
    "propertiesMetadata" : {
      "metadata" : { }
    },
    "parametersMetadata" : {
      "metadata" : { }
    }
  } ],
  "propertiesMetadata" : {
    "metadata" : { }
  },
  "parametersMetadata" : {
    "metadata" : { }
  },
  "deployedAfter" : [ ],
  "hooks" : [ ]
}, {
  "majorSchemaVersion" : 3,
  "name" : "backend-db-deployer",
  "type" : "com.sap.xs.hdi",
  "path" : "backend-db-deployer",
  "properties" : {
    "EXIT" : 1
  },
  "parameters" : {
    "default-url" : "https://c876a150trial-dev-backend-db-deployer.cfapps.us10-001.hana.ondemand.com",
    "default-app-name" : "backend-db-deployer",
    "generated-password" : "********",
    "default-live-url" : "https://c876a150trial-dev-backend-db-deployer.cfapps.us10-001.hana.ondemand.com",
    "default-uri" : "c876a150trial-dev-backend-db-deployer.cfapps.us10-001.hana.ondemand.com",
    "memory" : "256M",
    "default-instances" : 1,
    "no-route" : true,
    "default-live-host" : "c876a150trial-dev-backend-db-deployer",
    "instances" : 1,
    "buildpack" : "nodejs_buildpack",
    "default-host" : "c876a150trial-dev-backend-db-deployer",
    "app-name" : "backend-db-deployer",
    "default-live-uri" : "c876a150trial-dev-backend-db-deployer.cfapps.us10-001.hana.ondemand.com",
    "protocol" : "https",
    "default-live-app-name" : "backend-db-deployer",
    "default-live-domain" : "cfapps.us10-001.hana.ondemand.com",
    "dependency-type" : "hard",
    "domain" : "cfapps.us10-001.hana.ondemand.com",
    "host" : "c876a150trial-dev-backend-db-deployer",
    "generated-user" : "********",
    "tasks" : [ {
      "command" : "npm start",
      "memory" : "256M",
      "name" : "deploy"
    } ],
    "no-start" : true
  },
  "requiredDependencies" : [ {
    "majorSchemaVersion" : 3,
    "name" : "backend-db",
    "properties" : { },
    "parameters" : { },
    "propertiesMetadata" : {
      "metadata" : { }
    },
    "parametersMetadata" : {
      "metadata" : { }
    }
  } ],
  "providedDependencies" : [ {
    "majorSchemaVersion" : 3,
    "name" : "backend-db-deployer",
    "isPublic" : false,
    "properties" : { },
    "parameters" : { },
    "propertiesMetadata" : {
      "metadata" : { }
    },
    "parametersMetadata" : {
      "metadata" : { }
    }
  } ],
  "propertiesMetadata" : {
    "metadata" : { }
  },
  "parametersMetadata" : {
    "metadata" : { }
  },
  "deployedAfter" : [ ],
  "hooks" : [ ]
}]#
#2026 09 21 12:03:11.996#Z#DEBUG#6a48e96a-b5b4-11f1-b631-eeee0a9b49e1.OPERATION#flowable-async-job-executor-thread-68079#
[XS2BuildCloudDeployModelStep] Custom domains: []#
#2026 09 21 12:03:11.998#Z#DEBUG#6a48e96a-b5b4-11f1-b631-eeee0a9b49e1.OPERATION#flowable-async-job-executor-thread-68079#
[XS2BuildCloudDeployModelStep] Calculating resource batches...#
#2026 09 21 12:03:11.998#Z#DEBUG#6a48e96a-b5b4-11f1-b631-eeee0a9b49e1.OPERATION#flowable-async-job-executor-thread-68079#
[XS2BuildCloudDeployModelStep] Calculating resource batches completed.#
#2026 09 21 12:03:11.998#Z#DEBUG#6a48e96a-b5b4-11f1-b631-eeee0a9b49e1.OPERATION#flowable-async-job-executor-thread-68079#
[XS2BuildCloudDeployModelStep] Cloud deployment model built#
#2026 09 21 12:03:11.998#Z#DEBUG#6a48e96a-b5b4-11f1-b631-eeee0a9b49e1.OPERATION#flowable-async-job-executor-thread-68079#
Step "Build Deploy Model" finished#
#2026 09 21 12:03:12.044#Z#DEBUG#6a48e96a-b5b4-11f1-b631-eeee0a9b49e1.OPERATION#flowable-async-job-executor-thread-68079#
[BuildCloudUndeployModelStep] Executing task "buildUndeployModelTask" of process "6a4910a0-b5b4-11f1-b631-eeee0a9b49e1"...#
#2026 09 21 12:03:12.044#Z#DEBUG#6a48e96a-b5b4-11f1-b631-eeee0a9b49e1.OPERATION#flowable-async-job-executor-thread-68079#
[BuildCloudUndeployModelStep] Building cloud undeployment model...#
#2026 09 21 12:03:12.046#Z#DEBUG#6a48e96a-b5b4-11f1-b631-eeee0a9b49e1.OPERATION#flowable-async-job-executor-thread-68079#
[BuildCloudUndeployModelStep] Detecting service keys to delete.#
#2026 09 21 12:03:12.048#Z#DEBUG#6a48e96a-b5b4-11f1-b631-eeee0a9b49e1.OPERATION#flowable-async-job-executor-thread-68079#
[BuildCloudUndeployModelStep] No deployed service keys detected!#
#2026 09 21 12:03:12.048#Z#DEBUG#6a48e96a-b5b4-11f1-b631-eeee0a9b49e1.OPERATION#flowable-async-job-executor-thread-68079#
[BuildCloudUndeployModelStep] Detected service keys to delete "[]"#
#2026 09 21 12:03:12.053#Z#DEBUG#6a48e96a-b5b4-11f1-b631-eeee0a9b49e1.OPERATION#flowable-async-job-executor-thread-68079#
[BuildCloudUndeployModelStep] MTA modules: [backend-db-deployer, backend-srv]#
#2026 09 21 12:03:12.053#Z#DEBUG#6a48e96a-b5b4-11f1-b631-eeee0a9b49e1.OPERATION#flowable-async-job-executor-thread-68079#
[BuildCloudUndeployModelStep] Modules to undeploy: [ ]#
#2026 09 21 12:03:12.053#Z#DEBUG#6a48e96a-b5b4-11f1-b631-eeee0a9b49e1.OPERATION#flowable-async-job-executor-thread-68079#
[BuildCloudUndeployModelStep] Modules that won't be changed: [ ]#
#2026 09 21 12:03:12.054#Z#DEBUG#6a48e96a-b5b4-11f1-b631-eeee0a9b49e1.OPERATION#flowable-async-job-executor-thread-68079#
[BuildCloudUndeployModelStep] Subscriptions to delete: [ ]#
#2026 09 21 12:03:12.056#Z#DEBUG#6a48e96a-b5b4-11f1-b631-eeee0a9b49e1.OPERATION#flowable-async-job-executor-thread-68079#
[BuildCloudUndeployModelStep] Cloud services to delete: []#
#2026 09 21 12:03:12.056#Z#DEBUG#6a48e96a-b5b4-11f1-b631-eeee0a9b49e1.OPERATION#flowable-async-job-executor-thread-68079#
[BuildCloudUndeployModelStep] Cloud applications to undeploy: [ ]#
#2026 09 21 12:03:12.058#Z#DEBUG#6a48e96a-b5b4-11f1-b631-eeee0a9b49e1.OPERATION#flowable-async-job-executor-thread-68079#
[BuildCloudUndeployModelStep] Cloud undeployment model built#
#2026 09 21 12:03:12.058#Z#DEBUG#6a48e96a-b5b4-11f1-b631-eeee0a9b49e1.OPERATION#flowable-async-job-executor-thread-68079#
Step "Build Undeploy Model" finished#
#2026 09 21 12:03:12.093#Z#DEBUG#6a48e96a-b5b4-11f1-b631-eeee0a9b49e1.OPERATION#flowable-async-job-executor-thread-68079#
[AddDomainsStep] Executing task "addDomainsTask" of process "6a4910a0-b5b4-11f1-b631-eeee0a9b49e1"...#
#2026 09 21 12:03:12.095#Z#DEBUG#6a48e96a-b5b4-11f1-b631-eeee0a9b49e1.OPERATION#flowable-async-job-executor-thread-68079#
[AddDomainsStep] Custom domains: []#
#2026 09 21 12:03:12.095#Z#DEBUG#6a48e96a-b5b4-11f1-b631-eeee0a9b49e1.OPERATION#flowable-async-job-executor-thread-68079#
Step "Add Domains" finished#
#2026 09 21 12:03:12.689#Z#DEBUG#6a48e96a-b5b4-11f1-b631-eeee0a9b49e1.OPERATION#flowable-async-job-executor-thread-68079#
[ExtractBatchedServicesWithResolvedDynamicParametersStep] Executing task "prepareModulesDeploymentTask" of process "6b22cf86-b5b4-11f1-b631-eeee0a9b49e1"...#
#2026 09 21 12:03:12.690#Z#DEBUG#6a48e96a-b5b4-11f1-b631-eeee0a9b49e1.OPERATION#flowable-async-job-executor-thread-68079#
[ExtractBatchedServicesWithResolvedDynamicParametersStep] Extracting services and resolving dynamic parameters from batch#
#2026 09 21 12:03:12.691#Z#DEBUG#6a48e96a-b5b4-11f1-b631-eeee0a9b49e1.OPERATION#flowable-async-job-executor-thread-68079#
[ExtractBatchedServicesWithResolvedDynamicParametersStep] Services to create: [ {
  "isOptional" : false,
  "isManaged" : true,
  "name" : "backend-db",
  "v3Metadata" : {
    "annotations" : {
      "mta_id" : "backend",
      "mta_version" : "1.0.0",
      "mta_resource" : "{\"name\":\"backend-db\"}"
    },
    "labels" : {
      "mta_id" : "b43fdd98b1fd705ae4c3a10cf25aad8a"
    }
  },
  "label" : "hana",
  "plan" : "hdi-shared",
  "credentials" : "********",
  "tags" : [ ],
  "type" : "managed",
  "resourceName" : "backend-db",
  "shouldSkipParametersUpdate" : false,
  "shouldSkipPlanUpdate" : false,
  "shouldSkipTagsUpdate" : false,
  "shouldSkipSyslogUrlUpdate" : false
}, {
  "isOptional" : false,
  "isManaged" : true,
  "name" : "********",
  "v3Metadata" : {
    "annotations" : {
      "mta_id" : "backend",
      "mta_version" : "1.0.0",
      "mta_resource" : "********"
    },
    "labels" : {
      "mta_id" : "b43fdd98b1fd705ae4c3a10cf25aad8a"
    }
  },
  "label" : "xsuaa",
  "plan" : "application",
  "credentials" : "********",
  "tags" : [ ],
  "type" : "managed",
  "resourceName" : "********",
  "shouldSkipParametersUpdate" : false,
  "shouldSkipPlanUpdate" : false,
  "shouldSkipTagsUpdate" : false,
  "shouldSkipSyslogUrlUpdate" : false
} ]#
#2026 09 21 12:03:12.692#Z#DEBUG#6a48e96a-b5b4-11f1-b631-eeee0a9b49e1.OPERATION#flowable-async-job-executor-thread-68079#
Step "Extract Services with Resolved Dynamic parameters from batch" finished#
#2026 09 21 12:03:12.794#Z#DEBUG#6a48e96a-b5b4-11f1-b631-eeee0a9b49e1.OPERATION#flowable-async-job-executor-thread-68079#
[CheckServiceOperationStateStep] Executing task "CheckServiceOperationStateTask" of process "6b7f46a7-b5b4-11f1-b631-eeee0a9b49e1"...#
#2026 09 21 12:03:12.795#Z#DEBUG#6a48e96a-b5b4-11f1-b631-eeee0a9b49e1.OPERATION#flowable-async-job-executor-thread-68079#
[CheckServiceOperationStateStep] Getting service instance "backend-auth"...#
#2026 09 21 12:03:12.894#Z#DEBUG#6a48e96a-b5b4-11f1-b631-eeee0a9b49e1.OPERATION#flowable-async-job-executor-thread-68079#
Step "Check for service operations in Progress" finished#
#2026 09 21 12:03:12.942#Z#DEBUG#6a48e96a-b5b4-11f1-b631-eeee0a9b49e1.OPERATION#flowable-async-job-executor-thread-68082#
[DetermineServiceCreateUpdateServiceActionsStep] Executing task "DetermineServiceCreateUpdateActionsTask" of process "6b7f46a7-b5b4-11f1-b631-eeee0a9b49e1"...#
#2026 09 21 12:03:12.944#Z#INFO#6a48e96a-b5b4-11f1-b631-eeee0a9b49e1.OPERATION#flowable-async-job-executor-thread-68082#
[DetermineServiceCreateUpdateServiceActionsStep] Processing service "backend-auth"...#
#2026 09 21 12:03:12.947#Z#DEBUG#6a48e96a-b5b4-11f1-b631-eeee0a9b49e1.OPERATION#flowable-async-job-executor-thread-68082#
[DetermineServiceCreateUpdateServiceActionsStep] Getting service instance "backend-auth"...#
#2026 09 21 12:03:13.037#Z#INFO#6a48e96a-b5b4-11f1-b631-eeee0a9b49e1.OPERATION#flowable-async-job-executor-thread-68082#
[DetermineServiceCreateUpdateServiceActionsStep] Setting service "backend-auth" parameters from "xs-security.json"#
#2026 09 21 12:03:13.070#Z#DEBUG#6a48e96a-b5b4-11f1-b631-eeee0a9b49e1.OPERATION#flowable-async-job-executor-thread-68082#
[DetermineServiceCreateUpdateServiceActionsStep] Existing service: {
  "name" : "********",
  "metadata" : {
    "guid" : "cad71ef0-874b-4011-8412-413474ea04f3",
    "createdAt" : [ 2026, 9, 18, 11, 5, 8 ],
    "updatedAt" : [ 2026, 9, 18, 11, 5, 9 ]
  },
  "v3Metadata" : {
    "annotations" : {
      "mta_id" : "backend",
      "mta_version" : "1.0.0",
      "mta_resource" : "********"
    },
    "labels" : {
      "mta_id" : "b43fdd98b1fd705ae4c3a10cf25aad8a"
    }
  },
  "label" : "xsuaa",
  "plan" : "application",
  "credentials" : "********",
  "tags" : [ ],
  "type" : "managed",
  "lastOperation" : {
    "type" : "UPDATE",
    "description" : "",
    "state" : "SUCCEEDED"
  }
}#
#2026 09 21 12:03:13.070#Z#DEBUG#6a48e96a-b5b4-11f1-b631-eeee0a9b49e1.OPERATION#flowable-async-job-executor-thread-68082#
[DetermineServiceCreateUpdateServiceActionsStep] Service parameters will be updated#
#2026 09 21 12:03:13.070#Z#DEBUG#6a48e96a-b5b4-11f1-b631-eeee0a9b49e1.OPERATION#flowable-async-job-executor-thread-68082#
[DetermineServiceCreateUpdateServiceActionsStep] New parameters: {
  "attributes" : [ ],
  "authorities-inheritance" : "********",
  "oauth2-configuration" : "********",
  "role-templates" : [ ],
  "scopes" : [ ],
  "tenant-mode" : "dedicated",
  "xsappname" : "backend-c876a150trial-dev"
}#
#2026 09 21 12:03:13.070#Z#DEBUG#6a48e96a-b5b4-11f1-b631-eeee0a9b49e1.OPERATION#flowable-async-job-executor-thread-68082#
Step "Determine update actions" finished#
#2026 09 21 12:03:13.118#Z#DEBUG#6a48e96a-b5b4-11f1-b631-eeee0a9b49e1.OPERATION#flowable-async-job-executor-thread-68082#
[CheckForServiceBindingOrKeyOperationStep] Executing task "CheckForServiceBindingOrKeyCreation" of process "6b7f46a7-b5b4-11f1-b631-eeee0a9b49e1"...#
#2026 09 21 12:03:13.119#Z#DEBUG#6a48e96a-b5b4-11f1-b631-eeee0a9b49e1.OPERATION#flowable-async-job-executor-thread-68082#
Step "Check for service binding or key creation" finished#
#2026 09 21 12:03:13.087#Z#DEBUG#6a48e96a-b5b4-11f1-b631-eeee0a9b49e1.OPERATION#flowable-async-job-executor-thread-86027#
[CheckServiceOperationStateStep] Executing task "CheckServiceOperationStateTask" of process "6badd19d-b5b4-11f1-a367-eeee0a83654e"...#
#2026 09 21 12:03:13.088#Z#DEBUG#6a48e96a-b5b4-11f1-b631-eeee0a9b49e1.OPERATION#flowable-async-job-executor-thread-86027#
[CheckServiceOperationStateStep] Getting service instance "backend-db"...#
#2026 09 21 12:03:13.179#Z#DEBUG#6a48e96a-b5b4-11f1-b631-eeee0a9b49e1.OPERATION#flowable-async-job-executor-thread-86027#
Step "Check for service operations in Progress" finished#
#2026 09 21 12:03:13.158#Z#DEBUG#6a48e96a-b5b4-11f1-b631-eeee0a9b49e1.OPERATION#flowable-async-job-executor-thread-68084#
[UpdateServiceParametersStep] Executing task "UpdateServiceParametersTask" of process "6b7f46a7-b5b4-11f1-b631-eeee0a9b49e1"...#
#2026 09 21 12:03:13.161#Z#INFO#6a48e96a-b5b4-11f1-b631-eeee0a9b49e1.OPERATION#flowable-async-job-executor-thread-68084#
[UpdateServiceParametersStep] Updating service "backend-auth"...#
#2026 09 21 12:03:13.166#Z#DEBUG#6a48e96a-b5b4-11f1-b631-eeee0a9b49e1.OPERATION#flowable-async-job-executor-thread-68084#
[UpdateServiceParametersStep] Updating service parameters for service "backend-auth"...#
#2026 09 21 12:03:13.252#Z#DEBUG#6a48e96a-b5b4-11f1-b631-eeee0a9b49e1.OPERATION#flowable-async-job-executor-thread-68084#
[UpdateServiceParametersStep] Service "backend-auth" updated#
#2026 09 21 12:03:13.252#Z#DEBUG#6a48e96a-b5b4-11f1-b631-eeee0a9b49e1.OPERATION#flowable-async-job-executor-thread-68084#
[UpdateServiceParametersStep] Triggered service operations: {
  "backend-auth" : "UPDATE"
}#
#2026 09 21 12:03:13.254#Z#DEBUG#6a48e96a-b5b4-11f1-b631-eeee0a9b49e1.OPERATION#flowable-async-job-executor-thread-68084#
Step "Update parameters" finished#
#2026 09 21 12:03:13.204#Z#DEBUG#6a48e96a-b5b4-11f1-b631-eeee0a9b49e1.OPERATION#flowable-async-job-executor-thread-86027#
[DetermineServiceCreateUpdateServiceActionsStep] Executing task "DetermineServiceCreateUpdateActionsTask" of process "6badd19d-b5b4-11f1-a367-eeee0a83654e"...#
#2026 09 21 12:03:13.206#Z#INFO#6a48e96a-b5b4-11f1-b631-eeee0a9b49e1.OPERATION#flowable-async-job-executor-thread-86027#
[DetermineServiceCreateUpdateServiceActionsStep] Processing service "backend-db"...#
#2026 09 21 12:03:13.211#Z#DEBUG#6a48e96a-b5b4-11f1-b631-eeee0a9b49e1.OPERATION#flowable-async-job-executor-thread-86027#
[DetermineServiceCreateUpdateServiceActionsStep] Getting service instance "backend-db"...#
#2026 09 21 12:03:13.312#Z#DEBUG#6a48e96a-b5b4-11f1-b631-eeee0a9b49e1.OPERATION#flowable-async-job-executor-thread-86027#
[DetermineServiceCreateUpdateServiceActionsStep] Existing service: {
  "name" : "backend-db",
  "metadata" : {
    "guid" : "03d21dfb-fe35-43d5-b840-798009b9dd71",
    "createdAt" : [ 2026, 9, 18, 11, 5, 9 ],
    "updatedAt" : [ 2026, 9, 18, 11, 5, 9 ]
  },
  "v3Metadata" : {
    "annotations" : {
      "mta_id" : "backend",
      "mta_version" : "1.0.0",
      "mta_resource" : "{\"name\":\"backend-db\"}"
    },
    "labels" : {
      "mta_id" : "b43fdd98b1fd705ae4c3a10cf25aad8a"
    }
  },
  "label" : "hana",
  "plan" : "hdi-shared",
  "credentials" : "********",
  "tags" : [ ],
  "type" : "managed",
  "lastOperation" : {
    "type" : "CREATE",
    "state" : "SUCCEEDED"
  }
}#
#2026 09 21 12:03:13.312#Z#WARN#6a48e96a-b5b4-11f1-b631-eeee0a9b49e1.OPERATION#flowable-async-job-executor-thread-86027#
[DetermineServiceCreateUpdateServiceActionsStep] Service parameters for service "backend-db" will not be updated, as the parameters are not defined or empty.#
#2026 09 21 12:03:13.312#Z#DEBUG#6a48e96a-b5b4-11f1-b631-eeee0a9b49e1.OPERATION#flowable-async-job-executor-thread-86027#
Step "Determine update actions" finished#
#2026 09 21 12:03:13.351#Z#DEBUG#6a48e96a-b5b4-11f1-b631-eeee0a9b49e1.OPERATION#flowable-async-job-executor-thread-86027#
[CheckForServiceBindingOrKeyOperationStep] Executing task "CheckForServiceBindingOrKeyCreation" of process "6badd19d-b5b4-11f1-a367-eeee0a83654e"...#
#2026 09 21 12:03:13.352#Z#DEBUG#6a48e96a-b5b4-11f1-b631-eeee0a9b49e1.OPERATION#flowable-async-job-executor-thread-86027#
Step "Check for service binding or key creation" finished#
#2026 09 21 12:03:22.737#Z#DEBUG#6a48e96a-b5b4-11f1-b631-eeee0a9b49e1.OPERATION#flowable-async-job-executor-thread-68092#
[UpdateServiceParametersStep] Executing task "UpdateServiceParametersTask" of process "6b7f46a7-b5b4-11f1-b631-eeee0a9b49e1"...#
#2026 09 21 12:03:22.738#Z#DEBUG#6a48e96a-b5b4-11f1-b631-eeee0a9b49e1.OPERATION#flowable-async-job-executor-thread-68092#
[UpdateServiceParametersStep] Polling service operations...#
#2026 09 21 12:03:22.741#Z#DEBUG#6a48e96a-b5b4-11f1-b631-eeee0a9b49e1.OPERATION#flowable-async-job-executor-thread-68092#
[UpdateServiceParametersStep] Getting service instance "backend-auth"...#
#2026 09 21 12:03:22.838#Z#DEBUG#6a48e96a-b5b4-11f1-b631-eeee0a9b49e1.OPERATION#flowable-async-job-executor-thread-68092#
[UpdateServiceParametersStep] Last operation for service "backend-auth": {
  "type" : "UPDATE",
  "description" : "",
  "state" : "SUCCEEDED"
}#
#2026 09 21 12:03:22.838#Z#DEBUG#6a48e96a-b5b4-11f1-b631-eeee0a9b49e1.OPERATION#flowable-async-job-executor-thread-68092#
[UpdateServiceParametersStep] Service "backend-auth" updated#
#2026 09 21 12:03:22.838#Z#INFO#6a48e96a-b5b4-11f1-b631-eeee0a9b49e1.OPERATION#flowable-async-job-executor-thread-68092#
[UpdateServiceParametersStep] 1 of 1 done#
#2026 09 21 12:03:22.845#Z#DEBUG#6a48e96a-b5b4-11f1-b631-eeee0a9b49e1.OPERATION#flowable-async-job-executor-thread-68092#
[UpdateServiceParametersStep] Remaining services to poll: [ ]#
#2026 09 21 12:03:22.846#Z#DEBUG#6a48e96a-b5b4-11f1-b631-eeee0a9b49e1.OPERATION#flowable-async-job-executor-thread-68092#
Step "Update parameters" finished#
#2026 09 21 12:03:23.067#Z#DEBUG#6a48e96a-b5b4-11f1-b631-eeee0a9b49e1.OPERATION#flowable-async-job-executor-thread-68092#
[PrepareModulesDeploymentStep] Executing task "prepareModulesDeploymentTask" of process "719fba91-b5b4-11f1-b631-eeee0a9b49e1"...#
#2026 09 21 12:03:23.068#Z#DEBUG#6a48e96a-b5b4-11f1-b631-eeee0a9b49e1.OPERATION#flowable-async-job-executor-thread-68092#
[PrepareModulesDeploymentStep] Preparing modules deployment...#
#2026 09 21 12:03:23.073#Z#DEBUG#6a48e96a-b5b4-11f1-b631-eeee0a9b49e1.OPERATION#flowable-async-job-executor-thread-68092#
Step "Prepare Modules Deployment" finished#
#2026 09 21 12:03:23.110#Z#DEBUG#6a48e96a-b5b4-11f1-b631-eeee0a9b49e1.OPERATION#flowable-async-job-executor-thread-68092#
[ComputeNextModulesStep] Executing task "computeNextModulesToDeployInParallel" of process "719fba91-b5b4-11f1-b631-eeee0a9b49e1"...#
#2026 09 21 12:03:23.111#Z#DEBUG#6a48e96a-b5b4-11f1-b631-eeee0a9b49e1.OPERATION#flowable-async-job-executor-thread-68092#
[ComputeNextModulesStep] Computing modules for next parallel iteration...#
#2026 09 21 12:03:23.113#Z#DEBUG#6a48e96a-b5b4-11f1-b631-eeee0a9b49e1.OPERATION#flowable-async-job-executor-thread-68092#
[ComputeNextModulesStep] Completed modules detected: []#
#2026 09 21 12:03:23.113#Z#DEBUG#6a48e96a-b5b4-11f1-b631-eeee0a9b49e1.OPERATION#flowable-async-job-executor-thread-68092#
[ComputeNextModulesStep] All modules for deploy detected: [backend-db-deployer, backend-srv]#
#2026 09 21 12:03:23.113#Z#DEBUG#6a48e96a-b5b4-11f1-b631-eeee0a9b49e1.OPERATION#flowable-async-job-executor-thread-68092#
[ComputeNextModulesStep] Modules not for deploy detected: []#
#2026 09 21 12:03:23.113#Z#DEBUG#6a48e96a-b5b4-11f1-b631-eeee0a9b49e1.OPERATION#flowable-async-job-executor-thread-68092#
[ComputeNextModulesStep] Computed modules for next parallel iteration: [ {
  "majorSchemaVersion" : 3,
  "name" : "backend-srv",
  "type" : "javascript.nodejs",
  "path" : "backend-srv",
  "properties" : { },
  "parameters" : {
    "app-name" : "backend-srv",
    "buildpack" : "nodejs_buildpack",
    "default-app-name" : "backend-srv",
    "default-host" : "c876a150trial-dev-backend-srv",
    "default-instances" : 1,
    "default-live-app-name" : "backend-srv",
    "default-live-domain" : "cfapps.us10-001.hana.ondemand.com",
    "default-live-host" : "c876a150trial-dev-backend-srv",
    "default-live-uri" : "c876a150trial-dev-backend-srv.cfapps.us10-001.hana.ondemand.com",
    "default-live-url" : "https://c876a150trial-dev-backend-srv.cfapps.us10-001.hana.ondemand.com",
    "default-uri" : "c876a150trial-dev-backend-srv.cfapps.us10-001.hana.ondemand.com",
    "default-url" : "https://c876a150trial-dev-backend-srv.cfapps.us10-001.hana.ondemand.com",
    "dependency-type" : "soft",
    "domain" : "cfapps.us10-001.hana.ondemand.com",
    "generated-password" : "********",
    "generated-user" : "********",
    "host" : "c876a150trial-dev-backend-srv",
    "instances" : 1,
    "protocol" : "https"
  },
  "requiredDependencies" : [ {
    "majorSchemaVersion" : 3,
    "name" : "backend-db",
    "properties" : { },
    "parameters" : { },
    "propertiesMetadata" : {
      "metadata" : { }
    },
    "parametersMetadata" : {
      "metadata" : { }
    }
  }, {
    "majorSchemaVersion" : 3,
    "name" : "********",
    "properties" : { },
    "parameters" : { },
    "propertiesMetadata" : {
      "metadata" : { }
    },
    "parametersMetadata" : {
      "metadata" : { }
    }
  } ],
  "providedDependencies" : [ {
    "majorSchemaVersion" : 3,
    "name" : "srv-api",
    "isPublic" : false,
    "properties" : {
      "srv-url" : "https://c876a150trial-dev-backend-srv.cfapps.us10-001.hana.ondemand.com"
    },
    "parameters" : { },
    "propertiesMetadata" : {
      "metadata" : { }
    },
    "parametersMetadata" : {
      "metadata" : { }
    }
  }, {
    "majorSchemaVersion" : 3,
    "name" : "backend-srv",
    "isPublic" : false,
    "properties" : { },
    "parameters" : { },
    "propertiesMetadata" : {
      "metadata" : { }
    },
    "parametersMetadata" : {
      "metadata" : { }
    }
  } ],
  "propertiesMetadata" : {
    "metadata" : { }
  },
  "parametersMetadata" : {
    "metadata" : { }
  },
  "deployedAfter" : [ ],
  "hooks" : [ ]
}, {
  "majorSchemaVersion" : 3,
  "name" : "backend-db-deployer",
  "type" : "com.sap.xs.hdi",
  "path" : "backend-db-deployer",
  "properties" : {
    "EXIT" : 1
  },
  "parameters" : {
    "app-name" : "backend-db-deployer",
    "buildpack" : "nodejs_buildpack",
    "default-app-name" : "backend-db-deployer",
    "default-host" : "c876a150trial-dev-backend-db-deployer",
    "default-instances" : 1,
    "default-live-app-name" : "backend-db-deployer",
    "default-live-domain" : "cfapps.us10-001.hana.ondemand.com",
    "default-live-host" : "c876a150trial-dev-backend-db-deployer",
    "default-live-uri" : "c876a150trial-dev-backend-db-deployer.cfapps.us10-001.hana.ondemand.com",
    "default-live-url" : "https://c876a150trial-dev-backend-db-deployer.cfapps.us10-001.hana.ondemand.com",
    "default-uri" : "c876a150trial-dev-backend-db-deployer.cfapps.us10-001.hana.ondemand.com",
    "default-url" : "https://c876a150trial-dev-backend-db-deployer.cfapps.us10-001.hana.ondemand.com",
    "dependency-type" : "hard",
    "domain" : "cfapps.us10-001.hana.ondemand.com",
    "generated-password" : "********",
    "generated-user" : "********",
    "host" : "c876a150trial-dev-backend-db-deployer",
    "instances" : 1,
    "memory" : "256M",
    "no-route" : true,
    "no-start" : true,
    "protocol" : "https",
    "tasks" : [ {
      "command" : "npm start",
      "memory" : "256M",
      "name" : "deploy"
    } ]
  },
  "requiredDependencies" : [ {
    "majorSchemaVersion" : 3,
    "name" : "backend-db",
    "properties" : { },
    "parameters" : { },
    "propertiesMetadata" : {
      "metadata" : { }
    },
    "parametersMetadata" : {
      "metadata" : { }
    }
  } ],
  "providedDependencies" : [ {
    "majorSchemaVersion" : 3,
    "name" : "backend-db-deployer",
    "isPublic" : false,
    "properties" : { },
    "parameters" : { },
    "propertiesMetadata" : {
      "metadata" : { }
    },
    "parametersMetadata" : {
      "metadata" : { }
    }
  } ],
  "propertiesMetadata" : {
    "metadata" : { }
  },
  "parametersMetadata" : {
    "metadata" : { }
  },
  "deployedAfter" : [ ],
  "hooks" : [ ]
} ]#
#2026 09 21 12:03:23.113#Z#DEBUG#6a48e96a-b5b4-11f1-b631-eeee0a9b49e1.OPERATION#flowable-async-job-executor-thread-68092#
Step "Compute Next Modules To Deploy" finished#
#2026 09 21 12:03:23.244#Z#DEBUG#6a48e96a-b5b4-11f1-b631-eeee0a9b49e1.OPERATION#flowable-async-job-executor-thread-68092#
[ProcessDescriptorStep] Executing task "reprocessDescriptorTask" of process "71b7fe43-b5b4-11f1-b631-eeee0a9b49e1"...#
#2026 09 21 12:03:23.245#Z#DEBUG#6a48e96a-b5b4-11f1-b631-eeee0a9b49e1.OPERATION#flowable-async-job-executor-thread-68092#
[ProcessDescriptorStep] Resolving properties and parameters in merged descriptor...#
#2026 09 21 12:03:23.248#Z#DEBUG#6a48e96a-b5b4-11f1-b631-eeee0a9b49e1.OPERATION#flowable-async-job-executor-thread-68092#
[ProcessDescriptorStep] Subscriptions: [ ]#
#2026 09 21 12:03:23.253#Z#DEBUG#6a48e96a-b5b4-11f1-b631-eeee0a9b49e1.OPERATION#flowable-async-job-executor-thread-68092#
[ProcessDescriptorStep] MTA modules: [backend-db-deployer, backend-srv]#
#2026 09 21 12:03:23.257#Z#DEBUG#6a48e96a-b5b4-11f1-b631-eeee0a9b49e1.OPERATION#flowable-async-job-executor-thread-68092#
[ProcessDescriptorStep] Resolved deployment descriptor: {
  "majorSchemaVersion" : 3,
  "schemaVersion" : "3.3.0",
  "id" : "backend",
  "version" : "1.0.0",
  "modules" : [ {
    "majorSchemaVersion" : 3,
    "name" : "backend-srv",
    "type" : "javascript.nodejs",
    "path" : "backend-srv",
    "properties" : { },
    "parameters" : {
      "default-url" : "https://c876a150trial-dev-backend-srv.cfapps.us10-001.hana.ondemand.com",
      "default-app-name" : "backend-srv",
      "generated-password" : "********",
      "default-live-url" : "https://c876a150trial-dev-backend-srv.cfapps.us10-001.hana.ondemand.com",
      "default-uri" : "c876a150trial-dev-backend-srv.cfapps.us10-001.hana.ondemand.com",
      "default-instances" : 1,
      "default-live-host" : "c876a150trial-dev-backend-srv",
      "instances" : 1,
      "buildpack" : "nodejs_buildpack",
      "default-host" : "c876a150trial-dev-backend-srv",
      "app-name" : "backend-srv",
      "default-live-uri" : "c876a150trial-dev-backend-srv.cfapps.us10-001.hana.ondemand.com",
      "protocol" : "https",
      "default-live-app-name" : "backend-srv",
      "default-live-domain" : "cfapps.us10-001.hana.ondemand.com",
      "domain" : "cfapps.us10-001.hana.ondemand.com",
      "host" : "c876a150trial-dev-backend-srv",
      "generated-user" : "********"
    },
    "requiredDependencies" : [ {
      "majorSchemaVersion" : 3,
      "name" : "backend-db",
      "properties" : { },
      "parameters" : { },
      "propertiesMetadata" : {
        "metadata" : { }
      },
      "parametersMetadata" : {
        "metadata" : { }
      }
    }, {
      "majorSchemaVersion" : 3,
      "name" : "********",
      "properties" : { },
      "parameters" : { },
      "propertiesMetadata" : {
        "metadata" : { }
      },
      "parametersMetadata" : {
        "metadata" : { }
      }
    } ],
    "providedDependencies" : [ {
      "majorSchemaVersion" : 3,
      "name" : "srv-api",
      "isPublic" : false,
      "properties" : {
        "srv-url" : "https://c876a150trial-dev-backend-srv.cfapps.us10-001.hana.ondemand.com"
      },
      "parameters" : { },
      "propertiesMetadata" : {
        "metadata" : { }
      },
      "parametersMetadata" : {
        "metadata" : { }
      }
    }, {
      "majorSchemaVersion" : 3,
      "name" : "backend-srv",
      "isPublic" : false,
      "properties" : { },
      "parameters" : { },
      "propertiesMetadata" : {
        "metadata" : { }
      },
      "parametersMetadata" : {
        "metadata" : { }
      }
    } ],
    "propertiesMetadata" : {
      "metadata" : { }
    },
    "parametersMetadata" : {
      "metadata" : { }
    },
    "hooks" : [ ]
  }, {
    "majorSchemaVersion" : 3,
    "name" : "backend-db-deployer",
    "type" : "com.sap.xs.hdi",
    "path" : "backend-db-deployer",
    "properties" : {
      "EXIT" : 1
    },
    "parameters" : {
      "default-url" : "https://c876a150trial-dev-backend-db-deployer.cfapps.us10-001.hana.ondemand.com",
      "default-app-name" : "backend-db-deployer",
      "generated-password" : "********",
      "default-live-url" : "https://c876a150trial-dev-backend-db-deployer.cfapps.us10-001.hana.ondemand.com",
      "default-uri" : "c876a150trial-dev-backend-db-deployer.cfapps.us10-001.hana.ondemand.com",
      "memory" : "256M",
      "default-instances" : 1,
      "no-route" : true,
      "default-live-host" : "c876a150trial-dev-backend-db-deployer",
      "instances" : 1,
      "buildpack" : "nodejs_buildpack",
      "default-host" : "c876a150trial-dev-backend-db-deployer",
      "app-name" : "backend-db-deployer",
      "default-live-uri" : "c876a150trial-dev-backend-db-deployer.cfapps.us10-001.hana.ondemand.com",
      "protocol" : "https",
      "default-live-app-name" : "backend-db-deployer",
      "default-live-domain" : "cfapps.us10-001.hana.ondemand.com",
      "dependency-type" : "hard",
      "domain" : "cfapps.us10-001.hana.ondemand.com",
      "host" : "c876a150trial-dev-backend-db-deployer",
      "generated-user" : "********",
      "tasks" : [ {
        "command" : "npm start",
        "memory" : "256M",
        "name" : "deploy"
      } ],
      "no-start" : true
    },
    "requiredDependencies" : [ {
      "majorSchemaVersion" : 3,
      "name" : "backend-db",
      "properties" : { },
      "parameters" : { },
      "propertiesMetadata" : {
        "metadata" : { }
      },
      "parametersMetadata" : {
        "metadata" : { }
      }
    } ],
    "providedDependencies" : [ {
      "majorSchemaVersion" : 3,
      "name" : "backend-db-deployer",
      "isPublic" : false,
      "properties" : { },
      "parameters" : { },
      "propertiesMetadata" : {
        "metadata" : { }
      },
      "parametersMetadata" : {
        "metadata" : { }
      }
    } ],
    "propertiesMetadata" : {
      "metadata" : { }
    },
    "parametersMetadata" : {
      "metadata" : { }
    },
    "hooks" : [ ]
  } ],
  "resources" : [ {
    "majorSchemaVersion" : 3,
    "name" : "backend-db",
    "type" : "com.sap.xs.hdi-container",
    "properties" : { },
    "parameters" : {
      "generated-password" : "********",
      "service-name" : "backend-db",
      "service-plan" : "hdi-shared",
      "service" : "hana",
      "generated-user" : "********",
      "default-xsappname" : "backend-db",
      "type" : "managed-service",
      "default-service-name" : "backend-db",
      "default-container-name" : "C876A150TRIAL_DEV_BACKEND_DB"
    },
    "isActive" : true,
    "isOptional" : false,
    "propertiesMetadata" : {
      "metadata" : { }
    },
    "parametersMetadata" : {
      "metadata" : { }
    },
    "requiredDependencies" : [ ],
    "processedAfter" : [ ]
  }, {
    "majorSchemaVersion" : 3,
    "name" : "********",
    "type" : "org.cloudfoundry.managed-service",
    "properties" : { },
    "parameters" : {
      "generated-password" : "********",
      "path" : "./xs-security.json",
      "service-name" : "********",
      "service-plan" : "application",
      "service" : "xsuaa",
      "generated-user" : "********",
      "default-xsappname" : "********",
      "type" : "managed-service",
      "config" : {
        "oauth2-configuration" : "********",
        "tenant-mode" : "dedicated",
        "xsappname" : "backend-c876a150trial-dev"
      },
      "default-service-name" : "********",
      "default-container-name" : "********"
    },
    "isActive" : true,
    "isOptional" : false,
    "propertiesMetadata" : {
      "metadata" : { }
    },
    "parametersMetadata" : {
      "metadata" : { }
    },
    "requiredDependencies" : [ ],
    "processedAfter" : [ ]
  } ],
  "parameters" : {
    "mta-id" : "backend",
    "authorization-url" : "********",
    "org-guid" : "730e1a79-da8e-47f7-a22a-d0f9309780c7",
    "org" : "c876a150trial",
    "deploy-target" : "c876a150trial dev",
    "enable-parallel-deployments" : true,
    "region-primary-domain" : "us10.hana.ondemand.com",
    "space" : "dev",
    "region-domain" : "us10-001.hana.ondemand.com",
    "xs-api-url" : "https://api.cf.us10-001.hana.ondemand.com",
    "deploy-url" : "deploy-service.cfapps.us10-001.hana.ondemand.com",
    "xs-type" : "CF",
    "default-domain" : "cfapps.us10-001.hana.ondemand.com",
    "mta-version" : "1.0.0",
    "xs-auth-url" : "********",
    "space-guid" : "39a977e9-2fb8-4929-b0b9-3a13a73b4097",
    "user" : "********",
    "controller-url" : "https://api.cf.us10-001.hana.ondemand.com",
    "timestamp" : "20260921120310"
  },
  "parametersMetadata" : {
    "metadata" : { }
  }
}#
#2026 09 21 12:03:23.257#Z#DEBUG#6a48e96a-b5b4-11f1-b631-eeee0a9b49e1.OPERATION#flowable-async-job-executor-thread-68092#
[ProcessDescriptorStep] Merged descriptor properties and parameters resolved#
#2026 09 21 12:03:23.257#Z#DEBUG#6a48e96a-b5b4-11f1-b631-eeee0a9b49e1.OPERATION#flowable-async-job-executor-thread-68092#
Step "Re-Process Descriptor Step" finished#
#2026 09 21 12:03:23.288#Z#DEBUG#6a48e96a-b5b4-11f1-b631-eeee0a9b49e1.OPERATION#flowable-async-job-executor-thread-68092#
[BuildApplicationDeployModelStep] Executing task "buildApplicationDeployModelTask" of process "71b7fe43-b5b4-11f1-b631-eeee0a9b49e1"...#
#2026 09 21 12:03:23.290#Z#DEBUG#6a48e96a-b5b4-11f1-b631-eeee0a9b49e1.OPERATION#flowable-async-job-executor-thread-68092#
[BuildApplicationDeployModelStep] Building cloud deployment model for application "backend-srv"...#
#2026 09 21 12:03:23.294#Z#DEBUG#6a48e96a-b5b4-11f1-b631-eeee0a9b49e1.OPERATION#flowable-async-job-executor-thread-68092#
[BuildApplicationDeployModelStep] No health-check-type is specified. Setting default type: port#
#2026 09 21 12:03:23.294#Z#INFO#6a48e96a-b5b4-11f1-b631-eeee0a9b49e1.OPERATION#flowable-async-job-executor-thread-68092#
[BuildApplicationDeployModelStep] Building configuration entries for org c876a150trial, space dev, spaceId 39a977e9-2fb8-4929-b0b9-3a13a73b4097 and namespace null!#
#2026 09 21 12:03:23.295#Z#DEBUG#6a48e96a-b5b4-11f1-b631-eeee0a9b49e1.OPERATION#flowable-async-job-executor-thread-68092#
[BuildApplicationDeployModelStep] Configuration entries to publish: [ ]#
#2026 09 21 12:03:23.295#Z#DEBUG#6a48e96a-b5b4-11f1-b631-eeee0a9b49e1.OPERATION#flowable-async-job-executor-thread-68092#
[BuildApplicationDeployModelStep] Cloud deployment model for application built#
#2026 09 21 12:03:23.295#Z#DEBUG#6a48e96a-b5b4-11f1-b631-eeee0a9b49e1.OPERATION#flowable-async-job-executor-thread-68092#
Step "Build Application Deploy Model" finished#
#2026 09 21 12:03:23.329#Z#DEBUG#6a48e96a-b5b4-11f1-b631-eeee0a9b49e1.OPERATION#flowable-async-job-executor-thread-68092#
[CreateOrUpdateAppStep] Executing task "createAppTask" of process "71b7fe43-b5b4-11f1-b631-eeee0a9b49e1"...#
#2026 09 21 12:03:23.330#Z#DEBUG#6a48e96a-b5b4-11f1-b631-eeee0a9b49e1.OPERATION#flowable-async-job-executor-thread-68092#
[CreateOrUpdateAppStep] Getting application "backend-srv"...#
#2026 09 21 12:03:23.360#Z#INFO#6a48e96a-b5b4-11f1-b631-eeee0a9b49e1.OPERATION#flowable-async-job-executor-thread-68092#
[CreateOrUpdateAppStep] Updating application "backend-srv"...#
#2026 09 21 12:03:23.365#Z#DEBUG#6a48e96a-b5b4-11f1-b631-eeee0a9b49e1.OPERATION#flowable-async-job-executor-thread-68092#
[CreateOrUpdateAppStep] Getting process for application "4853978f-026d-4290-a090-6a760c3f3643"...#
#2026 09 21 12:03:23.399#Z#DEBUG#6a48e96a-b5b4-11f1-b631-eeee0a9b49e1.OPERATION#flowable-async-job-executor-thread-68092#
[CreateOrUpdateAppStep] Getting routes for application "4853978f-026d-4290-a090-6a760c3f3643"...#
#2026 09 21 12:03:23.428#Z#DEBUG#6a48e96a-b5b4-11f1-b631-eeee0a9b49e1.OPERATION#flowable-async-job-executor-thread-68092#
[CreateOrUpdateAppStep] Getting features for application "4853978f-026d-4290-a090-6a760c3f3643"#
#2026 09 21 12:03:23.455#Z#DEBUG#6a48e96a-b5b4-11f1-b631-eeee0a9b49e1.OPERATION#flowable-async-job-executor-thread-68092#
[CreateOrUpdateAppStep] Updating staging of application "backend-srv" to: {
  "buildpacks" : [ "nodejs_buildpack" ],
  "healthCheckType" : "port",
  "appFeatures" : { }
}#
#2026 09 21 12:03:23.657#Z#DEBUG#6a48e96a-b5b4-11f1-b631-eeee0a9b49e1.OPERATION#flowable-async-job-executor-thread-68092#
[CreateOrUpdateAppStep] Application "backend-srv" updated#
#2026 09 21 12:03:23.657#Z#DEBUG#6a48e96a-b5b4-11f1-b631-eeee0a9b49e1.OPERATION#flowable-async-job-executor-thread-68092#
[CreateOrUpdateAppStep] Getting environment of application "4853978f-026d-4290-a090-6a760c3f3643"...#
#2026 09 21 12:03:23.724#Z#DEBUG#6a48e96a-b5b4-11f1-b631-eeee0a9b49e1.OPERATION#flowable-async-job-executor-thread-68092#
[CreateOrUpdateAppStep] Application "backend-srv" updated#
#2026 09 21 12:03:23.724#Z#DEBUG#6a48e96a-b5b4-11f1-b631-eeee0a9b49e1.OPERATION#flowable-async-job-executor-thread-68092#
Step "Create App" finished#
#2026 09 21 12:03:23.815#Z#DEBUG#6a48e96a-b5b4-11f1-b631-eeee0a9b49e1.OPERATION#flowable-async-job-executor-thread-68092#
[CheckServiceBindingOperationStep] Executing task "checkForServiceBindingOperationInProgress" of process "7212c7d6-b5b4-11f1-b631-eeee0a9b49e1"...#
#2026 09 21 12:03:23.815#Z#DEBUG#6a48e96a-b5b4-11f1-b631-eeee0a9b49e1.OPERATION#flowable-async-job-executor-thread-68092#
[CheckServiceBindingOperationStep] Checking for service binding operation in progress between app "backend-srv" and service instance "backend-db"#
#2026 09 21 12:03:23.816#Z#DEBUG#6a48e96a-b5b4-11f1-b631-eeee0a9b49e1.OPERATION#flowable-async-job-executor-thread-68092#
[CheckServiceBindingOperationStep] Getting application guid "backend-srv"...#
#2026 09 21 12:03:23.846#Z#DEBUG#6a48e96a-b5b4-11f1-b631-eeee0a9b49e1.OPERATION#flowable-async-job-executor-thread-68092#
[CheckServiceBindingOperationStep] Getting GUID of required service instance "backend-db"...#
#2026 09 21 12:03:23.876#Z#DEBUG#6a48e96a-b5b4-11f1-b631-eeee0a9b49e1.OPERATION#flowable-async-job-executor-thread-68092#
[CheckServiceBindingOperationStep] Getting binding of service instance "03d21dfb-fe35-43d5-b840-798009b9dd71" with application "4853978f-026d-4290-a090-6a760c3f3643"...#
#2026 09 21 12:03:23.905#Z#DEBUG#6a48e96a-b5b4-11f1-b631-eeee0a9b49e1.OPERATION#flowable-async-job-executor-thread-68092#
[CheckServiceBindingOperationStep] Service binding operation "43dd0e05-08c1-4e1e-a3d5-1bc7d435d8ab" with type "create" is in state "succeeded"#
#2026 09 21 12:03:23.905#Z#DEBUG#6a48e96a-b5b4-11f1-b631-eeee0a9b49e1.OPERATION#flowable-async-job-executor-thread-68092#
Step "Check For Service Binding Operation In Progress" finished#
#2026 09 21 12:03:23.935#Z#DEBUG#6a48e96a-b5b4-11f1-b631-eeee0a9b49e1.OPERATION#flowable-async-job-executor-thread-68092#
[DetermineApplicationServiceBindingActionsStep] Executing task "determineApplicationServiceBindingActionsTask" of process "7212c7d6-b5b4-11f1-b631-eeee0a9b49e1"...#
#2026 09 21 12:03:23.936#Z#DEBUG#6a48e96a-b5b4-11f1-b631-eeee0a9b49e1.OPERATION#flowable-async-job-executor-thread-68092#
[DetermineApplicationServiceBindingActionsStep] Determine bind/unbind operations of application "backend-srv" to service instance "backend-db"#
#2026 09 21 12:03:23.936#Z#DEBUG#6a48e96a-b5b4-11f1-b631-eeee0a9b49e1.OPERATION#flowable-async-job-executor-thread-68092#
[DetermineApplicationServiceBindingActionsStep] Getting application "backend-srv"...#
#2026 09 21 12:03:23.971#Z#DEBUG#6a48e96a-b5b4-11f1-b631-eeee0a9b49e1.OPERATION#flowable-async-job-executor-thread-68092#
[DetermineApplicationServiceBindingActionsStep] Binding parameters for application "backend-srv": { }#
#2026 09 21 12:03:23.999#Z#DEBUG#6a48e96a-b5b4-11f1-b631-eeee0a9b49e1.OPERATION#flowable-async-job-executor-thread-68092#
[DetermineApplicationServiceBindingActionsStep] Check should rebind application "backend-srv" and service instance "backend-db"#
#2026 09 21 12:03:23.999#Z#DEBUG#6a48e96a-b5b4-11f1-b631-eeee0a9b49e1.OPERATION#flowable-async-job-executor-thread-68092#
[DetermineApplicationServiceBindingActionsStep] Getting GUID of required service instance "backend-db"...#
#2026 09 21 12:03:24.029#Z#DEBUG#6a48e96a-b5b4-11f1-b631-eeee0a9b49e1.OPERATION#flowable-async-job-executor-thread-68092#
[DetermineApplicationServiceBindingActionsStep] Getting binding of service instance "03d21dfb-fe35-43d5-b840-798009b9dd71" with application "4853978f-026d-4290-a090-6a760c3f3643"...#
#2026 09 21 12:03:24.061#Z#DEBUG#6a48e96a-b5b4-11f1-b631-eeee0a9b49e1.OPERATION#flowable-async-job-executor-thread-68092#
[DetermineApplicationServiceBindingActionsStep] Getting parameters of service binding "43dd0e05-08c1-4e1e-a3d5-1bc7d435d8ab"...#
#2026 09 21 12:03:24.301#Z#INFO#6a48e96a-b5b4-11f1-b631-eeee0a9b49e1.OPERATION#flowable-async-job-executor-thread-68092#
[DetermineApplicationServiceBindingActionsStep] Service instance "backend-db" will not be rebound to application "backend-srv" because the binding parameters are not modified#
#2026 09 21 12:03:24.306#Z#DEBUG#6a48e96a-b5b4-11f1-b631-eeee0a9b49e1.OPERATION#flowable-async-job-executor-thread-68092#
[DetermineApplicationServiceBindingActionsStep] Calculated binding operations between application "backend-srv" and service instance "backend-db": unbind - false bind - false#
#2026 09 21 12:03:24.306#Z#DEBUG#6a48e96a-b5b4-11f1-b631-eeee0a9b49e1.OPERATION#flowable-async-job-executor-thread-68092#
Step "Determine Application Service Binding Actions" finished#
#2026 09 21 12:03:24.402#Z#DEBUG#6a48e96a-b5b4-11f1-b631-eeee0a9b49e1.OPERATION#flowable-async-job-executor-thread-139311#
[ProcessDescriptorStep] Executing task "reprocessDescriptorTask" of process "726a84b3-b5b4-11f1-8947-eeee0a817d23"...#
#2026 09 21 12:03:24.402#Z#DEBUG#6a48e96a-b5b4-11f1-b631-eeee0a9b49e1.OPERATION#flowable-async-job-executor-thread-139311#
[ProcessDescriptorStep] Resolving properties and parameters in merged descriptor...#
#2026 09 21 12:03:24.404#Z#DEBUG#6a48e96a-b5b4-11f1-b631-eeee0a9b49e1.OPERATION#flowable-async-job-executor-thread-139311#
[ProcessDescriptorStep] Subscriptions: [ ]#
#2026 09 21 12:03:24.407#Z#DEBUG#6a48e96a-b5b4-11f1-b631-eeee0a9b49e1.OPERATION#flowable-async-job-executor-thread-139311#
[ProcessDescriptorStep] MTA modules: [backend-db-deployer, backend-srv]#
#2026 09 21 12:03:24.409#Z#DEBUG#6a48e96a-b5b4-11f1-b631-eeee0a9b49e1.OPERATION#flowable-async-job-executor-thread-139311#
[ProcessDescriptorStep] Resolved deployment descriptor: {
  "majorSchemaVersion" : 3,
  "schemaVersion" : "3.3.0",
  "id" : "backend",
  "version" : "1.0.0",
  "modules" : [ {
    "majorSchemaVersion" : 3,
    "name" : "backend-srv",
    "type" : "javascript.nodejs",
    "path" : "backend-srv",
    "properties" : { },
    "parameters" : {
      "default-url" : "https://c876a150trial-dev-backend-srv.cfapps.us10-001.hana.ondemand.com",
      "default-app-name" : "backend-srv",
      "generated-password" : "********",
      "default-live-url" : "https://c876a150trial-dev-backend-srv.cfapps.us10-001.hana.ondemand.com",
      "default-uri" : "c876a150trial-dev-backend-srv.cfapps.us10-001.hana.ondemand.com",
      "default-instances" : 1,
      "default-live-host" : "c876a150trial-dev-backend-srv",
      "instances" : 1,
      "buildpack" : "nodejs_buildpack",
      "default-host" : "c876a150trial-dev-backend-srv",
      "app-name" : "backend-srv",
      "default-live-uri" : "c876a150trial-dev-backend-srv.cfapps.us10-001.hana.ondemand.com",
      "protocol" : "https",
      "default-live-app-name" : "backend-srv",
      "default-live-domain" : "cfapps.us10-001.hana.ondemand.com",
      "domain" : "cfapps.us10-001.hana.ondemand.com",
      "host" : "c876a150trial-dev-backend-srv",
      "generated-user" : "********"
    },
    "requiredDependencies" : [ {
      "majorSchemaVersion" : 3,
      "name" : "backend-db",
      "properties" : { },
      "parameters" : { },
      "propertiesMetadata" : {
        "metadata" : { }
      },
      "parametersMetadata" : {
        "metadata" : { }
      }
    }, {
      "majorSchemaVersion" : 3,
      "name" : "********",
      "properties" : { },
      "parameters" : { },
      "propertiesMetadata" : {
        "metadata" : { }
      },
      "parametersMetadata" : {
        "metadata" : { }
      }
    } ],
    "providedDependencies" : [ {
      "majorSchemaVersion" : 3,
      "name" : "srv-api",
      "isPublic" : false,
      "properties" : {
        "srv-url" : "https://c876a150trial-dev-backend-srv.cfapps.us10-001.hana.ondemand.com"
      },
      "parameters" : { },
      "propertiesMetadata" : {
        "metadata" : { }
      },
      "parametersMetadata" : {
        "metadata" : { }
      }
    }, {
      "majorSchemaVersion" : 3,
      "name" : "backend-srv",
      "isPublic" : false,
      "properties" : { },
      "parameters" : { },
      "propertiesMetadata" : {
        "metadata" : { }
      },
      "parametersMetadata" : {
        "metadata" : { }
      }
    } ],
    "propertiesMetadata" : {
      "metadata" : { }
    },
    "parametersMetadata" : {
      "metadata" : { }
    },
    "hooks" : [ ]
  }, {
    "majorSchemaVersion" : 3,
    "name" : "backend-db-deployer",
    "type" : "com.sap.xs.hdi",
    "path" : "backend-db-deployer",
    "properties" : {
      "EXIT" : 1
    },
    "parameters" : {
      "default-url" : "https://c876a150trial-dev-backend-db-deployer.cfapps.us10-001.hana.ondemand.com",
      "default-app-name" : "backend-db-deployer",
      "generated-password" : "********",
      "default-live-url" : "https://c876a150trial-dev-backend-db-deployer.cfapps.us10-001.hana.ondemand.com",
      "default-uri" : "c876a150trial-dev-backend-db-deployer.cfapps.us10-001.hana.ondemand.com",
      "memory" : "256M",
      "default-instances" : 1,
      "no-route" : true,
      "default-live-host" : "c876a150trial-dev-backend-db-deployer",
      "instances" : 1,
      "buildpack" : "nodejs_buildpack",
      "default-host" : "c876a150trial-dev-backend-db-deployer",
      "app-name" : "backend-db-deployer",
      "default-live-uri" : "c876a150trial-dev-backend-db-deployer.cfapps.us10-001.hana.ondemand.com",
      "protocol" : "https",
      "default-live-app-name" : "backend-db-deployer",
      "default-live-domain" : "cfapps.us10-001.hana.ondemand.com",
      "dependency-type" : "hard",
      "domain" : "cfapps.us10-001.hana.ondemand.com",
      "host" : "c876a150trial-dev-backend-db-deployer",
      "generated-user" : "********",
      "tasks" : [ {
        "command" : "npm start",
        "memory" : "256M",
        "name" : "deploy"
      } ],
      "no-start" : true
    },
    "requiredDependencies" : [ {
      "majorSchemaVersion" : 3,
      "name" : "backend-db",
      "properties" : { },
      "parameters" : { },
      "propertiesMetadata" : {
        "metadata" : { }
      },
      "parametersMetadata" : {
        "metadata" : { }
      }
    } ],
    "providedDependencies" : [ {
      "majorSchemaVersion" : 3,
      "name" : "backend-db-deployer",
      "isPublic" : false,
      "properties" : { },
      "parameters" : { },
      "propertiesMetadata" : {
        "metadata" : { }
      },
      "parametersMetadata" : {
        "metadata" : { }
      }
    } ],
    "propertiesMetadata" : {
      "metadata" : { }
    },
    "parametersMetadata" : {
      "metadata" : { }
    },
    "hooks" : [ ]
  } ],
  "resources" : [ {
    "majorSchemaVersion" : 3,
    "name" : "backend-db",
    "type" : "com.sap.xs.hdi-container",
    "properties" : { },
    "parameters" : {
      "generated-password" : "********",
      "service-name" : "backend-db",
      "service-plan" : "hdi-shared",
      "service" : "hana",
      "generated-user" : "********",
      "default-xsappname" : "backend-db",
      "type" : "managed-service",
      "default-service-name" : "backend-db",
      "default-container-name" : "C876A150TRIAL_DEV_BACKEND_DB"
    },
    "isActive" : true,
    "isOptional" : false,
    "propertiesMetadata" : {
      "metadata" : { }
    },
    "parametersMetadata" : {
      "metadata" : { }
    },
    "requiredDependencies" : [ ],
    "processedAfter" : [ ]
  }, {
    "majorSchemaVersion" : 3,
    "name" : "********",
    "type" : "org.cloudfoundry.managed-service",
    "properties" : { },
    "parameters" : {
      "generated-password" : "********",
      "path" : "./xs-security.json",
      "service-name" : "********",
      "service-plan" : "application",
      "service" : "xsuaa",
      "generated-user" : "********",
      "default-xsappname" : "********",
      "type" : "managed-service",
      "config" : {
        "oauth2-configuration" : "********",
        "tenant-mode" : "dedicated",
        "xsappname" : "backend-c876a150trial-dev"
      },
      "default-service-name" : "********",
      "default-container-name" : "********"
    },
    "isActive" : true,
    "isOptional" : false,
    "propertiesMetadata" : {
      "metadata" : { }
    },
    "parametersMetadata" : {
      "metadata" : { }
    },
    "requiredDependencies" : [ ],
    "processedAfter" : [ ]
  } ],
  "parameters" : {
    "mta-id" : "backend",
    "authorization-url" : "********",
    "org-guid" : "730e1a79-da8e-47f7-a22a-d0f9309780c7",
    "org" : "c876a150trial",
    "deploy-target" : "c876a150trial dev",
    "enable-parallel-deployments" : true,
    "region-primary-domain" : "us10.hana.ondemand.com",
    "space" : "dev",
    "region-domain" : "us10-001.hana.ondemand.com",
    "xs-api-url" : "https://api.cf.us10-001.hana.ondemand.com",
    "deploy-url" : "deploy-service.cfapps.us10-001.hana.ondemand.com",
    "xs-type" : "CF",
    "default-domain" : "cfapps.us10-001.hana.ondemand.com",
    "mta-version" : "1.0.0",
    "xs-auth-url" : "********",
    "space-guid" : "39a977e9-2fb8-4929-b0b9-3a13a73b4097",
    "user" : "********",
    "controller-url" : "https://api.cf.us10-001.hana.ondemand.com",
    "timestamp" : "20260921120310"
  },
  "parametersMetadata" : {
    "metadata" : { }
  }
}#
#2026 09 21 12:03:24.409#Z#DEBUG#6a48e96a-b5b4-11f1-b631-eeee0a9b49e1.OPERATION#flowable-async-job-executor-thread-139311#
[ProcessDescriptorStep] Merged descriptor properties and parameters resolved#
#2026 09 21 12:03:24.409#Z#DEBUG#6a48e96a-b5b4-11f1-b631-eeee0a9b49e1.OPERATION#flowable-async-job-executor-thread-139311#
Step "Re-Process Descriptor Step" finished#
#2026 09 21 12:03:24.426#Z#DEBUG#6a48e96a-b5b4-11f1-b631-eeee0a9b49e1.OPERATION#flowable-async-job-executor-thread-139311#
[BuildApplicationDeployModelStep] Executing task "buildApplicationDeployModelTask" of process "726a84b3-b5b4-11f1-8947-eeee0a817d23"...#
#2026 09 21 12:03:24.428#Z#DEBUG#6a48e96a-b5b4-11f1-b631-eeee0a9b49e1.OPERATION#flowable-async-job-executor-thread-139311#
[BuildApplicationDeployModelStep] Building cloud deployment model for application "backend-db-deployer"...#
#2026 09 21 12:03:24.485#Z#DEBUG#6a48e96a-b5b4-11f1-b631-eeee0a9b49e1.OPERATION#flowable-async-job-executor-thread-139311#
[BuildApplicationDeployModelStep] No health-check-type is specified. Setting default type: port#
#2026 09 21 12:03:24.486#Z#INFO#6a48e96a-b5b4-11f1-b631-eeee0a9b49e1.OPERATION#flowable-async-job-executor-thread-139311#
[BuildApplicationDeployModelStep] Building configuration entries for org c876a150trial, space dev, spaceId 39a977e9-2fb8-4929-b0b9-3a13a73b4097 and namespace null!#
#2026 09 21 12:03:24.487#Z#DEBUG#6a48e96a-b5b4-11f1-b631-eeee0a9b49e1.OPERATION#flowable-async-job-executor-thread-139311#
[BuildApplicationDeployModelStep] Configuration entries to publish: [ ]#
#2026 09 21 12:03:24.487#Z#DEBUG#6a48e96a-b5b4-11f1-b631-eeee0a9b49e1.OPERATION#flowable-async-job-executor-thread-139311#
[BuildApplicationDeployModelStep] Cloud deployment model for application built#
#2026 09 21 12:03:24.487#Z#DEBUG#6a48e96a-b5b4-11f1-b631-eeee0a9b49e1.OPERATION#flowable-async-job-executor-thread-139311#
Step "Build Application Deploy Model" finished#
#2026 09 21 12:03:24.364#Z#DEBUG#6a48e96a-b5b4-11f1-b631-eeee0a9b49e1.OPERATION#flowable-async-job-executor-thread-139312#
[CheckServiceBindingOperationStep] Executing task "checkForServiceBindingOperationInProgress" of process "72661849-b5b4-11f1-8947-eeee0a817d23"...#
#2026 09 21 12:03:24.364#Z#DEBUG#6a48e96a-b5b4-11f1-b631-eeee0a9b49e1.OPERATION#flowable-async-job-executor-thread-139312#
[CheckServiceBindingOperationStep] Checking for service binding operation in progress between app "backend-srv" and service instance "backend-auth"#
#2026 09 21 12:03:24.434#Z#DEBUG#6a48e96a-b5b4-11f1-b631-eeee0a9b49e1.OPERATION#flowable-async-job-executor-thread-139312#
[CheckServiceBindingOperationStep] Getting application guid "backend-srv"...#
#2026 09 21 12:03:24.481#Z#DEBUG#6a48e96a-b5b4-11f1-b631-eeee0a9b49e1.OPERATION#flowable-async-job-executor-thread-139312#
[CheckServiceBindingOperationStep] Getting GUID of required service instance "backend-auth"...#
#2026 09 21 12:03:24.528#Z#DEBUG#6a48e96a-b5b4-11f1-b631-eeee0a9b49e1.OPERATION#flowable-async-job-executor-thread-139312#
[CheckServiceBindingOperationStep] Getting binding of service instance "cad71ef0-874b-4011-8412-413474ea04f3" with application "4853978f-026d-4290-a090-6a760c3f3643"...#
#2026 09 21 12:03:24.553#Z#DEBUG#6a48e96a-b5b4-11f1-b631-eeee0a9b49e1.OPERATION#flowable-async-job-executor-thread-139312#
[CheckServiceBindingOperationStep] Service binding operation "f3fc9ff0-2654-4132-9ce0-a4bf56f49404" with type "create" is in state "succeeded"#
#2026 09 21 12:03:24.553#Z#DEBUG#6a48e96a-b5b4-11f1-b631-eeee0a9b49e1.OPERATION#flowable-async-job-executor-thread-139312#
Step "Check For Service Binding Operation In Progress" finished#
#2026 09 21 12:03:24.574#Z#DEBUG#6a48e96a-b5b4-11f1-b631-eeee0a9b49e1.OPERATION#flowable-async-job-executor-thread-139312#
[DetermineApplicationServiceBindingActionsStep] Executing task "determineApplicationServiceBindingActionsTask" of process "72661849-b5b4-11f1-8947-eeee0a817d23"...#
#2026 09 21 12:03:24.575#Z#DEBUG#6a48e96a-b5b4-11f1-b631-eeee0a9b49e1.OPERATION#flowable-async-job-executor-thread-139312#
[DetermineApplicationServiceBindingActionsStep] Determine bind/unbind operations of application "backend-srv" to service instance "backend-auth"#
#2026 09 21 12:03:24.575#Z#DEBUG#6a48e96a-b5b4-11f1-b631-eeee0a9b49e1.OPERATION#flowable-async-job-executor-thread-139312#
[DetermineApplicationServiceBindingActionsStep] Getting application "backend-srv"...#
#2026 09 21 12:03:24.623#Z#DEBUG#6a48e96a-b5b4-11f1-b631-eeee0a9b49e1.OPERATION#flowable-async-job-executor-thread-139312#
[DetermineApplicationServiceBindingActionsStep] Binding parameters for application "backend-srv": { }#
#2026 09 21 12:03:24.658#Z#DEBUG#6a48e96a-b5b4-11f1-b631-eeee0a9b49e1.OPERATION#flowable-async-job-executor-thread-139312#
[DetermineApplicationServiceBindingActionsStep] Check should rebind application "backend-srv" and service instance "backend-auth"#
#2026 09 21 12:03:24.658#Z#DEBUG#6a48e96a-b5b4-11f1-b631-eeee0a9b49e1.OPERATION#flowable-async-job-executor-thread-139312#
[DetermineApplicationServiceBindingActionsStep] Getting GUID of required service instance "backend-auth"...#
#2026 09 21 12:03:24.687#Z#DEBUG#6a48e96a-b5b4-11f1-b631-eeee0a9b49e1.OPERATION#flowable-async-job-executor-thread-139312#
[DetermineApplicationServiceBindingActionsStep] Getting binding of service instance "cad71ef0-874b-4011-8412-413474ea04f3" with application "4853978f-026d-4290-a090-6a760c3f3643"...#
#2026 09 21 12:03:24.716#Z#DEBUG#6a48e96a-b5b4-11f1-b631-eeee0a9b49e1.OPERATION#flowable-async-job-executor-thread-139312#
[DetermineApplicationServiceBindingActionsStep] Getting parameters of service binding "f3fc9ff0-2654-4132-9ce0-a4bf56f49404"...#
#2026 09 21 12:03:24.739#Z#WARN#6a48e96a-b5b4-11f1-b631-eeee0a9b49e1.OPERATION#flowable-async-job-executor-thread-139312#
[DetermineApplicationServiceBindingActionsStep] Cannot retrieve parameters of binding between application "backend-srv" and service instance "backend-auth"#
#2026 09 21 12:03:24.740#Z#DEBUG#6a48e96a-b5b4-11f1-b631-eeee0a9b49e1.OPERATION#flowable-async-job-executor-thread-139312#
[DetermineApplicationServiceBindingActionsStep] Calculated binding operations between application "backend-srv" and service instance "backend-auth": unbind - true bind - true#
#2026 09 21 12:03:24.740#Z#DEBUG#6a48e96a-b5b4-11f1-b631-eeee0a9b49e1.OPERATION#flowable-async-job-executor-thread-139312#
Step "Determine Application Service Binding Actions" finished#
#2026 09 21 12:03:24.514#Z#DEBUG#6a48e96a-b5b4-11f1-b631-eeee0a9b49e1.OPERATION#flowable-async-job-executor-thread-139311#
[CreateOrUpdateAppStep] Executing task "createAppTask" of process "726a84b3-b5b4-11f1-8947-eeee0a817d23"...#
#2026 09 21 12:03:24.514#Z#DEBUG#6a48e96a-b5b4-11f1-b631-eeee0a9b49e1.OPERATION#flowable-async-job-executor-thread-139311#
[CreateOrUpdateAppStep] Getting application "backend-db-deployer"...#
#2026 09 21 12:03:24.552#Z#INFO#6a48e96a-b5b4-11f1-b631-eeee0a9b49e1.OPERATION#flowable-async-job-executor-thread-139311#
[CreateOrUpdateAppStep] Updating application "backend-db-deployer"...#
#2026 09 21 12:03:24.555#Z#DEBUG#6a48e96a-b5b4-11f1-b631-eeee0a9b49e1.OPERATION#flowable-async-job-executor-thread-139311#
[CreateOrUpdateAppStep] Getting process for application "5fd8dc3c-33ed-4c50-a49f-c9bca4b4cad1"...#
#2026 09 21 12:03:24.589#Z#DEBUG#6a48e96a-b5b4-11f1-b631-eeee0a9b49e1.OPERATION#flowable-async-job-executor-thread-139311#
[CreateOrUpdateAppStep] Getting routes for application "5fd8dc3c-33ed-4c50-a49f-c9bca4b4cad1"...#
#2026 09 21 12:03:24.612#Z#DEBUG#6a48e96a-b5b4-11f1-b631-eeee0a9b49e1.OPERATION#flowable-async-job-executor-thread-139311#
[CreateOrUpdateAppStep] Getting features for application "5fd8dc3c-33ed-4c50-a49f-c9bca4b4cad1"#
#2026 09 21 12:03:24.632#Z#DEBUG#6a48e96a-b5b4-11f1-b631-eeee0a9b49e1.OPERATION#flowable-async-job-executor-thread-139311#
[CreateOrUpdateAppStep] Updating staging of application "backend-db-deployer" to: {
  "buildpacks" : [ "nodejs_buildpack" ],
  "healthCheckType" : "port",
  "appFeatures" : { }
}#
#2026 09 21 12:03:24.807#Z#DEBUG#6a48e96a-b5b4-11f1-b631-eeee0a9b49e1.OPERATION#flowable-async-job-executor-thread-139311#
[CreateOrUpdateAppStep] Application "backend-db-deployer" updated#
#2026 09 21 12:03:24.807#Z#DEBUG#6a48e96a-b5b4-11f1-b631-eeee0a9b49e1.OPERATION#flowable-async-job-executor-thread-139311#
[CreateOrUpdateAppStep] Getting environment of application "5fd8dc3c-33ed-4c50-a49f-c9bca4b4cad1"...#
#2026 09 21 12:03:24.871#Z#DEBUG#6a48e96a-b5b4-11f1-b631-eeee0a9b49e1.OPERATION#flowable-async-job-executor-thread-139311#
[CreateOrUpdateAppStep] Application "backend-db-deployer" updated#
#2026 09 21 12:03:24.871#Z#DEBUG#6a48e96a-b5b4-11f1-b631-eeee0a9b49e1.OPERATION#flowable-async-job-executor-thread-139311#
Step "Create App" finished#
#2026 09 21 12:03:24.763#Z#DEBUG#6a48e96a-b5b4-11f1-b631-eeee0a9b49e1.OPERATION#flowable-async-job-executor-thread-139312#
[UnbindServiceFromApplicationStep] Executing task "unbindServiceFromApplicationTask" of process "72661849-b5b4-11f1-8947-eeee0a817d23"...#
#2026 09 21 12:03:24.764#Z#INFO#6a48e96a-b5b4-11f1-b631-eeee0a9b49e1.OPERATION#flowable-async-job-executor-thread-139312#
[UnbindServiceFromApplicationStep] Unbinding service instance "backend-auth" from application "backend-srv"...#
#2026 09 21 12:03:24.772#Z#DEBUG#6a48e96a-b5b4-11f1-b631-eeee0a9b49e1.OPERATION#flowable-async-job-executor-thread-139312#
[UnbindServiceFromApplicationStep] Unbinding application "backend-srv" from service instance "backend-auth"...#
#2026 09 21 12:03:24.906#Z#DEBUG#6a48e96a-b5b4-11f1-b631-eeee0a9b49e1.OPERATION#flowable-async-job-executor-thread-139312#
Step "Unbind Service from Application" finished#
#2026 09 21 12:03:25.149#Z#DEBUG#6a48e96a-b5b4-11f1-b631-eeee0a9b49e1.OPERATION#flowable-async-job-executor-thread-139311#
[CheckServiceBindingOperationStep] Executing task "checkForServiceBindingOperationInProgress" of process "72c12fac-b5b4-11f1-8947-eeee0a817d23"...#
#2026 09 21 12:03:25.149#Z#DEBUG#6a48e96a-b5b4-11f1-b631-eeee0a9b49e1.OPERATION#flowable-async-job-executor-thread-139311#
[CheckServiceBindingOperationStep] Checking for service binding operation in progress between app "backend-db-deployer" and service instance "backend-db"#
#2026 09 21 12:03:25.150#Z#DEBUG#6a48e96a-b5b4-11f1-b631-eeee0a9b49e1.OPERATION#flowable-async-job-executor-thread-139311#
[CheckServiceBindingOperationStep] Getting application guid "backend-db-deployer"...#
#2026 09 21 12:03:25.180#Z#DEBUG#6a48e96a-b5b4-11f1-b631-eeee0a9b49e1.OPERATION#flowable-async-job-executor-thread-139311#
[CheckServiceBindingOperationStep] Getting GUID of required service instance "backend-db"...#
#2026 09 21 12:03:25.208#Z#DEBUG#6a48e96a-b5b4-11f1-b631-eeee0a9b49e1.OPERATION#flowable-async-job-executor-thread-139311#
[CheckServiceBindingOperationStep] Getting binding of service instance "03d21dfb-fe35-43d5-b840-798009b9dd71" with application "5fd8dc3c-33ed-4c50-a49f-c9bca4b4cad1"...#
#2026 09 21 12:03:25.237#Z#DEBUG#6a48e96a-b5b4-11f1-b631-eeee0a9b49e1.OPERATION#flowable-async-job-executor-thread-139311#
[CheckServiceBindingOperationStep] Service binding operation "4b651927-35da-407e-86e0-7490d851c2c1" with type "create" is in state "succeeded"#
#2026 09 21 12:03:25.237#Z#DEBUG#6a48e96a-b5b4-11f1-b631-eeee0a9b49e1.OPERATION#flowable-async-job-executor-thread-139311#
Step "Check For Service Binding Operation In Progress" finished#
#2026 09 21 12:03:25.345#Z#DEBUG#6a48e96a-b5b4-11f1-b631-eeee0a9b49e1.OPERATION#flowable-async-job-executor-thread-139311#
[DetermineApplicationServiceBindingActionsStep] Executing task "determineApplicationServiceBindingActionsTask" of process "72c12fac-b5b4-11f1-8947-eeee0a817d23"...#
#2026 09 21 12:03:25.346#Z#DEBUG#6a48e96a-b5b4-11f1-b631-eeee0a9b49e1.OPERATION#flowable-async-job-executor-thread-139311#
[DetermineApplicationServiceBindingActionsStep] Determine bind/unbind operations of application "backend-db-deployer" to service instance "backend-db"#
#2026 09 21 12:03:25.346#Z#DEBUG#6a48e96a-b5b4-11f1-b631-eeee0a9b49e1.OPERATION#flowable-async-job-executor-thread-139311#
[DetermineApplicationServiceBindingActionsStep] Getting application "backend-db-deployer"...#
#2026 09 21 12:03:25.378#Z#DEBUG#6a48e96a-b5b4-11f1-b631-eeee0a9b49e1.OPERATION#flowable-async-job-executor-thread-139311#
[DetermineApplicationServiceBindingActionsStep] Binding parameters for application "backend-db-deployer": { }#
#2026 09 21 12:03:25.406#Z#DEBUG#6a48e96a-b5b4-11f1-b631-eeee0a9b49e1.OPERATION#flowable-async-job-executor-thread-139311#
[DetermineApplicationServiceBindingActionsStep] Check should rebind application "backend-db-deployer" and service instance "backend-db"#
#2026 09 21 12:03:25.406#Z#DEBUG#6a48e96a-b5b4-11f1-b631-eeee0a9b49e1.OPERATION#flowable-async-job-executor-thread-139311#
[DetermineApplicationServiceBindingActionsStep] Getting GUID of required service instance "backend-db"...#
#2026 09 21 12:03:25.436#Z#DEBUG#6a48e96a-b5b4-11f1-b631-eeee0a9b49e1.OPERATION#flowable-async-job-executor-thread-139311#
[DetermineApplicationServiceBindingActionsStep] Getting binding of service instance "03d21dfb-fe35-43d5-b840-798009b9dd71" with application "5fd8dc3c-33ed-4c50-a49f-c9bca4b4cad1"...#
#2026 09 21 12:03:25.465#Z#DEBUG#6a48e96a-b5b4-11f1-b631-eeee0a9b49e1.OPERATION#flowable-async-job-executor-thread-139311#
[DetermineApplicationServiceBindingActionsStep] Getting parameters of service binding "4b651927-35da-407e-86e0-7490d851c2c1"...#
#2026 09 21 12:03:25.635#Z#INFO#6a48e96a-b5b4-11f1-b631-eeee0a9b49e1.OPERATION#flowable-async-job-executor-thread-139311#
[DetermineApplicationServiceBindingActionsStep] Service instance "backend-db" will not be rebound to application "backend-db-deployer" because the binding parameters are not modified#
#2026 09 21 12:03:25.654#Z#DEBUG#6a48e96a-b5b4-11f1-b631-eeee0a9b49e1.OPERATION#flowable-async-job-executor-thread-139311#
[DetermineApplicationServiceBindingActionsStep] Calculated binding operations between application "backend-db-deployer" and service instance "backend-db": unbind - false bind - false#
#2026 09 21 12:03:25.654#Z#DEBUG#6a48e96a-b5b4-11f1-b631-eeee0a9b49e1.OPERATION#flowable-async-job-executor-thread-139311#
Step "Determine Application Service Binding Actions" finished#
#2026 09 21 12:03:25.952#Z#DEBUG#6a48e96a-b5b4-11f1-b631-eeee0a9b49e1.OPERATION#flowable-async-job-executor-thread-139311#
[DetermineVcapServicesPropertiesChangedStep] Executing task "determineVcapServicesPropertiesChangedTask" of process "73502956-b5b4-11f1-8947-eeee0a817d23"...#
#2026 09 21 12:03:25.953#Z#DEBUG#6a48e96a-b5b4-11f1-b631-eeee0a9b49e1.OPERATION#flowable-async-job-executor-thread-139311#
[DetermineVcapServicesPropertiesChangedStep] VCAP_SERVICES properties for application "backend-db-deployer" changed: false#
#2026 09 21 12:03:25.953#Z#DEBUG#6a48e96a-b5b4-11f1-b631-eeee0a9b49e1.OPERATION#flowable-async-job-executor-thread-139311#
Step "Determine vcap services properties changed" finished#
#2026 09 21 12:03:25.979#Z#DEBUG#6a48e96a-b5b4-11f1-b631-eeee0a9b49e1.OPERATION#flowable-async-job-executor-thread-139311#
[UploadAppStep] Executing task "uploadAppTask" of process "73502956-b5b4-11f1-8947-eeee0a817d23"...#
#2026 09 21 12:03:25.980#Z#DEBUG#6a48e96a-b5b4-11f1-b631-eeee0a9b49e1.OPERATION#flowable-async-job-executor-thread-139311#
[UploadAppStep] Application upload timeout is default one: 3,600 seconds#
#2026 09 21 12:03:25.980#Z#INFO#6a48e96a-b5b4-11f1-b631-eeee0a9b49e1.OPERATION#flowable-async-job-executor-thread-139311#
[UploadAppStep] Uploading application "backend-db-deployer"...#
#2026 09 21 12:03:25.983#Z#DEBUG#6a48e96a-b5b4-11f1-b631-eeee0a9b49e1.OPERATION#flowable-async-job-executor-thread-139311#
[UploadAppStep] Getting application "backend-db-deployer"...#
#2026 09 21 12:03:26.011#Z#DEBUG#6a48e96a-b5b4-11f1-b631-eeee0a9b49e1.OPERATION#flowable-async-job-executor-thread-139311#
[UploadAppStep] Getting environment of application "5fd8dc3c-33ed-4c50-a49f-c9bca4b4cad1"...#
#2026 09 21 12:03:26.045#Z#INFO#6a48e96a-b5b4-11f1-b631-eeee0a9b49e1.OPERATION#flowable-async-job-executor-thread-139311#
[UploadAppStep] Calculating application digest: "backend-db-deployer"#
#2026 09 21 12:03:26.095#Z#DEBUG#6a48e96a-b5b4-11f1-b631-eeee0a9b49e1.OPERATION#flowable-async-job-executor-thread-139311#
Step "Upload App" finished#
#2026 09 21 12:03:32.773#Z#DEBUG#6a48e96a-b5b4-11f1-b631-eeee0a9b49e1.OPERATION#flowable-async-job-executor-thread-139316#
[UnbindServiceFromApplicationStep] Executing task "unbindServiceFromApplicationTask" of process "72661849-b5b4-11f1-8947-eeee0a817d23"...#
#2026 09 21 12:03:32.775#Z#DEBUG#6a48e96a-b5b4-11f1-b631-eeee0a9b49e1.OPERATION#flowable-async-job-executor-thread-139316#
[UnbindServiceFromApplicationStep] Getting async job "3a372616-b243-4ed7-a482-64a6a37ea0fa"#
#2026 09 21 12:03:32.795#Z#DEBUG#6a48e96a-b5b4-11f1-b631-eeee0a9b49e1.OPERATION#flowable-async-job-executor-thread-139316#
[UnbindServiceFromApplicationStep] Getting service instance "backend-auth"...#
#2026 09 21 12:03:32.897#Z#DEBUG#6a48e96a-b5b4-11f1-b631-eeee0a9b49e1.OPERATION#flowable-async-job-executor-thread-139316#
[UnbindServiceFromApplicationStep] Async service binding operation with id "3a372616-b243-4ed7-a482-64a6a37ea0fa" finished#
#2026 09 21 12:03:32.899#Z#DEBUG#6a48e96a-b5b4-11f1-b631-eeee0a9b49e1.OPERATION#flowable-async-job-executor-thread-139316#
Step "Unbind Service from Application" finished#
#2026 09 21 12:03:32.935#Z#DEBUG#6a48e96a-b5b4-11f1-b631-eeee0a9b49e1.OPERATION#flowable-async-job-executor-thread-139316#
[BindServiceToApplicationStep] Executing task "bindServiceToApplicationTask" of process "72661849-b5b4-11f1-8947-eeee0a817d23"...#
#2026 09 21 12:03:32.936#Z#INFO#6a48e96a-b5b4-11f1-b631-eeee0a9b49e1.OPERATION#flowable-async-job-executor-thread-139316#
[BindServiceToApplicationStep] Binding service instance "backend-auth" to application "backend-srv"...#
#2026 09 21 12:03:32.941#Z#DEBUG#6a48e96a-b5b4-11f1-b631-eeee0a9b49e1.OPERATION#flowable-async-job-executor-thread-139316#
[BindServiceToApplicationStep] Binding service instance "backend-auth" to application "backend-srv" with parameters: { }#
#2026 09 21 12:03:33.058#Z#DEBUG#6a48e96a-b5b4-11f1-b631-eeee0a9b49e1.OPERATION#flowable-async-job-executor-thread-139316#
Step "Bind Service to Application" finished#
#2026 09 21 12:03:32.782#Z#DEBUG#6a48e96a-b5b4-11f1-b631-eeee0a9b49e1.OPERATION#flowable-async-job-executor-thread-139319#
[UploadAppStep] Executing task "uploadAppTask" of process "73502956-b5b4-11f1-8947-eeee0a817d23"...#
#2026 09 21 12:03:32.782#Z#DEBUG#6a48e96a-b5b4-11f1-b631-eeee0a9b49e1.OPERATION#flowable-async-job-executor-thread-139319#
[UploadAppStep] Application upload timeout is default one: 3,600 seconds#
#2026 09 21 12:03:32.783#Z#DEBUG#6a48e96a-b5b4-11f1-b631-eeee0a9b49e1.OPERATION#pool-14-thread-6#
[UploadAppStep] Upload of application: backend-db-deployer started on instance: 0#
#2026 09 21 12:03:32.783#Z#DEBUG#6a48e96a-b5b4-11f1-b631-eeee0a9b49e1.OPERATION#pool-14-thread-6#
[UploadAppStep] Uploading file "backend-db-deployer/data.zip" for application "backend-db-deployer"#
#2026 09 21 12:03:32.828#Z#INFO#6a48e96a-b5b4-11f1-b631-eeee0a9b49e1.OPERATION#pool-14-thread-6#
[UploadAppStep] Time elapsed for app binary download: 44 in millis#
#2026 09 21 12:03:32.828#Z#INFO#6a48e96a-b5b4-11f1-b631-eeee0a9b49e1.OPERATION#pool-14-thread-6#
[UploadAppStep] Size of app backend-db-deployer is 2,448,120 bytes#
#2026 09 21 12:03:32.828#Z#DEBUG#6a48e96a-b5b4-11f1-b631-eeee0a9b49e1.OPERATION#pool-14-thread-6#
[UploadAppStep] Asynchronously uploading binaries for application "backend-db-deployer"...#
#2026 09 21 12:03:33.014#Z#INFO#6a48e96a-b5b4-11f1-b631-eeee0a9b49e1.OPERATION#pool-14-thread-6#
[UploadAppStep] Started async upload of application "backend-db-deployer"#
#2026 09 21 12:03:33.020#Z#INFO#6a48e96a-b5b4-11f1-b631-eeee0a9b49e1.OPERATION#flowable-async-job-executor-thread-139319#
[UploadAppStep] Time elapsed for upload: 237 in millis#
#2026 09 21 12:03:33.020#Z#DEBUG#6a48e96a-b5b4-11f1-b631-eeee0a9b49e1.OPERATION#flowable-async-job-executor-thread-139319#
[UploadAppStep] Getting application "backend-db-deployer"...#
#2026 09 21 12:03:33.045#Z#DEBUG#6a48e96a-b5b4-11f1-b631-eeee0a9b49e1.OPERATION#App upload monitor: 5ff35c21-3fa1-47b9-bfe9-67d72c70c171#
[UploadAppStep] Upload status: PROCESSING_UPLOAD#
#2026 09 21 12:03:33.057#Z#DEBUG#6a48e96a-b5b4-11f1-b631-eeee0a9b49e1.OPERATION#flowable-async-job-executor-thread-139319#
[UploadAppStep] Getting environment of application "5fd8dc3c-33ed-4c50-a49f-c9bca4b4cad1"...#
#2026 09 21 12:03:33.092#Z#DEBUG#6a48e96a-b5b4-11f1-b631-eeee0a9b49e1.OPERATION#flowable-async-job-executor-thread-139319#
[UploadAppStep] Updating environment of application "backend-db-deployer"#
#2026 09 21 12:03:33.164#Z#DEBUG#6a48e96a-b5b4-11f1-b631-eeee0a9b49e1.OPERATION#flowable-async-job-executor-thread-139319#
Step "Upload App" finished#
#2026 09 21 12:03:42.857#Z#DEBUG#6a48e96a-b5b4-11f1-b631-eeee0a9b49e1.OPERATION#flowable-async-job-executor-thread-139326#
[UploadAppStep] Executing task "uploadAppTask" of process "73502956-b5b4-11f1-8947-eeee0a817d23"...#
#2026 09 21 12:03:42.858#Z#DEBUG#6a48e96a-b5b4-11f1-b631-eeee0a9b49e1.OPERATION#flowable-async-job-executor-thread-139326#
[UploadAppStep] Application upload timeout is default one: 3,600 seconds#
#2026 09 21 12:03:42.858#Z#DEBUG#6a48e96a-b5b4-11f1-b631-eeee0a9b49e1.OPERATION#flowable-async-job-executor-thread-139326#
[UploadAppStep] Checking upload status of application "backend-db-deployer"...#
#2026 09 21 12:03:42.858#Z#DEBUG#6a48e96a-b5b4-11f1-b631-eeee0a9b49e1.OPERATION#flowable-async-job-executor-thread-139326#
[UploadAppStep] Getting package "5ff35c21-3fa1-47b9-bfe9-67d72c70c171"...#
#2026 09 21 12:03:42.882#Z#DEBUG#6a48e96a-b5b4-11f1-b631-eeee0a9b49e1.OPERATION#flowable-async-job-executor-thread-139326#
[UploadAppStep] Application "backend-db-deployer" uploaded#
#2026 09 21 12:03:42.883#Z#DEBUG#6a48e96a-b5b4-11f1-b631-eeee0a9b49e1.OPERATION#flowable-async-job-executor-thread-139326#
Step "Upload App" finished#
#2026 09 21 12:03:42.906#Z#DEBUG#6a48e96a-b5b4-11f1-b631-eeee0a9b49e1.OPERATION#flowable-async-job-executor-thread-139327#
[ScaleAppStep] Executing task "scaleAppTask" of process "73502956-b5b4-11f1-8947-eeee0a817d23"...#
#2026 09 21 12:03:42.908#Z#DEBUG#6a48e96a-b5b4-11f1-b631-eeee0a9b49e1.OPERATION#flowable-async-job-executor-thread-139327#
[ScaleAppStep] Scaling application "backend-db-deployer"...#
#2026 09 21 12:03:42.908#Z#DEBUG#6a48e96a-b5b4-11f1-b631-eeee0a9b49e1.OPERATION#flowable-async-job-executor-thread-139327#
[ScaleAppStep] Getting application guid "backend-db-deployer"...#
#2026 09 21 12:03:42.944#Z#DEBUG#6a48e96a-b5b4-11f1-b631-eeee0a9b49e1.OPERATION#flowable-async-job-executor-thread-139327#
[ScaleAppStep] Getting process for application "5fd8dc3c-33ed-4c50-a49f-c9bca4b4cad1"...#
#2026 09 21 12:03:42.972#Z#DEBUG#6a48e96a-b5b4-11f1-b631-eeee0a9b49e1.OPERATION#flowable-async-job-executor-thread-139327#
[ScaleAppStep] Application "backend-db-deployer" scaled#
#2026 09 21 12:03:42.972#Z#DEBUG#6a48e96a-b5b4-11f1-b631-eeee0a9b49e1.OPERATION#flowable-async-job-executor-thread-139327#
Step "Scale App" finished#
#2026 09 21 12:03:42.854#Z#DEBUG#6a48e96a-b5b4-11f1-b631-eeee0a9b49e1.OPERATION#flowable-async-job-executor-thread-86042#
[BindServiceToApplicationStep] Executing task "bindServiceToApplicationTask" of process "72661849-b5b4-11f1-8947-eeee0a817d23"...#
#2026 09 21 12:03:42.856#Z#DEBUG#6a48e96a-b5b4-11f1-b631-eeee0a9b49e1.OPERATION#flowable-async-job-executor-thread-86042#
[BindServiceToApplicationStep] Getting async job "78383ccf-8126-4a95-a192-4d7aabf298fa"#
#2026 09 21 12:03:42.880#Z#DEBUG#6a48e96a-b5b4-11f1-b631-eeee0a9b49e1.OPERATION#flowable-async-job-executor-thread-86042#
[BindServiceToApplicationStep] Getting service instance "backend-auth"...#
#2026 09 21 12:03:42.977#Z#DEBUG#6a48e96a-b5b4-11f1-b631-eeee0a9b49e1.OPERATION#flowable-async-job-executor-thread-86042#
[BindServiceToApplicationStep] Async service binding operation with id "78383ccf-8126-4a95-a192-4d7aabf298fa" finished#
#2026 09 21 12:03:42.978#Z#DEBUG#6a48e96a-b5b4-11f1-b631-eeee0a9b49e1.OPERATION#flowable-async-job-executor-thread-86042#
Step "Bind Service to Application" finished#
#2026 09 21 12:03:42.995#Z#DEBUG#6a48e96a-b5b4-11f1-b631-eeee0a9b49e1.OPERATION#flowable-async-job-executor-thread-139327#
[DetermineDesiredStateAchievingActionsStep] Executing task "determineDesiredStateAchievingActionsTask" of process "73502956-b5b4-11f1-8947-eeee0a817d23"...#
#2026 09 21 12:03:42.996#Z#DEBUG#6a48e96a-b5b4-11f1-b631-eeee0a9b49e1.OPERATION#flowable-async-job-executor-thread-139327#
[DetermineDesiredStateAchievingActionsStep] Getting application "backend-db-deployer"...#
#2026 09 21 12:03:43.026#Z#DEBUG#6a48e96a-b5b4-11f1-b631-eeee0a9b49e1.OPERATION#flowable-async-job-executor-thread-139327#
[DetermineDesiredStateAchievingActionsStep] Getting instances for application "backend-db-deployer"...#
#2026 09 21 12:03:43.026#Z#DEBUG#6a48e96a-b5b4-11f1-b631-eeee0a9b49e1.OPERATION#flowable-async-job-executor-thread-139327#
[DetermineDesiredStateAchievingActionsStep] Getting environment of application "5fd8dc3c-33ed-4c50-a49f-c9bca4b4cad1"...#
#2026 09 21 12:03:43.069#Z#DEBUG#6a48e96a-b5b4-11f1-b631-eeee0a9b49e1.OPERATION#flowable-async-job-executor-thread-139327#
[DetermineDesiredStateAchievingActionsStep] Current state of application backend-db-deployer: STOPPED#
#2026 09 21 12:03:43.069#Z#DEBUG#6a48e96a-b5b4-11f1-b631-eeee0a9b49e1.OPERATION#flowable-async-job-executor-thread-139327#
[DetermineDesiredStateAchievingActionsStep] Desired state of application backend-db-deployer: STOPPED#
#2026 09 21 12:03:43.069#Z#DEBUG#6a48e96a-b5b4-11f1-b631-eeee0a9b49e1.OPERATION#flowable-async-job-executor-thread-139327#
[DetermineDesiredStateAchievingActionsStep] Actions that should be executed on application backend-db-deployer: [STAGE]#
#2026 09 21 12:03:43.069#Z#DEBUG#6a48e96a-b5b4-11f1-b631-eeee0a9b49e1.OPERATION#flowable-async-job-executor-thread-139327#
Step "Determine Desired State Achieving Actions" finished#
#2026 09 21 12:03:43.092#Z#DEBUG#6a48e96a-b5b4-11f1-b631-eeee0a9b49e1.OPERATION#flowable-async-job-executor-thread-86044#
[DetermineVcapServicesPropertiesChangedStep] Executing task "determineVcapServicesPropertiesChangedTask" of process "7d8ed7ad-b5b4-11f1-a367-eeee0a83654e"...#
#2026 09 21 12:03:43.094#Z#DEBUG#6a48e96a-b5b4-11f1-b631-eeee0a9b49e1.OPERATION#flowable-async-job-executor-thread-86044#
[DetermineVcapServicesPropertiesChangedStep] VCAP_SERVICES properties for application "backend-srv" changed: true#
#2026 09 21 12:03:43.094#Z#DEBUG#6a48e96a-b5b4-11f1-b631-eeee0a9b49e1.OPERATION#flowable-async-job-executor-thread-86044#
Step "Determine vcap services properties changed" finished#
#2026 09 21 12:03:43.121#Z#DEBUG#6a48e96a-b5b4-11f1-b631-eeee0a9b49e1.OPERATION#flowable-async-job-executor-thread-86044#
[UploadAppStep] Executing task "uploadAppTask" of process "7d8ed7ad-b5b4-11f1-a367-eeee0a83654e"...#
#2026 09 21 12:03:43.122#Z#DEBUG#6a48e96a-b5b4-11f1-b631-eeee0a9b49e1.OPERATION#flowable-async-job-executor-thread-86044#
[UploadAppStep] Application upload timeout is default one: 3,600 seconds#
#2026 09 21 12:03:43.122#Z#INFO#6a48e96a-b5b4-11f1-b631-eeee0a9b49e1.OPERATION#flowable-async-job-executor-thread-86044#
[UploadAppStep] Uploading application "backend-srv"...#
#2026 09 21 12:03:43.127#Z#DEBUG#6a48e96a-b5b4-11f1-b631-eeee0a9b49e1.OPERATION#flowable-async-job-executor-thread-86044#
[UploadAppStep] Getting application "backend-srv"...#
#2026 09 21 12:03:43.157#Z#DEBUG#6a48e96a-b5b4-11f1-b631-eeee0a9b49e1.OPERATION#flowable-async-job-executor-thread-86044#
[UploadAppStep] Getting environment of application "4853978f-026d-4290-a090-6a760c3f3643"...#
#2026 09 21 12:03:43.189#Z#INFO#6a48e96a-b5b4-11f1-b631-eeee0a9b49e1.OPERATION#flowable-async-job-executor-thread-86044#
[UploadAppStep] Calculating application digest: "backend-srv"#
#2026 09 21 12:03:43.297#Z#DEBUG#6a48e96a-b5b4-11f1-b631-eeee0a9b49e1.OPERATION#flowable-async-job-executor-thread-86044#
Step "Upload App" finished#
#2026 09 21 12:03:43.094#Z#DEBUG#6a48e96a-b5b4-11f1-b631-eeee0a9b49e1.OPERATION#flowable-async-job-executor-thread-139327#
[StageAppStep] Executing task "stageAppTask" of process "73502956-b5b4-11f1-8947-eeee0a817d23"...#
#2026 09 21 12:03:43.095#Z#DEBUG#6a48e96a-b5b4-11f1-b631-eeee0a9b49e1.OPERATION#flowable-async-job-executor-thread-139327#
[StageAppStep] Application stage timeout is default one: 3,600 seconds#
#2026 09 21 12:03:43.096#Z#INFO#6a48e96a-b5b4-11f1-b631-eeee0a9b49e1.OPERATION#flowable-async-job-executor-thread-139327#
[StageAppStep] Staging application "backend-db-deployer"...#
#2026 09 21 12:03:43.098#Z#DEBUG#6a48e96a-b5b4-11f1-b631-eeee0a9b49e1.OPERATION#flowable-async-job-executor-thread-139327#
[StageAppStep] Creating build for package "5ff35c21-3fa1-47b9-bfe9-67d72c70c171"...#
#2026 09 21 12:03:43.546#Z#DEBUG#6a48e96a-b5b4-11f1-b631-eeee0a9b49e1.OPERATION#flowable-async-job-executor-thread-139327#
Step "Stage App" finished#
#2026 09 21 12:03:53.215#Z#DEBUG#6a48e96a-b5b4-11f1-b631-eeee0a9b49e1.OPERATION#flowable-async-job-executor-thread-86053#
[UploadAppStep] Executing task "uploadAppTask" of process "7d8ed7ad-b5b4-11f1-a367-eeee0a83654e"...#
#2026 09 21 12:03:53.216#Z#DEBUG#6a48e96a-b5b4-11f1-b631-eeee0a9b49e1.OPERATION#flowable-async-job-executor-thread-86053#
[UploadAppStep] Application upload timeout is default one: 3,600 seconds#
#2026 09 21 12:03:53.220#Z#DEBUG#6a48e96a-b5b4-11f1-b631-eeee0a9b49e1.OPERATION#pool-14-thread-6#
[UploadAppStep] Upload of application: backend-srv started on instance: 1#
#2026 09 21 12:03:53.220#Z#DEBUG#6a48e96a-b5b4-11f1-b631-eeee0a9b49e1.OPERATION#pool-14-thread-6#
[UploadAppStep] Uploading file "backend-srv/data.zip" for application "backend-srv"#
#2026 09 21 12:03:53.305#Z#INFO#6a48e96a-b5b4-11f1-b631-eeee0a9b49e1.OPERATION#pool-14-thread-6#
[UploadAppStep] Time elapsed for app binary download: 85 in millis#
#2026 09 21 12:03:53.305#Z#INFO#6a48e96a-b5b4-11f1-b631-eeee0a9b49e1.OPERATION#pool-14-thread-6#
[UploadAppStep] Size of app backend-srv is 3,682,671 bytes#
#2026 09 21 12:03:53.305#Z#DEBUG#6a48e96a-b5b4-11f1-b631-eeee0a9b49e1.OPERATION#pool-14-thread-6#
[UploadAppStep] Asynchronously uploading binaries for application "backend-srv"...#
#2026 09 21 12:03:53.524#Z#INFO#6a48e96a-b5b4-11f1-b631-eeee0a9b49e1.OPERATION#pool-14-thread-6#
[UploadAppStep] Started async upload of application "backend-srv"#
#2026 09 21 12:03:53.551#Z#DEBUG#6a48e96a-b5b4-11f1-b631-eeee0a9b49e1.OPERATION#App upload monitor: 94004ca7-d973-490e-9310-c724d0d4fa1a#
[UploadAppStep] Upload status: PROCESSING_UPLOAD#
#2026 09 21 12:03:53.562#Z#INFO#6a48e96a-b5b4-11f1-b631-eeee0a9b49e1.OPERATION#flowable-async-job-executor-thread-86053#
[UploadAppStep] Time elapsed for upload: 345 in millis#
#2026 09 21 12:03:53.562#Z#DEBUG#6a48e96a-b5b4-11f1-b631-eeee0a9b49e1.OPERATION#flowable-async-job-executor-thread-86053#
[UploadAppStep] Getting application "backend-srv"...#
#2026 09 21 12:03:53.592#Z#DEBUG#6a48e96a-b5b4-11f1-b631-eeee0a9b49e1.OPERATION#flowable-async-job-executor-thread-86053#
[UploadAppStep] Getting environment of application "4853978f-026d-4290-a090-6a760c3f3643"...#
#2026 09 21 12:03:53.628#Z#DEBUG#6a48e96a-b5b4-11f1-b631-eeee0a9b49e1.OPERATION#flowable-async-job-executor-thread-86053#
[UploadAppStep] Updating environment of application "backend-srv"#
#2026 09 21 12:03:53.705#Z#DEBUG#6a48e96a-b5b4-11f1-b631-eeee0a9b49e1.OPERATION#flowable-async-job-executor-thread-86053#
Step "Upload App" finished#
#2026 09 21 12:03:53.704#Z#DEBUG#6a48e96a-b5b4-11f1-b631-eeee0a9b49e1.OPERATION#flowable-async-job-executor-thread-86049#
[StageAppStep] Executing task "stageAppTask" of process "73502956-b5b4-11f1-8947-eeee0a817d23"...#
#2026 09 21 12:03:53.705#Z#DEBUG#6a48e96a-b5b4-11f1-b631-eeee0a9b49e1.OPERATION#flowable-async-job-executor-thread-86049#
[StageAppStep] Application stage timeout is default one: 3,600 seconds#
#2026 09 21 12:03:53.705#Z#DEBUG#6a48e96a-b5b4-11f1-b631-eeee0a9b49e1.OPERATION#flowable-async-job-executor-thread-86049#
[StageAppStep] Checking status of application "backend-db-deployer"...#
#2026 09 21 12:03:53.705#Z#DEBUG#6a48e96a-b5b4-11f1-b631-eeee0a9b49e1.OPERATION#flowable-async-job-executor-thread-86049#
[StageAppStep] Getting build "d1e3b986-133b-4ce5-a980-4b5e23ec5c43"...#
#2026 09 21 12:03:53.732#Z#DEBUG#6a48e96a-b5b4-11f1-b631-eeee0a9b49e1.OPERATION#flowable-async-job-executor-thread-86049#
[StageAppStep] Staging status of application "backend-db-deployer": PENDING#
#2026 09 21 12:03:53.733#Z#DEBUG#6a48e96a-b5b4-11f1-b631-eeee0a9b49e1.OPERATION#flowable-async-job-executor-thread-86049#
[StageAppStep] Getting application guid "backend-db-deployer"...#
#2026 09 21 12:03:53.817#Z#DEBUG#6a48e96a-b5b4-11f1-b631-eeee0a9b49e1.OPERATION#flowable-async-job-executor-thread-86049#
Step "Stage App" finished#
#2026 09 21 12:04:03.517#Z#DEBUG#6a48e96a-b5b4-11f1-b631-eeee0a9b49e1.OPERATION#flowable-async-job-executor-thread-139338#
[UploadAppStep] Executing task "uploadAppTask" of process "7d8ed7ad-b5b4-11f1-a367-eeee0a83654e"...#
#2026 09 21 12:04:03.517#Z#DEBUG#6a48e96a-b5b4-11f1-b631-eeee0a9b49e1.OPERATION#flowable-async-job-executor-thread-139338#
[UploadAppStep] Application upload timeout is default one: 3,600 seconds#
#2026 09 21 12:04:03.517#Z#DEBUG#6a48e96a-b5b4-11f1-b631-eeee0a9b49e1.OPERATION#flowable-async-job-executor-thread-139338#
[UploadAppStep] Checking upload status of application "backend-srv"...#
#2026 09 21 12:04:03.518#Z#DEBUG#6a48e96a-b5b4-11f1-b631-eeee0a9b49e1.OPERATION#flowable-async-job-executor-thread-139338#
[UploadAppStep] Getting package "94004ca7-d973-490e-9310-c724d0d4fa1a"...#
#2026 09 21 12:04:03.546#Z#DEBUG#6a48e96a-b5b4-11f1-b631-eeee0a9b49e1.OPERATION#flowable-async-job-executor-thread-139338#
[UploadAppStep] Application "backend-srv" uploaded#
#2026 09 21 12:04:03.547#Z#DEBUG#6a48e96a-b5b4-11f1-b631-eeee0a9b49e1.OPERATION#flowable-async-job-executor-thread-139338#
Step "Upload App" finished#
#2026 09 21 12:04:03.542#Z#DEBUG#6a48e96a-b5b4-11f1-b631-eeee0a9b49e1.OPERATION#flowable-async-job-executor-thread-139337#
[StageAppStep] Executing task "stageAppTask" of process "73502956-b5b4-11f1-8947-eeee0a817d23"...#
#2026 09 21 12:04:03.543#Z#DEBUG#6a48e96a-b5b4-11f1-b631-eeee0a9b49e1.OPERATION#flowable-async-job-executor-thread-139337#
[StageAppStep] Application stage timeout is default one: 3,600 seconds#
#2026 09 21 12:04:03.544#Z#DEBUG#6a48e96a-b5b4-11f1-b631-eeee0a9b49e1.OPERATION#flowable-async-job-executor-thread-139337#
[StageAppStep] Checking status of application "backend-db-deployer"...#
#2026 09 21 12:04:03.544#Z#DEBUG#6a48e96a-b5b4-11f1-b631-eeee0a9b49e1.OPERATION#flowable-async-job-executor-thread-139337#
[StageAppStep] Getting build "d1e3b986-133b-4ce5-a980-4b5e23ec5c43"...#
#2026 09 21 12:04:03.573#Z#DEBUG#6a48e96a-b5b4-11f1-b631-eeee0a9b49e1.OPERATION#flowable-async-job-executor-thread-139337#
[StageAppStep] Staging status of application "backend-db-deployer": PENDING#
#2026 09 21 12:04:03.575#Z#DEBUG#6a48e96a-b5b4-11f1-b631-eeee0a9b49e1.OPERATION#flowable-async-job-executor-thread-139337#
[StageAppStep] Getting application guid "backend-db-deployer"...#
#2026 09 21 12:04:03.659#Z#DEBUG#6a48e96a-b5b4-11f1-b631-eeee0a9b49e1.OPERATION#flowable-async-job-executor-thread-139337#
Step "Stage App" finished#
#2026 09 21 12:04:03.660#Z#DEBUG#6a48e96a-b5b4-11f1-b631-eeee0a9b49e1.OPERATION#flowable-async-job-executor-thread-139338#
[ScaleAppStep] Executing task "scaleAppTask" of process "7d8ed7ad-b5b4-11f1-a367-eeee0a83654e"...#
#2026 09 21 12:04:03.661#Z#DEBUG#6a48e96a-b5b4-11f1-b631-eeee0a9b49e1.OPERATION#flowable-async-job-executor-thread-139338#
[ScaleAppStep] Scaling application "backend-srv"...#
#2026 09 21 12:04:03.661#Z#DEBUG#6a48e96a-b5b4-11f1-b631-eeee0a9b49e1.OPERATION#flowable-async-job-executor-thread-139338#
[ScaleAppStep] Getting application guid "backend-srv"...#
#2026 09 21 12:04:03.690#Z#DEBUG#6a48e96a-b5b4-11f1-b631-eeee0a9b49e1.OPERATION#flowable-async-job-executor-thread-139338#
[ScaleAppStep] Getting process for application "4853978f-026d-4290-a090-6a760c3f3643"...#
#2026 09 21 12:04:03.723#Z#DEBUG#6a48e96a-b5b4-11f1-b631-eeee0a9b49e1.OPERATION#flowable-async-job-executor-thread-139338#
[ScaleAppStep] Application "backend-srv" scaled#
#2026 09 21 12:04:03.723#Z#DEBUG#6a48e96a-b5b4-11f1-b631-eeee0a9b49e1.OPERATION#flowable-async-job-executor-thread-139338#
Step "Scale App" finished#
#2026 09 21 12:04:03.745#Z#DEBUG#6a48e96a-b5b4-11f1-b631-eeee0a9b49e1.OPERATION#flowable-async-job-executor-thread-139338#
[DetermineDesiredStateAchievingActionsStep] Executing task "determineDesiredStateAchievingActionsTask" of process "7d8ed7ad-b5b4-11f1-a367-eeee0a83654e"...#
#2026 09 21 12:04:03.746#Z#DEBUG#6a48e96a-b5b4-11f1-b631-eeee0a9b49e1.OPERATION#flowable-async-job-executor-thread-139338#
[DetermineDesiredStateAchievingActionsStep] Getting application "backend-srv"...#
#2026 09 21 12:04:03.771#Z#DEBUG#6a48e96a-b5b4-11f1-b631-eeee0a9b49e1.OPERATION#flowable-async-job-executor-thread-139338#
[DetermineDesiredStateAchievingActionsStep] Getting instances for application "backend-srv"...#
#2026 09 21 12:04:03.830#Z#DEBUG#6a48e96a-b5b4-11f1-b631-eeee0a9b49e1.OPERATION#flowable-async-job-executor-thread-139338#
[DetermineDesiredStateAchievingActionsStep] Getting environment of application "4853978f-026d-4290-a090-6a760c3f3643"...#
#2026 09 21 12:04:03.856#Z#DEBUG#6a48e96a-b5b4-11f1-b631-eeee0a9b49e1.OPERATION#flowable-async-job-executor-thread-139338#
[DetermineDesiredStateAchievingActionsStep] Current state of application backend-srv: STARTED#
#2026 09 21 12:04:03.856#Z#DEBUG#6a48e96a-b5b4-11f1-b631-eeee0a9b49e1.OPERATION#flowable-async-job-executor-thread-139338#
[DetermineDesiredStateAchievingActionsStep] Desired state of application backend-srv: STARTED#
#2026 09 21 12:04:03.856#Z#DEBUG#6a48e96a-b5b4-11f1-b631-eeee0a9b49e1.OPERATION#flowable-async-job-executor-thread-139338#
[DetermineDesiredStateAchievingActionsStep] Actions that should be executed on application backend-srv: [STOP, STAGE, START]#
#2026 09 21 12:04:03.856#Z#DEBUG#6a48e96a-b5b4-11f1-b631-eeee0a9b49e1.OPERATION#flowable-async-job-executor-thread-139338#
Step "Determine Desired State Achieving Actions" finished#
#2026 09 21 12:04:03.880#Z#DEBUG#6a48e96a-b5b4-11f1-b631-eeee0a9b49e1.OPERATION#flowable-async-job-executor-thread-139338#
[StopAppStep] Executing task "stopAppTask" of process "7d8ed7ad-b5b4-11f1-a367-eeee0a83654e"...#
#2026 09 21 12:04:03.881#Z#INFO#6a48e96a-b5b4-11f1-b631-eeee0a9b49e1.OPERATION#flowable-async-job-executor-thread-139338#
[StopAppStep] Stopping application "backend-srv"...#
#2026 09 21 12:04:03.884#Z#DEBUG#6a48e96a-b5b4-11f1-b631-eeee0a9b49e1.OPERATION#flowable-async-job-executor-thread-139338#
[StopAppStep] Stopping application "backend-srv"...#
#2026 09 21 12:04:03.994#Z#DEBUG#6a48e96a-b5b4-11f1-b631-eeee0a9b49e1.OPERATION#flowable-async-job-executor-thread-139338#
[StopAppStep] Application "backend-srv" stopped#
#2026 09 21 12:04:03.995#Z#DEBUG#6a48e96a-b5b4-11f1-b631-eeee0a9b49e1.OPERATION#flowable-async-job-executor-thread-139338#
[StopAppStep] Getting environment of application "4853978f-026d-4290-a090-6a760c3f3643"...#
#2026 09 21 12:04:04.030#Z#DEBUG#6a48e96a-b5b4-11f1-b631-eeee0a9b49e1.OPERATION#flowable-async-job-executor-thread-139338#
Step "Stop App" finished#
#2026 09 21 12:04:04.189#Z#DEBUG#6a48e96a-b5b4-11f1-b631-eeee0a9b49e1.OPERATION#flowable-async-job-executor-thread-139338#
[StageAppStep] Executing task "stageAppTask" of process "8a11a972-b5b4-11f1-8947-eeee0a817d23"...#
#2026 09 21 12:04:04.190#Z#DEBUG#6a48e96a-b5b4-11f1-b631-eeee0a9b49e1.OPERATION#flowable-async-job-executor-thread-139338#
[StageAppStep] Application stage timeout is default one: 3,600 seconds#
#2026 09 21 12:04:04.203#Z#INFO#6a48e96a-b5b4-11f1-b631-eeee0a9b49e1.OPERATION#flowable-async-job-executor-thread-139338#
[StageAppStep] Staging application "backend-srv"...#
#2026 09 21 12:04:04.228#Z#DEBUG#6a48e96a-b5b4-11f1-b631-eeee0a9b49e1.OPERATION#flowable-async-job-executor-thread-139338#
[StageAppStep] Creating build for package "94004ca7-d973-490e-9310-c724d0d4fa1a"...#
#2026 09 21 12:04:04.648#Z#DEBUG#6a48e96a-b5b4-11f1-b631-eeee0a9b49e1.OPERATION#flowable-async-job-executor-thread-139338#
Step "Stage App" finished#
#2026 09 21 12:04:13.597#Z#DEBUG#6a48e96a-b5b4-11f1-b631-eeee0a9b49e1.OPERATION#flowable-async-job-executor-thread-139346#
[StageAppStep] Executing task "stageAppTask" of process "8a11a972-b5b4-11f1-8947-eeee0a817d23"...#
#2026 09 21 12:04:13.599#Z#DEBUG#6a48e96a-b5b4-11f1-b631-eeee0a9b49e1.OPERATION#flowable-async-job-executor-thread-139346#
[StageAppStep] Application stage timeout is default one: 3,600 seconds#
#2026 09 21 12:04:13.600#Z#DEBUG#6a48e96a-b5b4-11f1-b631-eeee0a9b49e1.OPERATION#flowable-async-job-executor-thread-139346#
[StageAppStep] Checking status of application "backend-srv"...#
#2026 09 21 12:04:13.600#Z#DEBUG#6a48e96a-b5b4-11f1-b631-eeee0a9b49e1.OPERATION#flowable-async-job-executor-thread-139346#
[StageAppStep] Getting build "f3ae9cb8-e816-469a-9347-d08a179db912"...#
#2026 09 21 12:04:13.628#Z#DEBUG#6a48e96a-b5b4-11f1-b631-eeee0a9b49e1.OPERATION#flowable-async-job-executor-thread-139346#
[StageAppStep] Staging status of application "backend-srv": PENDING#
#2026 09 21 12:04:13.629#Z#DEBUG#6a48e96a-b5b4-11f1-b631-eeee0a9b49e1.OPERATION#flowable-async-job-executor-thread-139346#
[StageAppStep] Getting application guid "backend-srv"...#
#2026 09 21 12:04:13.718#Z#DEBUG#6a48e96a-b5b4-11f1-b631-eeee0a9b49e1.OPERATION#flowable-async-job-executor-thread-139346#
Step "Stage App" finished#
#2026 09 21 12:04:13.623#Z#DEBUG#6a48e96a-b5b4-11f1-b631-eeee0a9b49e1.OPERATION#flowable-async-job-executor-thread-86056#
[StageAppStep] Executing task "stageAppTask" of process "73502956-b5b4-11f1-8947-eeee0a817d23"...#
#2026 09 21 12:04:13.624#Z#DEBUG#6a48e96a-b5b4-11f1-b631-eeee0a9b49e1.OPERATION#flowable-async-job-executor-thread-86056#
[StageAppStep] Application stage timeout is default one: 3,600 seconds#
#2026 09 21 12:04:13.625#Z#DEBUG#6a48e96a-b5b4-11f1-b631-eeee0a9b49e1.OPERATION#flowable-async-job-executor-thread-86056#
[StageAppStep] Checking status of application "backend-db-deployer"...#
#2026 09 21 12:04:13.625#Z#DEBUG#6a48e96a-b5b4-11f1-b631-eeee0a9b49e1.OPERATION#flowable-async-job-executor-thread-86056#
[StageAppStep] Getting build "d1e3b986-133b-4ce5-a980-4b5e23ec5c43"...#
#2026 09 21 12:04:13.653#Z#DEBUG#6a48e96a-b5b4-11f1-b631-eeee0a9b49e1.OPERATION#flowable-async-job-executor-thread-86056#
[StageAppStep] Staging status of application "backend-db-deployer": STAGED#
#2026 09 21 12:04:13.654#Z#DEBUG#6a48e96a-b5b4-11f1-b631-eeee0a9b49e1.OPERATION#flowable-async-job-executor-thread-86056#
[StageAppStep] Getting application guid "backend-db-deployer"...#
#2026 09 21 12:04:13.773#Z#DEBUG#6a48e96a-b5b4-11f1-b631-eeee0a9b49e1.OPERATION#flowable-async-job-executor-thread-86056#
[StageAppStep] Getting build "d1e3b986-133b-4ce5-a980-4b5e23ec5c43"...#
#2026 09 21 12:04:13.808#Z#DEBUG#6a48e96a-b5b4-11f1-b631-eeee0a9b49e1.OPERATION#flowable-async-job-executor-thread-86056#
[StageAppStep] Binding droplet "9f2afd73-03af-4cb3-abfc-aa64dd64422d" to application "5fd8dc3c-33ed-4c50-a49f-c9bca4b4cad1"...#
#2026 09 21 12:04:13.868#Z#INFO#6a48e96a-b5b4-11f1-b631-eeee0a9b49e1.OPERATION#flowable-async-job-executor-thread-86056#
[StageAppStep] Application "backend-db-deployer" staged#
#2026 09 21 12:04:13.889#Z#DEBUG#6a48e96a-b5b4-11f1-b631-eeee0a9b49e1.OPERATION#flowable-async-job-executor-thread-86056#
Step "Stage App" finished#
#2026 09 21 12:04:14.033#Z#DEBUG#6a48e96a-b5b4-11f1-b631-eeee0a9b49e1.OPERATION#flowable-async-job-executor-thread-86056#
[PrepareToExecuteTasksStep] Executing task "prepareToExecuteTasksTask" of process "8ff95a19-b5b4-11f1-a367-eeee0a83654e"...#
#2026 09 21 12:04:14.042#Z#DEBUG#6a48e96a-b5b4-11f1-b631-eeee0a9b49e1.OPERATION#flowable-async-job-executor-thread-86056#
Step "Prepare To Execute Tasks" finished#
#2026 09 21 12:04:14.106#Z#DEBUG#6a48e96a-b5b4-11f1-b631-eeee0a9b49e1.OPERATION#flowable-async-job-executor-thread-86056#
[ExecuteTaskStep] Executing task "executeTaskTask" of process "8ff95a19-b5b4-11f1-a367-eeee0a83654e"...#
#2026 09 21 12:04:14.107#Z#DEBUG#6a48e96a-b5b4-11f1-b631-eeee0a9b49e1.OPERATION#flowable-async-job-executor-thread-86056#
[ExecuteTaskStep] Application task execution timeout is default one: 43,200 seconds#
#2026 09 21 12:04:14.108#Z#INFO#6a48e96a-b5b4-11f1-b631-eeee0a9b49e1.OPERATION#flowable-async-job-executor-thread-86056#
[ExecuteTaskStep] Executing task "deploy" on application "backend-db-deployer"...#
#2026 09 21 12:04:14.112#Z#DEBUG#6a48e96a-b5b4-11f1-b631-eeee0a9b49e1.OPERATION#flowable-async-job-executor-thread-86056#
[ExecuteTaskStep] Running task on application "backend-db-deployer": {
  "name" : "deploy",
  "command" : "npm start",
  "limits" : {
    "memory" : 256
  }
}#
#2026 09 21 12:04:14.364#Z#DEBUG#6a48e96a-b5b4-11f1-b631-eeee0a9b49e1.OPERATION#flowable-async-job-executor-thread-86056#
Step "Execute Task" finished#
#2026 09 21 12:04:23.736#Z#DEBUG#6a48e96a-b5b4-11f1-b631-eeee0a9b49e1.OPERATION#flowable-async-job-executor-thread-139358#
[StageAppStep] Executing task "stageAppTask" of process "8a11a972-b5b4-11f1-8947-eeee0a817d23"...#
#2026 09 21 12:04:23.736#Z#DEBUG#6a48e96a-b5b4-11f1-b631-eeee0a9b49e1.OPERATION#flowable-async-job-executor-thread-139358#
[StageAppStep] Application stage timeout is default one: 3,600 seconds#
#2026 09 21 12:04:23.738#Z#DEBUG#6a48e96a-b5b4-11f1-b631-eeee0a9b49e1.OPERATION#flowable-async-job-executor-thread-139358#
[StageAppStep] Checking status of application "backend-srv"...#
#2026 09 21 12:04:23.738#Z#DEBUG#6a48e96a-b5b4-11f1-b631-eeee0a9b49e1.OPERATION#flowable-async-job-executor-thread-139358#
[StageAppStep] Getting build "f3ae9cb8-e816-469a-9347-d08a179db912"...#
#2026 09 21 12:04:23.766#Z#DEBUG#6a48e96a-b5b4-11f1-b631-eeee0a9b49e1.OPERATION#flowable-async-job-executor-thread-139358#
[StageAppStep] Staging status of application "backend-srv": PENDING#
#2026 09 21 12:04:23.767#Z#DEBUG#6a48e96a-b5b4-11f1-b631-eeee0a9b49e1.OPERATION#flowable-async-job-executor-thread-139358#
[StageAppStep] Getting application guid "backend-srv"...#
#2026 09 21 12:04:23.846#Z#DEBUG#6a48e96a-b5b4-11f1-b631-eeee0a9b49e1.OPERATION#flowable-async-job-executor-thread-139358#
Step "Stage App" finished#
#2026 09 21 12:04:23.864#Z#DEBUG#6a48e96a-b5b4-11f1-b631-eeee0a9b49e1.OPERATION#flowable-async-job-executor-thread-139359#
[ExecuteTaskStep] Executing task "executeTaskTask" of process "8ff95a19-b5b4-11f1-a367-eeee0a83654e"...#
#2026 09 21 12:04:23.864#Z#DEBUG#6a48e96a-b5b4-11f1-b631-eeee0a9b49e1.OPERATION#flowable-async-job-executor-thread-139359#
[ExecuteTaskStep] Application task execution timeout is default one: 43,200 seconds#
#2026 09 21 12:04:23.874#Z#DEBUG#6a48e96a-b5b4-11f1-b631-eeee0a9b49e1.OPERATION#flowable-async-job-executor-thread-139359#
[ExecuteTaskStep] Getting task "dc5abb10-9961-47f0-9c19-72b7d0e3bd30"...#
#2026 09 21 12:04:23.899#Z#DEBUG#6a48e96a-b5b4-11f1-b631-eeee0a9b49e1.OPERATION#flowable-async-job-executor-thread-139359#
[ExecuteTaskStep] Task execution status: failed#
#2026 09 21 12:04:23.901#Z#DEBUG#6a48e96a-b5b4-11f1-b631-eeee0a9b49e1.OPERATION#flowable-async-job-executor-thread-139359#
[ExecuteTaskStep] Getting application guid "backend-db-deployer"...#
#2026 09 21 12:04:24.008#Z#ERROR#6a48e96a-b5b4-11f1-b631-eeee0a9b49e1.OPERATION#flowable-async-job-executor-thread-139359#
[ExecuteTaskStep] Execution of task "deploy" on application "backend-db-deployer" failed.#
#2026 09 21 12:04:24.034#Z#INFO#6a48e96a-b5b4-11f1-b631-eeee0a9b49e1.OPERATION#flowable-async-job-executor-thread-139359#
[ExecuteTaskStep] Download the MTA operation logs for more details.#
#2026 09 21 12:04:24.042#Z#DEBUG#6a48e96a-b5b4-11f1-b631-eeee0a9b49e1.OPERATION#flowable-async-job-executor-thread-139359#
Step "Execute Task" finished#
#2026 09 21 12:04:27.180#Z#DEBUG#6a48e96a-b5b4-11f1-b631-eeee0a9b49e1.OPERATION#flowable-async-job-executor-thread-68131#
[ExecuteTaskStep] Executing task "executeTaskTask" of process "8ff95a19-b5b4-11f1-a367-eeee0a83654e"...#
#2026 09 21 12:04:27.181#Z#DEBUG#6a48e96a-b5b4-11f1-b631-eeee0a9b49e1.OPERATION#flowable-async-job-executor-thread-68131#
[ExecuteTaskStep] Application task execution timeout is default one: 43,200 seconds#
#2026 09 21 12:04:27.184#Z#INFO#6a48e96a-b5b4-11f1-b631-eeee0a9b49e1.OPERATION#flowable-async-job-executor-thread-68131#
[ExecuteTaskStep] Executing task "deploy" on application "backend-db-deployer"...#
#2026 09 21 12:04:27.188#Z#DEBUG#6a48e96a-b5b4-11f1-b631-eeee0a9b49e1.OPERATION#flowable-async-job-executor-thread-68131#
[ExecuteTaskStep] Running task on application "backend-db-deployer": {
  "name" : "deploy",
  "command" : "npm start",
  "limits" : {
    "memory" : 256
  }
}#
#2026 09 21 12:04:27.435#Z#DEBUG#6a48e96a-b5b4-11f1-b631-eeee0a9b49e1.OPERATION#flowable-async-job-executor-thread-68131#
Step "Execute Task" finished#
#2026 09 21 12:04:33.779#Z#DEBUG#6a48e96a-b5b4-11f1-b631-eeee0a9b49e1.OPERATION#flowable-async-job-executor-thread-139358#
[StageAppStep] Executing task "stageAppTask" of process "8a11a972-b5b4-11f1-8947-eeee0a817d23"...#
#2026 09 21 12:04:33.780#Z#DEBUG#6a48e96a-b5b4-11f1-b631-eeee0a9b49e1.OPERATION#flowable-async-job-executor-thread-139358#
[StageAppStep] Application stage timeout is default one: 3,600 seconds#
#2026 09 21 12:04:33.841#Z#DEBUG#6a48e96a-b5b4-11f1-b631-eeee0a9b49e1.OPERATION#flowable-async-job-executor-thread-139358#
[StageAppStep] Checking status of application "backend-srv"...#
#2026 09 21 12:04:33.841#Z#DEBUG#6a48e96a-b5b4-11f1-b631-eeee0a9b49e1.OPERATION#flowable-async-job-executor-thread-139358#
[StageAppStep] Getting build "f3ae9cb8-e816-469a-9347-d08a179db912"...#
#2026 09 21 12:04:33.883#Z#DEBUG#6a48e96a-b5b4-11f1-b631-eeee0a9b49e1.OPERATION#flowable-async-job-executor-thread-139358#
[StageAppStep] Staging status of application "backend-srv": PENDING#
#2026 09 21 12:04:33.884#Z#DEBUG#6a48e96a-b5b4-11f1-b631-eeee0a9b49e1.OPERATION#flowable-async-job-executor-thread-139358#
[StageAppStep] Getting application guid "backend-srv"...#
#2026 09 21 12:04:33.975#Z#DEBUG#6a48e96a-b5b4-11f1-b631-eeee0a9b49e1.OPERATION#flowable-async-job-executor-thread-139358#
Step "Stage App" finished#
#2026 09 21 12:04:33.896#Z#DEBUG#6a48e96a-b5b4-11f1-b631-eeee0a9b49e1.OPERATION#flowable-async-job-executor-thread-139353#
[ExecuteTaskStep] Executing task "executeTaskTask" of process "8ff95a19-b5b4-11f1-a367-eeee0a83654e"...#
#2026 09 21 12:04:33.897#Z#DEBUG#6a48e96a-b5b4-11f1-b631-eeee0a9b49e1.OPERATION#flowable-async-job-executor-thread-139353#
[ExecuteTaskStep] Application task execution timeout is default one: 43,200 seconds#
#2026 09 21 12:04:33.898#Z#DEBUG#6a48e96a-b5b4-11f1-b631-eeee0a9b49e1.OPERATION#flowable-async-job-executor-thread-139353#
[ExecuteTaskStep] Getting task "b2a85a8f-f280-47bb-9b35-4d615ca66496"...#
#2026 09 21 12:04:33.940#Z#DEBUG#6a48e96a-b5b4-11f1-b631-eeee0a9b49e1.OPERATION#flowable-async-job-executor-thread-139353#
[ExecuteTaskStep] Task execution status: running#
#2026 09 21 12:04:33.942#Z#DEBUG#6a48e96a-b5b4-11f1-b631-eeee0a9b49e1.OPERATION#flowable-async-job-executor-thread-139353#
[ExecuteTaskStep] Getting application guid "backend-db-deployer"...#
#2026 09 21 12:04:34.057#Z#DEBUG#6a48e96a-b5b4-11f1-b631-eeee0a9b49e1.OPERATION#flowable-async-job-executor-thread-139353#
Step "Execute Task" finished#
#2026 09 21 12:04:44.022#Z#DEBUG#6a48e96a-b5b4-11f1-b631-eeee0a9b49e1.OPERATION#flowable-async-job-executor-thread-139369#
[StageAppStep] Executing task "stageAppTask" of process "8a11a972-b5b4-11f1-8947-eeee0a817d23"...#
#2026 09 21 12:04:44.023#Z#DEBUG#6a48e96a-b5b4-11f1-b631-eeee0a9b49e1.OPERATION#flowable-async-job-executor-thread-139369#
[StageAppStep] Application stage timeout is default one: 3,600 seconds#
#2026 09 21 12:04:44.024#Z#DEBUG#6a48e96a-b5b4-11f1-b631-eeee0a9b49e1.OPERATION#flowable-async-job-executor-thread-139369#
[StageAppStep] Checking status of application "backend-srv"...#
#2026 09 21 12:04:44.024#Z#DEBUG#6a48e96a-b5b4-11f1-b631-eeee0a9b49e1.OPERATION#flowable-async-job-executor-thread-139369#
[StageAppStep] Getting build "f3ae9cb8-e816-469a-9347-d08a179db912"...#
#2026 09 21 12:04:44.053#Z#DEBUG#6a48e96a-b5b4-11f1-b631-eeee0a9b49e1.OPERATION#flowable-async-job-executor-thread-139369#
[StageAppStep] Staging status of application "backend-srv": STAGED#
#2026 09 21 12:04:44.054#Z#DEBUG#6a48e96a-b5b4-11f1-b631-eeee0a9b49e1.OPERATION#flowable-async-job-executor-thread-139369#
[StageAppStep] Getting application guid "backend-srv"...#
#2026 09 21 12:04:44.130#Z#DEBUG#6a48e96a-b5b4-11f1-b631-eeee0a9b49e1.OPERATION#flowable-async-job-executor-thread-139369#
[StageAppStep] Getting build "f3ae9cb8-e816-469a-9347-d08a179db912"...#
#2026 09 21 12:04:44.158#Z#DEBUG#6a48e96a-b5b4-11f1-b631-eeee0a9b49e1.OPERATION#flowable-async-job-executor-thread-139369#
[StageAppStep] Binding droplet "cbc753e4-af5a-4f76-a4dd-7e5af52168da" to application "4853978f-026d-4290-a090-6a760c3f3643"...#
#2026 09 21 12:04:44.211#Z#INFO#6a48e96a-b5b4-11f1-b631-eeee0a9b49e1.OPERATION#flowable-async-job-executor-thread-139369#
[StageAppStep] Application "backend-srv" staged#
#2026 09 21 12:04:44.215#Z#DEBUG#6a48e96a-b5b4-11f1-b631-eeee0a9b49e1.OPERATION#flowable-async-job-executor-thread-139369#
Step "Stage App" finished#
#2026 09 21 12:04:44.237#Z#DEBUG#6a48e96a-b5b4-11f1-b631-eeee0a9b49e1.OPERATION#flowable-async-job-executor-thread-139369#
[ExecuteTaskStep] Executing task "executeTaskTask" of process "8ff95a19-b5b4-11f1-a367-eeee0a83654e"...#
#2026 09 21 12:04:44.237#Z#DEBUG#6a48e96a-b5b4-11f1-b631-eeee0a9b49e1.OPERATION#flowable-async-job-executor-thread-139369#
[ExecuteTaskStep] Application task execution timeout is default one: 43,200 seconds#
#2026 09 21 12:04:44.238#Z#DEBUG#6a48e96a-b5b4-11f1-b631-eeee0a9b49e1.OPERATION#flowable-async-job-executor-thread-139369#
[ExecuteTaskStep] Getting task "b2a85a8f-f280-47bb-9b35-4d615ca66496"...#
#2026 09 21 12:04:44.264#Z#DEBUG#6a48e96a-b5b4-11f1-b631-eeee0a9b49e1.OPERATION#flowable-async-job-executor-thread-139369#
[ExecuteTaskStep] Task execution status: failed#
#2026 09 21 12:04:44.265#Z#DEBUG#6a48e96a-b5b4-11f1-b631-eeee0a9b49e1.OPERATION#flowable-async-job-executor-thread-139369#
[ExecuteTaskStep] Getting application guid "backend-db-deployer"...#
#2026 09 21 12:04:44.363#Z#ERROR#6a48e96a-b5b4-11f1-b631-eeee0a9b49e1.OPERATION#flowable-async-job-executor-thread-139369#
[ExecuteTaskStep] Execution of task "deploy" on application "backend-db-deployer" failed.#
#2026 09 21 12:04:44.368#Z#INFO#6a48e96a-b5b4-11f1-b631-eeee0a9b49e1.OPERATION#flowable-async-job-executor-thread-139369#
[ExecuteTaskStep] Download the MTA operation logs for more details.#
#2026 09 21 12:04:44.371#Z#DEBUG#6a48e96a-b5b4-11f1-b631-eeee0a9b49e1.OPERATION#flowable-async-job-executor-thread-139369#
Step "Execute Task" finished#
#2026 09 21 12:04:44.376#Z#DEBUG#6a48e96a-b5b4-11f1-b631-eeee0a9b49e1.OPERATION#flowable-async-job-executor-thread-139362#
[RestartAppStep] Executing task "startAppTask" of process "8a11a972-b5b4-11f1-8947-eeee0a817d23"...#
#2026 09 21 12:04:44.378#Z#DEBUG#6a48e96a-b5b4-11f1-b631-eeee0a9b49e1.OPERATION#flowable-async-job-executor-thread-139362#
[RestartAppStep] Application start timeout is default one: 3,600 seconds#
#2026 09 21 12:04:44.383#Z#DEBUG#6a48e96a-b5b4-11f1-b631-eeee0a9b49e1.OPERATION#flowable-async-job-executor-thread-139362#
[RestartAppStep] Getting application "backend-srv"...#
#2026 09 21 12:04:44.411#Z#INFO#6a48e96a-b5b4-11f1-b631-eeee0a9b49e1.OPERATION#flowable-async-job-executor-thread-139362#
[RestartAppStep] Starting application "backend-srv"...#
#2026 09 21 12:04:44.414#Z#DEBUG#6a48e96a-b5b4-11f1-b631-eeee0a9b49e1.OPERATION#flowable-async-job-executor-thread-139362#
[RestartAppStep] Starting application "backend-srv"...#
#2026 09 21 12:04:44.646#Z#DEBUG#6a48e96a-b5b4-11f1-b631-eeee0a9b49e1.OPERATION#flowable-async-job-executor-thread-139362#
Step "Start App" finished#
#2026 09 21 12:04:46.035#Z#DEBUG#6a48e96a-b5b4-11f1-b631-eeee0a9b49e1.OPERATION#flowable-async-job-executor-thread-86079#
[ExecuteTaskStep] Executing task "executeTaskTask" of process "8ff95a19-b5b4-11f1-a367-eeee0a83654e"...#
#2026 09 21 12:04:46.036#Z#DEBUG#6a48e96a-b5b4-11f1-b631-eeee0a9b49e1.OPERATION#flowable-async-job-executor-thread-86079#
[ExecuteTaskStep] Application task execution timeout is default one: 43,200 seconds#
#2026 09 21 12:04:46.038#Z#INFO#6a48e96a-b5b4-11f1-b631-eeee0a9b49e1.OPERATION#flowable-async-job-executor-thread-86079#
[ExecuteTaskStep] Executing task "deploy" on application "backend-db-deployer"...#
#2026 09 21 12:04:46.041#Z#DEBUG#6a48e96a-b5b4-11f1-b631-eeee0a9b49e1.OPERATION#flowable-async-job-executor-thread-86079#
[ExecuteTaskStep] Running task on application "backend-db-deployer": {
  "name" : "deploy",
  "command" : "npm start",
  "limits" : {
    "memory" : 256
  }
}#
#2026 09 21 12:04:46.317#Z#DEBUG#6a48e96a-b5b4-11f1-b631-eeee0a9b49e1.OPERATION#flowable-async-job-executor-thread-86079#
Step "Execute Task" finished#
#2026 09 21 12:04:54.292#Z#DEBUG#6a48e96a-b5b4-11f1-b631-eeee0a9b49e1.OPERATION#flowable-async-job-executor-thread-139373#
[ExecuteTaskStep] Executing task "executeTaskTask" of process "8ff95a19-b5b4-11f1-a367-eeee0a83654e"...#
#2026 09 21 12:04:54.293#Z#DEBUG#6a48e96a-b5b4-11f1-b631-eeee0a9b49e1.OPERATION#flowable-async-job-executor-thread-139373#
[ExecuteTaskStep] Application task execution timeout is default one: 43,200 seconds#
#2026 09 21 12:04:55.650#Z#DEBUG#6a48e96a-b5b4-11f1-b631-eeee0a9b49e1.OPERATION#flowable-async-job-executor-thread-139373#
[ExecuteTaskStep] Getting task "54c9c7e5-b7e1-477a-b3a7-1377c4f93219"...#
#2026 09 21 12:04:55.693#Z#DEBUG#6a48e96a-b5b4-11f1-b631-eeee0a9b49e1.OPERATION#flowable-async-job-executor-thread-139373#
[ExecuteTaskStep] Task execution status: failed#
#2026 09 21 12:04:55.694#Z#DEBUG#6a48e96a-b5b4-11f1-b631-eeee0a9b49e1.OPERATION#flowable-async-job-executor-thread-139373#
[ExecuteTaskStep] Getting application guid "backend-db-deployer"...#
#2026 09 21 12:04:55.777#Z#ERROR#6a48e96a-b5b4-11f1-b631-eeee0a9b49e1.OPERATION#flowable-async-job-executor-thread-139373#
[ExecuteTaskStep] Execution of task "deploy" on application "backend-db-deployer" failed.#
#2026 09 21 12:04:55.784#Z#INFO#6a48e96a-b5b4-11f1-b631-eeee0a9b49e1.OPERATION#flowable-async-job-executor-thread-139373#
[ExecuteTaskStep] Download the MTA operation logs for more details.#
#2026 09 21 12:04:55.787#Z#DEBUG#6a48e96a-b5b4-11f1-b631-eeee0a9b49e1.OPERATION#flowable-async-job-executor-thread-139373#
Step "Execute Task" finished#
#2026 09 21 12:04:54.002#Z#DEBUG#6a48e96a-b5b4-11f1-b631-eeee0a9b49e1.OPERATION#flowable-async-job-executor-thread-139370#
[RestartAppStep] Executing task "startAppTask" of process "a246b699-b5b4-11f1-8947-eeee0a817d23"...#
#2026 09 21 12:04:54.007#Z#DEBUG#6a48e96a-b5b4-11f1-b631-eeee0a9b49e1.OPERATION#flowable-async-job-executor-thread-139370#
[RestartAppStep] Application start timeout is default one: 3,600 seconds#
#2026 09 21 12:04:55.651#Z#DEBUG#6a48e96a-b5b4-11f1-b631-eeee0a9b49e1.OPERATION#flowable-async-job-executor-thread-139370#
[RestartAppStep] Checking status of application "backend-srv"...#
#2026 09 21 12:04:55.651#Z#DEBUG#6a48e96a-b5b4-11f1-b631-eeee0a9b49e1.OPERATION#flowable-async-job-executor-thread-139370#
[RestartAppStep] Getting application "backend-srv"...#
#2026 09 21 12:04:55.708#Z#DEBUG#6a48e96a-b5b4-11f1-b631-eeee0a9b49e1.OPERATION#flowable-async-job-executor-thread-139370#
[RestartAppStep] Getting instances for application "backend-srv"...#
#2026 09 21 12:04:55.775#Z#DEBUG#6a48e96a-b5b4-11f1-b631-eeee0a9b49e1.OPERATION#flowable-async-job-executor-thread-139370#
[RestartAppStep] Application "backend-srv": 0 of 1 instances running (1 starting)#
#2026 09 21 12:04:55.812#Z#DEBUG#6a48e96a-b5b4-11f1-b631-eeee0a9b49e1.OPERATION#flowable-async-job-executor-thread-139370#
Step "Start App" finished#
#2026 09 21 12:04:58.435#Z#DEBUG#6a48e96a-b5b4-11f1-b631-eeee0a9b49e1.OPERATION#flowable-async-job-executor-thread-86083#
[ExecuteTaskStep] Executing task "executeTaskTask" of process "8ff95a19-b5b4-11f1-a367-eeee0a83654e"...#
#2026 09 21 12:04:58.436#Z#DEBUG#6a48e96a-b5b4-11f1-b631-eeee0a9b49e1.OPERATION#flowable-async-job-executor-thread-86083#
[ExecuteTaskStep] Application task execution timeout is default one: 43,200 seconds#
#2026 09 21 12:04:58.438#Z#INFO#6a48e96a-b5b4-11f1-b631-eeee0a9b49e1.OPERATION#flowable-async-job-executor-thread-86083#
[ExecuteTaskStep] Executing task "deploy" on application "backend-db-deployer"...#
#2026 09 21 12:04:58.443#Z#DEBUG#6a48e96a-b5b4-11f1-b631-eeee0a9b49e1.OPERATION#flowable-async-job-executor-thread-86083#
[ExecuteTaskStep] Running task on application "backend-db-deployer": {
  "name" : "deploy",
  "command" : "npm start",
  "limits" : {
    "memory" : 256
  }
}#
#2026 09 21 12:04:58.753#Z#DEBUG#6a48e96a-b5b4-11f1-b631-eeee0a9b49e1.OPERATION#flowable-async-job-executor-thread-86083#
Step "Execute Task" finished#
#2026 09 21 12:05:04.081#Z#DEBUG#6a48e96a-b5b4-11f1-b631-eeee0a9b49e1.OPERATION#flowable-async-job-executor-thread-86095#
[RestartAppStep] Executing task "startAppTask" of process "a8eef840-b5b4-11f1-8947-eeee0a817d23"...#
#2026 09 21 12:05:04.083#Z#DEBUG#6a48e96a-b5b4-11f1-b631-eeee0a9b49e1.OPERATION#flowable-async-job-executor-thread-86095#
[RestartAppStep] Application start timeout is default one: 3,600 seconds#
#2026 09 21 12:05:04.083#Z#DEBUG#6a48e96a-b5b4-11f1-b631-eeee0a9b49e1.OPERATION#flowable-async-job-executor-thread-86095#
[RestartAppStep] Checking status of application "backend-srv"...#
#2026 09 21 12:05:04.084#Z#DEBUG#6a48e96a-b5b4-11f1-b631-eeee0a9b49e1.OPERATION#flowable-async-job-executor-thread-86095#
[RestartAppStep] Getting instances for application "backend-srv"...#
#2026 09 21 12:05:04.146#Z#DEBUG#6a48e96a-b5b4-11f1-b631-eeee0a9b49e1.OPERATION#flowable-async-job-executor-thread-86095#
[RestartAppStep] Application "backend-srv": 1 of 1 instances running (1 running)#
#2026 09 21 12:05:04.175#Z#DEBUG#6a48e96a-b5b4-11f1-b631-eeee0a9b49e1.OPERATION#flowable-async-job-executor-thread-86095#
[RestartAppStep] Getting routes for application "4853978f-026d-4290-a090-6a760c3f3643"...#
#2026 09 21 12:05:04.210#Z#INFO#6a48e96a-b5b4-11f1-b631-eeee0a9b49e1.OPERATION#flowable-async-job-executor-thread-86095#
[RestartAppStep] Application "backend-srv" started and available at "c876a150trial-dev-backend-srv.cfapps.us10-001.hana.ondemand.com"#
#2026 09 21 12:05:04.217#Z#DEBUG#6a48e96a-b5b4-11f1-b631-eeee0a9b49e1.OPERATION#flowable-async-job-executor-thread-86095#
Step "Start App" finished#
#2026 09 21 12:05:04.190#Z#DEBUG#6a48e96a-b5b4-11f1-b631-eeee0a9b49e1.OPERATION#flowable-async-job-executor-thread-139379#
[ExecuteTaskStep] Executing task "executeTaskTask" of process "8ff95a19-b5b4-11f1-a367-eeee0a83654e"...#
#2026 09 21 12:05:04.191#Z#DEBUG#6a48e96a-b5b4-11f1-b631-eeee0a9b49e1.OPERATION#flowable-async-job-executor-thread-139379#
[ExecuteTaskStep] Application task execution timeout is default one: 43,200 seconds#
#2026 09 21 12:05:06.626#Z#DEBUG#6a48e96a-b5b4-11f1-b631-eeee0a9b49e1.OPERATION#flowable-async-job-executor-thread-139379#
[ExecuteTaskStep] Getting task "667fc983-95bf-451f-a1bf-491a872255bc"...#
#2026 09 21 12:05:06.669#Z#DEBUG#6a48e96a-b5b4-11f1-b631-eeee0a9b49e1.OPERATION#flowable-async-job-executor-thread-139379#
[ExecuteTaskStep] Task execution status: failed#
#2026 09 21 12:05:06.670#Z#DEBUG#6a48e96a-b5b4-11f1-b631-eeee0a9b49e1.OPERATION#flowable-async-job-executor-thread-139379#
[ExecuteTaskStep] Getting application guid "backend-db-deployer"...#
#2026 09 21 12:05:06.749#Z#ERROR#6a48e96a-b5b4-11f1-b631-eeee0a9b49e1.OPERATION#flowable-async-job-executor-thread-139379#
[ExecuteTaskStep] Execution of task "deploy" on application "backend-db-deployer" failed.#
#2026 09 21 12:05:06.754#Z#INFO#6a48e96a-b5b4-11f1-b631-eeee0a9b49e1.OPERATION#flowable-async-job-executor-thread-139379#
[ExecuteTaskStep] Download the MTA operation logs for more details.#
#2026 09 21 12:05:06.756#Z#DEBUG#6a48e96a-b5b4-11f1-b631-eeee0a9b49e1.OPERATION#flowable-async-job-executor-thread-139379#
Step "Execute Task" finished#
#2026 09 21 12:05:14.116#Z#DEBUG#6a48e96a-b5b4-11f1-b631-eeee0a9b49e1.OPERATION#flowable-async-job-executor-thread-139386#
[RestartAppStep] Executing task "startAppTask" of process "adf177fd-b5b4-11f1-a367-eeee0a83654e"...#
#2026 09 21 12:05:14.119#Z#DEBUG#6a48e96a-b5b4-11f1-b631-eeee0a9b49e1.OPERATION#flowable-async-job-executor-thread-139386#
[RestartAppStep] Application start timeout is default one: 3,600 seconds#
#2026 09 21 12:05:14.120#Z#DEBUG#6a48e96a-b5b4-11f1-b631-eeee0a9b49e1.OPERATION#flowable-async-job-executor-thread-139386#
Step "Start App" finished#
#2026 09 21 12:05:14.363#Z#DEBUG#6a48e96a-b5b4-11f1-b631-eeee0a9b49e1.OPERATION#flowable-async-job-executor-thread-139387#
[PrepareToExecuteTasksStep] Executing task "prepareToExecuteTasksTask" of process "b3ecfee2-b5b4-11f1-8947-eeee0a817d23"...#
#2026 09 21 12:05:14.364#Z#DEBUG#6a48e96a-b5b4-11f1-b631-eeee0a9b49e1.OPERATION#flowable-async-job-executor-thread-139387#
Step "Prepare To Execute Tasks" finished#
#2026 09 21 12:05:14.444#Z#DEBUG#6a48e96a-b5b4-11f1-b631-eeee0a9b49e1.OPERATION#flowable-async-job-executor-thread-139382#
[PublishConfigurationEntriesStep] Executing task "publishProvidedDependenciesTask" of process "b3d816e9-b5b4-11f1-8947-eeee0a817d23"...#
#2026 09 21 12:05:14.445#Z#DEBUG#6a48e96a-b5b4-11f1-b631-eeee0a9b49e1.OPERATION#flowable-async-job-executor-thread-139382#
[PublishConfigurationEntriesStep] Publishing public provided dependencies for application "backend-srv"...#
#2026 09 21 12:05:14.445#Z#DEBUG#6a48e96a-b5b4-11f1-b631-eeee0a9b49e1.OPERATION#flowable-async-job-executor-thread-139382#
[PublishConfigurationEntriesStep] No public provided dependencies for publishing#
#2026 09 21 12:05:14.445#Z#DEBUG#6a48e96a-b5b4-11f1-b631-eeee0a9b49e1.OPERATION#flowable-async-job-executor-thread-139382#
Step "Publish Provided Dependencies" finished#
#2026 09 21 12:05:14.489#Z#DEBUG#6a48e96a-b5b4-11f1-b631-eeee0a9b49e1.OPERATION#flowable-async-job-executor-thread-139388#
[CreateOrUpdateServiceBrokerStep] Executing task "createOrUpdateServiceBrokerTask" of process "b3d816e9-b5b4-11f1-8947-eeee0a817d23"...#
#2026 09 21 12:05:14.489#Z#DEBUG#6a48e96a-b5b4-11f1-b631-eeee0a9b49e1.OPERATION#flowable-async-job-executor-thread-139388#
[CreateOrUpdateServiceBrokerStep] Creating service brokers...#
#2026 09 21 12:05:14.490#Z#DEBUG#6a48e96a-b5b4-11f1-b631-eeee0a9b49e1.OPERATION#flowable-async-job-executor-thread-139388#
Step "Create Or Update Service Broker " finished#
